address,size,module,game,decorated,name
0x00401000,0,,0,_DirectDrawEnumerateExA@12,
0x00401006,0,,0,_DirectDrawCreateEx@16,
0x004022D0,0,,0,_DirectSoundCreate@12,
0x004022D6,0,,0,_DirectXFileCreate@4,
0x00402300,441,d3dapp.obj,1,?Initialize3DEnvironment@CD3DApplication@@AAEJXZ,CD3DApplication::Initialize3DEnvironment
0x004024C0,393,d3dapp.obj,1,?Change3DEnvironment@CD3DApplication@@AAEJXZ,CD3DApplication::Change3DEnvironment
0x00402650,684,d3dapp.obj,1,?Render3DEnvironment@CD3DApplication@@AAEJXZ,CD3DApplication::Render3DEnvironment
0x00402900,129,d3dapp.obj,1,?Cleanup3DEnvironment@CD3DApplication@@AAEXXZ,CD3DApplication::Cleanup3DEnvironment
0x00402990,928,d3dapp.obj,1,?DisplayFrameworkError@CD3DApplication@@AAEXJK@Z,CD3DApplication::DisplayFrameworkError
0x00402D30,33,d3dapp.obj,1,?OnQuerySuspend@CD3DApplication@@MAEJK@Z,CD3DApplication::OnQuerySuspend
0x00402D60,33,d3dapp.obj,1,?OnResumeSuspend@CD3DApplication@@MAEJK@Z,CD3DApplication::OnResumeSuspend
0x00402D90,258,d3dapp.obj,1,?SetViewParams@CD3DApplication@@IAEXPAU_D3DVECTOR@@00M@Z,CD3DApplication::SetViewParams
0x00402EA0,294,d3dapp.obj,1,?UpdateStats@CD3DApplication@@IAEXXZ,CD3DApplication::UpdateStats
0x00402FD0,269,d3dapp.obj,1,?OutputText@CD3DApplication@@IAEXKKPAD@Z,CD3DApplication::OutputText
0x004030E0,884,d3dapp.obj,1,?Create@CD3DApplication@@UAEJPAUHINSTANCE__@@PAD@Z,CD3DApplication::Create
0x00403460,241,d3dapp.obj,1,?Run@CD3DApplication@@UAEHXZ,CD3DApplication::Run
0x00403560,1480,d3dapp.obj,1,?MsgProc@CD3DApplication@@UAEJPAUHWND__@@IIJ@Z,CD3DApplication::MsgProc
0x00403B30,177,d3dapp.obj,1,?Pause@CD3DApplication@@UAEXH@Z,CD3DApplication::Pause
0x00403BF0,342,d3dapp.obj,1,??0CD3DApplication@@QAE@XZ,CD3DApplication::CD3DApplication
0x00403D50,17,d3dapp.obj,1,?GetHWND@CD3DApplication@@QBEPAUHWND__@@XZ,CD3DApplication::GetHWND
0x00403D70,17,d3dapp.obj,1,?GetD3DDevice@CD3DApplication@@QBEPAUIDirect3DDevice7@@XZ,CD3DApplication::GetD3DDevice
0x00403D90,17,d3dapp.obj,1,?GetDDraw@CD3DApplication@@QBEPAUIDirectDraw7@@XZ,CD3DApplication::GetDDraw
0x00403DB0,17,d3dapp.obj,1,?GetBackBuffer@CD3DApplication@@QBEPAUIDirectDrawSurface7@@XZ,CD3DApplication::GetBackBuffer
0x00403DD0,22,d3dapp.obj,1,?GetScreenWidth@CD3DApplication@@QBEHXZ,CD3DApplication::GetScreenWidth
0x00403DF0,22,d3dapp.obj,1,?GetScreenHeight@CD3DApplication@@QBEHXZ,CD3DApplication::GetScreenHeight
0x00403E10,31,d3dapp.obj,1,?GetFPS@CD3DApplication@@QBEHXZ,CD3DApplication::GetFPS
0x00403E30,36,d3dapp.obj,1,?DisplayFPS@CD3DApplication@@QBEHXZ,CD3DApplication::DisplayFPS
0x00403F10,14,d3dapp.obj,1,??0_D3DMATRIX@@QAE@XZ,_D3DMATRIX::_D3DMATRIX
0x00403F20,54,d3dapp.obj,1,??0_D3DVECTOR@@QAE@MMM@Z,_D3DVECTOR::_D3DVECTOR
0x00403F60,14,d3dapp.obj,1,??0_D3DVECTOR@@QAE@XZ,_D3DVECTOR::_D3DVECTOR
0x00403F70,22,d3dapp.obj,1,??A_D3DVECTOR@@QAEAAMH@Z,_D3DVECTOR::operator[]
0x00403F90,22,d3dapp.obj,1,??A_D3DVECTOR@@QBEABMH@Z,_D3DVECTOR::operator[]
0x00403FB0,72,d3dapp.obj,1,??D@YA?AU_D3DVECTOR@@ABU0@M@Z,operator*
0x00404000,80,d3dapp.obj,1,??G@YA?AU_D3DVECTOR@@ABU0@0@Z,operator-
0x00404050,80,d3dapp.obj,1,??H@YA?AU_D3DVECTOR@@ABU0@0@Z,operator+
0x004040A0,72,d3dapp.obj,1,??K@YA?AU_D3DVECTOR@@ABU0@M@Z,operator/
0x004040F0,46,d3dapp.obj,1,??_GCD3DFramework7@@QAEPAXI@Z,CD3DFramework7::`scalar deleting destructor'
0x00404120,337,d3dapp.obj,1,?CrossProduct@@YA?AU_D3DVECTOR@@ABU1@0@Z,CrossProduct
0x00404280,13,d3dapp.obj,1,?DeleteDeviceObjects@CD3DApplication@@MAEJXZ,CD3DApplication::DeleteDeviceObjects
0x00404290,13,d3dapp.obj,1,?FinalCleanup@CD3DApplication@@MAEJXZ,CD3DApplication::FinalCleanup
0x004042A0,15,d3dapp.obj,1,?FrameMove@CD3DApplication@@MAEJK@Z,CD3DApplication::FrameMove
0x004042B0,17,d3dapp.obj,1,?GetD3DDevice@CD3DFramework7@@QAEPAUIDirect3DDevice7@@XZ,CD3DFramework7::GetD3DDevice
0x004042D0,17,d3dapp.obj,1,?GetDirect3D@CD3DFramework7@@QAEPAUIDirect3D7@@XZ,CD3DFramework7::GetDirect3D
0x004042F0,17,d3dapp.obj,1,?GetDirectDraw@CD3DFramework7@@QAEPAUIDirectDraw7@@XZ,CD3DFramework7::GetDirectDraw
0x00404310,17,d3dapp.obj,1,?GetRenderSurface@CD3DFramework7@@QAEPAUIDirectDrawSurface7@@XZ,CD3DFramework7::GetRenderSurface
0x00404330,17,d3dapp.obj,1,?GetRenderSurfaceLeft@CD3DFramework7@@QAEPAUIDirectDrawSurface7@@XZ,CD3DFramework7::GetRenderSurfaceLeft
0x00404350,13,d3dapp.obj,1,?InitDeviceObjects@CD3DApplication@@MAEJXZ,CD3DApplication::InitDeviceObjects
0x00404360,37,d3dapp.obj,1,?Magnitude@@YAMABU_D3DVECTOR@@@Z,Magnitude
0x00404390,36,d3dapp.obj,1,?Normalize@@YA?AU_D3DVECTOR@@ABU1@@Z,Normalize
0x004043C0,13,d3dapp.obj,1,?OneTimeSceneInit@CD3DApplication@@MAEJXZ,CD3DApplication::OneTimeSceneInit
0x004043D0,13,d3dapp.obj,1,?Render@CD3DApplication@@MAEJXZ,CD3DApplication::Render
0x004043E0,13,d3dapp.obj,1,?RestoreSurfaces@CD3DApplication@@MAEJXZ,CD3DApplication::RestoreSurfaces
0x004043F0,70,d3dapp.obj,1,?SquareMagnitude@@YAMABU_D3DVECTOR@@@Z,SquareMagnitude
0x00404440,10,d3dapp.obj,1,___local_stdio_printf_options,__local_stdio_printf_options
0x00404450,80,d3dapp.obj,1,__vsnprintf_l,_vsnprintf_l
0x004044A0,31,d3dapp.obj,1,__vsprintf_l,_vsprintf_l
0x004044C0,51,d3dapp.obj,1,_sprintf,sprintf
0x00404500,61,d3denum.obj,1,?D3DEnum_EnumerateDevices@@YAJP6AJPAU_DDCAPS_DX7@@PAU_D3DDeviceDesc7@@@Z@Z,D3DEnum_EnumerateDevices
0x00404540,104,d3denum.obj,1,?D3DEnum_FreeResources@@YAXXZ,D3DEnum_FreeResources
0x004045B0,37,d3denum.obj,1,?D3DEnum_GetDevices@@YAXPAPAUD3DEnum_DeviceInfo@@PAK@Z,D3DEnum_GetDevices
0x004045E0,406,d3denum.obj,1,?D3DEnum_SelectDefaultDevice@@YAJPAPAUD3DEnum_DeviceInfo@@K@Z,D3DEnum_SelectDefaultDevice
0x00404780,55,d3denum.obj,1,?D3DEnum_UserChangeDevice@@YAJPAPAUD3DEnum_DeviceInfo@@@Z,D3DEnum_UserChangeDevice
0x004047C0,55,d3denum.obj,1,?D3DEnum_UserChangeDeviceOnDesktop@@YAJPAPAUD3DEnum_DeviceInfo@@@Z,D3DEnum_UserChangeDeviceOnDesktop
0x00404800,144,d3denum.obj,1,?SortModesCallback@@YAHPBX0@Z,SortModesCallback
0x00405800,47,d3denum.obj,1,_==,==
0x00405830,49,d3denum.obj,1,_IsEqualGUID,IsEqualGUID
0x00405870,48,d3dfile.obj,1,?AddNext@CD3DFileObject@@QAEXPAV1@@Z,CD3DFileObject::AddNext
0x004058A0,48,d3dfile.obj,1,?AddChild@CD3DFileObject@@QAEXPAV1@@Z,CD3DFileObject::AddChild
0x004058D0,140,d3dfile.obj,1,?SetNormals@CD3DFileObject@@QAEXPAU_D3DVECTOR@@@Z,CD3DFileObject::SetNormals
0x00405960,112,d3dfile.obj,1,?SetTextureCoords@CD3DFileObject@@QAEXPAM@Z,CD3DFileObject::SetTextureCoords
0x004059D0,110,d3dfile.obj,1,?SetMaterialData@CD3DFileObject@@QAEXKPAU_D3DMATERIAL7@@PAD@Z,CD3DFileObject::SetMaterialData
0x00405A40,332,d3dfile.obj,1,?AddFace@CD3DFileObject@@QAEXKPAKK@Z,CD3DFileObject::AddFace
0x00405B90,778,d3dfile.obj,1,?ComputeNormals@CD3DFileObject@@QAEJXZ,CD3DFileObject::ComputeNormals
0x00405EA0,472,d3dfile.obj,1,?SetMeshGeometry@CD3DFileObject@@QAEJPAU_D3DVECTOR@@KPAKK@Z,CD3DFileObject::SetMeshGeometry
0x00406080,95,d3dfile.obj,1,?GetMeshGeometry@CD3DFileObject@@QAEJPAPAU_D3DVERTEX@@PAKPAPAG1@Z,CD3DFileObject::GetMeshGeometry
0x004060E0,464,d3dfile.obj,1,?Render@CD3DFileObject@@QAEXPAUIDirect3DDevice7@@H@Z,CD3DFileObject::Render
0x004062B0,209,d3dfile.obj,1,?EnumObjects@CD3DFileObject@@QAEHP6AHPAV1@PAU_D3DMATRIX@@PAX@Z12@Z,CD3DFileObject::EnumObjects
0x00406390,292,d3dfile.obj,1,??0CD3DFileObject@@QAE@PAD@Z,CD3DFileObject::CD3DFileObject
0x004064C0,227,d3dfile.obj,1,??1CD3DFileObject@@QAE@XZ,CD3DFileObject::~CD3DFileObject
0x004065B0,63,d3dfile.obj,1,?GetMeshVertices@CD3DFile@@QAEJPADPAPAU_D3DVERTEX@@PAK@Z,CD3DFile::GetMeshVertices
0x004065F0,63,d3dfile.obj,1,?GetMeshIndices@CD3DFile@@QAEJPADPAPAGPAK@Z,CD3DFile::GetMeshIndices
0x00406630,63,d3dfile.obj,1,?FindObject@CD3DFile@@QAEPAVCD3DFileObject@@PAD@Z,CD3DFile::FindObject
0x00406670,90,d3dfile.obj,1,?EnumObjects@CD3DFile@@QAEXP6AHPAVCD3DFileObject@@PAU_D3DMATRIX@@PAX@Z12@Z,CD3DFile::EnumObjects
0x004066D0,32,d3dfile.obj,1,?Scale@CD3DFile@@QAEXM@Z,CD3DFile::Scale
0x004066F0,32,d3dfile.obj,1,?Shift@CD3DFile@@QAEXU_D3DVECTOR@@@Z,CD3DFile::Shift
0x00406710,32,d3dfile.obj,1,?RotateX@CD3DFile@@QAEXM@Z,CD3DFile::RotateX
0x00406730,32,d3dfile.obj,1,?RotateY@CD3DFile@@QAEXM@Z,CD3DFile::RotateY
0x00406750,32,d3dfile.obj,1,?RotateZ@CD3DFile@@QAEXM@Z,CD3DFile::RotateZ
0x00406770,103,d3dfile.obj,1,?GetBoxMin@CD3DFile@@QAEXAAU_D3DVECTOR@@@Z,CD3DFile::GetBoxMin
0x004067E0,103,d3dfile.obj,1,?GetBoxMax@CD3DFile@@QAEXAAU_D3DVECTOR@@@Z,CD3DFile::GetBoxMax
0x00406850,906,d3dfile.obj,1,?LoadFromFile@CD3DFile@@QAEJPAD@Z,CD3DFile::LoadFromFile
0x00406BE0,593,d3dfile.obj,1,?LoadFromResource@CD3DFile@@QAEJG@Z,CD3DFile::LoadFromResource
0x00406E40,394,d3dfile.obj,1,?Render@CD3DFile@@QAEJPAUIDirect3DDevice7@@@Z,CD3DFile::Render
0x00406FD0,23,d3dfile.obj,1,??0CD3DFile@@QAE@XZ,CD3DFile::CD3DFile
0x00406FF0,66,d3dfile.obj,1,??1CD3DFile@@QAE@XZ,CD3DFile::~CD3DFile
0x00407040,54,d3dfile.obj,1,?GetFace@@YAPAKPAKK@Z,GetFace
0x00407080,75,d3dfile.obj,1,?GetNumIndices@@YAKPAKK@Z,GetNumIndices
0x004070D0,530,d3dfile.obj,1,?ParseMaterial@@YAJPAUIDirectXFileData@@PAVCD3DFileObject@@K@Z,ParseMaterial
0x004072F0,334,d3dfile.obj,1,?ParseMeshMaterialList@@YAJPAUIDirectXFileData@@PAVCD3DFileObject@@@Z,ParseMeshMaterialList
0x00407440,1063,d3dfile.obj,1,?ParseMesh@@YAJPAUIDirectXFileData@@PAVCD3DFileObject@@@Z,ParseMesh
0x00407870,659,d3dfile.obj,1,?ParseFrame@@YAJPAUIDirectXFileData@@PAVCD3DFileObject@@@Z,ParseFrame
0x00407B10,177,d3dfile.obj,1,?ScaleMeshCB@@YAHPAVCD3DFileObject@@PAU_D3DMATRIX@@PAX@Z,ScaleMeshCB
0x00407BD0,188,d3dfile.obj,1,?ShiftMeshCB@@YAHPAVCD3DFileObject@@PAU_D3DMATRIX@@PAX@Z,ShiftMeshCB
0x00407C90,154,d3dfile.obj,1,?RotateXMeshCB@@YAHPAVCD3DFileObject@@PAU_D3DMATRIX@@PAX@Z,RotateXMeshCB
0x00407D30,154,d3dfile.obj,1,?RotateYMeshCB@@YAHPAVCD3DFileObject@@PAU_D3DMATRIX@@PAX@Z,RotateYMeshCB
0x00407DD0,154,d3dfile.obj,1,?RotateZMeshCB@@YAHPAVCD3DFileObject@@PAU_D3DMATRIX@@PAX@Z,RotateZMeshCB
0x00407E70,206,d3dfile.obj,1,?GetBoxMinMeshCB@@YAHPAVCD3DFileObject@@PAU_D3DMATRIX@@PAX@Z,GetBoxMinMeshCB
0x00407F40,206,d3dfile.obj,1,?GetBoxMaxMeshCB@@YAHPAVCD3DFileObject@@PAU_D3DMATRIX@@PAX@Z,GetBoxMaxMeshCB
0x00408010,57,d3dfile.obj,1,?FindMeshCB@@YAHPAVCD3DFileObject@@PAU_D3DMATRIX@@PAX@Z,FindMeshCB
0x00408050,14,d3dfile.obj,1,??0_D3DVERTEX@@QAE@XZ,_D3DVERTEX::_D3DVERTEX
0x00408060,228,d3dfile.obj,1,??D@YA?AU_D3DMATRIX@@ABU0@0@Z,operator*
0x00408150,28,d3dfile.obj,1,??R_D3DMATRIX@@QAEAAMHH@Z,_D3DMATRIX::operator()
0x00408170,28,d3dfile.obj,1,??R_D3DMATRIX@@QBEABMHH@Z,_D3DMATRIX::operator()
0x00408190,85,d3dfile.obj,1,??Y_D3DVECTOR@@QAEAAU0@ABU0@@Z,_D3DVECTOR::operator+=
0x004081F0,49,d3dfile.obj,1,??_GCD3DFileObject@@QAEPAXI@Z,CD3DFileObject::`scalar deleting destructor'
0x00408230,48,d3dfile.obj,1,??_H@YGXPAXIIP6EPAX0@Z@Z,`vector constructor iterator'
0x00408260,200,d3dfile.obj,1,?D3DUtil_SetIdentityMatrix@@YAXAAU_D3DMATRIX@@@Z,D3DUtil_SetIdentityMatrix
0x00408330,14,d3dfile.obj,1,?GetName@CD3DFileObject@@QAEPADXZ,CD3DFileObject::GetName
0x00408340,33,d3dfile.obj,1,?SetMatrix@CD3DFileObject@@QAEXPAU_D3DMATRIX@@@Z,CD3DFileObject::SetMatrix
0x00408370,517,d3dframe.obj,1,?CreateZBuffer@CD3DFramework7@@AAEJPAU_GUID@@@Z,CD3DFramework7::CreateZBuffer
0x00408580,707,d3dframe.obj,1,?CreateFullscreenBuffers@CD3DFramework7@@AAEJPAU_DDSURFACEDESC2@@@Z,CD3DFramework7::CreateFullscreenBuffers
0x00408850,582,d3dframe.obj,1,?CreateWindowedBuffers@CD3DFramework7@@AAEJXZ,CD3DFramework7::CreateWindowedBuffers
0x00408AA0,293,d3dframe.obj,1,?CreateClipperForBackBuffer@CD3DFramework7@@AAEJXZ,CD3DFramework7::CreateClipperForBackBuffer
0x00408BD0,256,d3dframe.obj,1,?CreateDirectDraw@CD3DFramework7@@AAEJPAU_GUID@@K@Z,CD3DFramework7::CreateDirectDraw
0x00408CD0,219,d3dframe.obj,1,?CreateDirect3D@CD3DFramework7@@AAEJPAU_GUID@@@Z,CD3DFramework7::CreateDirect3D
0x00408DB0,255,d3dframe.obj,1,?CreateEnvironment@CD3DFramework7@@AAEJPAU_GUID@@0PAU_DDSURFACEDESC2@@K@Z,CD3DFramework7::CreateEnvironment
0x00408EB0,33,d3dframe.obj,1,?RestoreSurfaces@CD3DFramework7@@QAEJXZ,CD3DFramework7::RestoreSurfaces
0x00408EE0,144,d3dframe.obj,1,?ShowFrame@CD3DFramework7@@QAEJXZ,CD3DFramework7::ShowFrame
0x00408F70,92,d3dframe.obj,1,?FlipToGDISurface@CD3DFramework7@@QAEJH@Z,CD3DFramework7::FlipToGDISurface
0x00408FD0,65,d3dframe.obj,1,?Move@CD3DFramework7@@QAEXHH@Z,CD3DFramework7::Move
0x00409020,190,d3dframe.obj,1,?Initialize@CD3DFramework7@@QAEJPAUHWND__@@PAU_GUID@@1PAU_DDSURFACEDESC2@@K@Z,CD3DFramework7::Initialize
0x004090E0,374,d3dframe.obj,1,?DestroyObjects@CD3DFramework7@@QAEJXZ,CD3DFramework7::DestroyObjects
0x00409260,143,d3dframe.obj,1,??0CD3DFramework7@@QAE@XZ,CD3DFramework7::CD3DFramework7
0x004092F0,66,d3dframe.obj,1,??1CD3DFramework7@@QAE@XZ,CD3DFramework7::~CD3DFramework7
0x00409340,17,d3dframe.obj,1,?GetRenderWidth@CD3DFramework7@@QBEKXZ,CD3DFramework7::GetRenderWidth
0x00409360,17,d3dframe.obj,1,?GetRenderHeight@CD3DFramework7@@QBEKXZ,CD3DFramework7::GetRenderHeight
0x004093C0,252,d3dmath.obj,1,?D3DMath_MatrixMultiply@@YAXAAU_D3DMATRIX@@00@Z,D3DMath_MatrixMultiply
0x004094C0,1109,d3dmath.obj,1,?D3DMath_MatrixInvert@@YAJAAU_D3DMATRIX@@0@Z,D3DMath_MatrixInvert
0x00409920,382,d3dmath.obj,1,?D3DMath_VectorMatrixMultiply@@YAJAAU_D3DVECTOR@@0AAU_D3DMATRIX@@@Z,D3DMath_VectorMatrixMultiply
0x00409AA0,95,d3dmath.obj,1,?D3DMath_VertexMatrixMultiply@@YAJAAU_D3DVERTEX@@0AAU_D3DMATRIX@@@Z,D3DMath_VertexMatrixMultiply
0x00409B00,191,d3dmath.obj,1,?D3DMath_QuaternionFromRotation@@YAXAAM000AAU_D3DVECTOR@@M@Z,D3DMath_QuaternionFromRotation
0x00409BC0,201,d3dmath.obj,1,?D3DMath_RotationFromQuaternion@@YAXAAU_D3DVECTOR@@AAMMMMM@Z,D3DMath_RotationFromQuaternion
0x00409C90,354,d3dmath.obj,1,?D3DMath_QuaternionFromAngles@@YAXAAM000MMM@Z,D3DMath_QuaternionFromAngles
0x00409E00,496,d3dmath.obj,1,?D3DMath_MatrixFromQuaternion@@YAXAAU_D3DMATRIX@@MMMM@Z,D3DMath_MatrixFromQuaternion
0x00409FF0,756,d3dmath.obj,1,?D3DMath_QuaternionFromMatrix@@YAXAAM000AAU_D3DMATRIX@@@Z,D3DMath_QuaternionFromMatrix
0x0040A2F0,300,d3dmath.obj,1,?D3DMath_QuaternionMultiply@@YAXAAM000MMMMMMMM@Z,D3DMath_QuaternionMultiply
0x0040A420,499,d3dmath.obj,1,?D3DMath_QuaternionSlerp@@YAXAAM000MMMMMMMMM@Z,D3DMath_QuaternionSlerp
0x0040A620,35,d3dmath.obj,1,_acosf,acosf
0x0040A650,35,d3dmath.obj,1,_cosf,cosf
0x0040A680,35,d3dmath.obj,1,_sinf,sinf
0x0040A6B0,35,d3dmath.obj,1,_sqrtf,sqrtf
0x0040A6E0,53,d3dtextr.obj,1,?D3DTextr_GetSurface@@YAPAUIDirectDrawSurface7@@G@Z,D3DTextr_GetSurface
0x0040A720,78,d3dtextr.obj,1,?D3DTextr_Invalidate@@YAJG@Z,D3DTextr_Invalidate
0x0040A770,49,d3dtextr.obj,1,?D3DTextr_Restore@@YAJGPAUIDirect3DDevice7@@@Z,D3DTextr_Restore
0x0040A7B0,74,d3dtextr.obj,1,?D3DTextr_InvalidateAllTextures@@YAJXZ,D3DTextr_InvalidateAllTextures
0x0040A800,55,d3dtextr.obj,1,?D3DTextr_RestoreAllTextures@@YAJPAUIDirect3DDevice7@@@Z,D3DTextr_RestoreAllTextures
0x0040A840,300,d3dtextr.obj,1,?D3DTextr_CreateTextureFromResource@@YAJGKK@Z,D3DTextr_CreateTextureFromResource
0x0040A970,257,d3dtextr.obj,1,?D3DTextr_CreateEmptyTexture@@YAJGKKKK@Z,D3DTextr_CreateEmptyTexture
0x0040AA80,79,d3dtextr.obj,1,?D3DTextr_DestroyTexture@@YAJG@Z,D3DTextr_DestroyTexture
0x0040AAD0,69,d3dtextr.obj,1,?LoadImageData@TextureContainer@@QAEJXZ,TextureContainer::LoadImageData
0x0040AB20,1169,d3dtextr.obj,1,?Restore@TextureContainer@@QAEJPAUIDirect3DDevice7@@@Z,TextureContainer::Restore
0x0040AFC0,1634,d3dtextr.obj,1,?CopyBitmapToSurface@TextureContainer@@QAEJXZ,TextureContainer::CopyBitmapToSurface
0x0040B630,1418,d3dtextr.obj,1,?CopyRGBADataToSurface@TextureContainer@@QAEJXZ,TextureContainer::CopyRGBADataToSurface
0x0040BBC0,144,d3dtextr.obj,1,??0TextureContainer@@QAE@GKK@Z,TextureContainer::TextureContainer
0x0040BC50,238,d3dtextr.obj,1,??1TextureContainer@@UAE@XZ,TextureContainer::~TextureContainer
0x0040BEB0,14,d3dtextr.obj,1,??0CD3DTextureManager@@QAE@XZ,CD3DTextureManager::CD3DTextureManager
0x0040BEC0,62,d3dtextr.obj,1,??1CD3DTextureManager@@QAE@XZ,CD3DTextureManager::~CD3DTextureManager
0x0040BF00,46,d3dtextr.obj,1,??_ETextureContainer@@UAEPAXI@Z,TextureContainer::`scalar deleting destructor'
0x0040BF00,46,d3dtextr.obj,1,??_GTextureContainer@@UAEPAXI@Z,TextureContainer::`scalar deleting destructor'
0x0040BF30,137,d3dutil.obj,1,?D3DUtil_GetDXSDKMediaPath@@YAPBDXZ,D3DUtil_GetDXSDKMediaPath
0x0040BFC0,58,d3dutil.obj,1,?D3DUtil_InitSurfaceDesc@@YAXAAU_DDSURFACEDESC2@@KK@Z,D3DUtil_InitSurfaceDesc
0x0040C000,124,d3dutil.obj,1,?D3DUtil_InitMaterial@@YAXAAU_D3DMATERIAL7@@MMMM@Z,D3DUtil_InitMaterial
0x0040C080,235,d3dutil.obj,1,?D3DUtil_InitLight@@YAXAAU_D3DLIGHT7@@W4_D3DLIGHTTYPE@@MMM@Z,D3DUtil_InitLight
0x0040C170,231,d3dutil.obj,1,?D3DUtil_InitLight@@YAXAAU_D3DLIGHT7@@W4_D3DLIGHTTYPE@@MMMMM@Z,D3DUtil_InitLight
0x0040C260,744,d3dutil.obj,1,?D3DUtil_SetViewMatrix@@YAJAAU_D3DMATRIX@@AAU_D3DVECTOR@@11@Z,D3DUtil_SetViewMatrix
0x0040C550,441,d3dutil.obj,1,?D3DUtil_SetProjectionMatrix@@YAJAAU_D3DMATRIX@@MMMM@Z,D3DUtil_SetProjectionMatrix
0x0040C710,133,d3dutil.obj,1,?D3DUtil_SetRotateXMatrix@@YAXAAU_D3DMATRIX@@M@Z,D3DUtil_SetRotateXMatrix
0x0040C7A0,132,d3dutil.obj,1,?D3DUtil_SetRotateYMatrix@@YAXAAU_D3DMATRIX@@M@Z,D3DUtil_SetRotateYMatrix
0x0040C830,132,d3dutil.obj,1,?D3DUtil_SetRotateZMatrix@@YAXAAU_D3DMATRIX@@M@Z,D3DUtil_SetRotateZMatrix
0x0040C8C0,565,d3dutil.obj,1,?D3DUtil_SetRotationMatrix@@YAXAAU_D3DMATRIX@@AAU_D3DVECTOR@@M@Z,D3DUtil_SetRotationMatrix
0x0040CB00,143,d3dutil.obj,1,?_DbgOut@@YAJPADKJ0@Z,_DbgOut
0x0040CB90,72,d3dutil.obj,1,??D@YA?AU_D3DVECTOR@@MABU0@@Z,operator*
0x0040CBE0,77,d3dutil.obj,1,??_0_D3DVECTOR@@QAEAAU0@M@Z,_D3DVECTOR::operator/=
0x0040CC30,70,d3dutil.obj,1,?DotProduct@@YAMABU_D3DVECTOR@@0@Z,DotProduct
0x0040CC80,938,ddutil.obj,1,_DDLoadPalette,DDLoadPalette
0x0040D030,324,ddutil.obj,1,_DDLoadBitmap,DDLoadBitmap
0x0040D180,156,ddutil.obj,1,_DDReLoadBitmap,DDReLoadBitmap
0x0040D220,376,ddutil.obj,1,_DDCopyBitmap,DDCopyBitmap
0x0040D3A0,342,ddutil.obj,1,_DDColorMatch,DDColorMatch
0x0040D500,55,ddutil.obj,1,_DDSetColorKey,DDSetColorKey
0x0040D540,200,JAscii.obj,1,??0JNumber@@QAE@PAVJSurfaceList@@GH@Z,JNumber::JNumber
0x0040D610,82,JAscii.obj,1,??1JNumber@@UAE@XZ,JNumber::~JNumber
0x0040D670,31,JAscii.obj,1,?SetPosition@JNumber@@QAEXHH@Z,JNumber::SetPosition
0x0040D690,22,JAscii.obj,1,?SetDisplayZero@JNumber@@QAEXH@Z,JNumber::SetDisplayZero
0x0040D6B0,22,JAscii.obj,1,?SetNumDigits@JNumber@@QAEXH@Z,JNumber::SetNumDigits
0x0040D6D0,22,JAscii.obj,1,?SetNumber@JNumber@@QAEXH@Z,JNumber::SetNumber
0x0040D6F0,319,JAscii.obj,1,?Draw@JNumber@@QAEXPAUIDirectDrawSurface7@@@Z,JNumber::Draw
0x0040D830,17,JAscii.obj,1,?GetPosX@JNumber@@QBEHXZ,JNumber::GetPosX
0x0040D850,17,JAscii.obj,1,?GetPosY@JNumber@@QBEHXZ,JNumber::GetPosY
0x0040D870,30,JAscii.obj,1,?GetDigitWidth@JNumber@@QBEHXZ,JNumber::GetDigitWidth
0x0040D890,26,JAscii.obj,1,?GetWidth@JNumber@@QBEHXZ,JNumber::GetWidth
0x0040D8B0,22,JAscii.obj,1,?GetHeight@JNumber@@QBEHXZ,JNumber::GetHeight
0x0040D8D0,46,JAscii.obj,1,??_EJNumber@@UAEPAXI@Z,JNumber::`scalar deleting destructor'
0x0040D8D0,46,JAscii.obj,1,??_GJNumber@@UAEPAXI@Z,JNumber::`scalar deleting destructor'
0x0040D900,228,JDinput.obj,1,??0JDInput@@QAE@PAUHWND__@@@Z,JDInput::JDInput
0x0040D9F0,75,JDinput.obj,1,??1JDInput@@UAE@XZ,JDInput::~JDInput
0x0040DA40,101,JDinput.obj,1,?Create@JDInput@@QAEHXZ,JDInput::Create
0x0040DAB0,192,JDinput.obj,1,?Destroy@JDInput@@QAEXXZ,JDInput::Destroy
0x0040DB70,467,JDinput.obj,1,?UpdateInputState@JDInput@@QAEXXZ,JDInput::UpdateInputState
0x0040DD50,88,JDinput.obj,1,?SetAcquireKeyboard@JDInput@@QAEXH@Z,JDInput::SetAcquireKeyboard
0x0040DDB0,41,JDinput.obj,1,?GetKeyboardState@JDInput@@QAEHH@Z,JDInput::GetKeyboardState
0x0040DDE0,86,JDinput.obj,1,?GetKeyboardPressed@JDInput@@QAEHH@Z,JDInput::GetKeyboardPressed
0x0040DE40,86,JDinput.obj,1,?GetKeyboardReleased@JDInput@@QAEHH@Z,JDInput::GetKeyboardReleased
0x0040DEA0,460,JDinput.obj,1,?GetKeyboardBuffer@JDInput@@QAEXAAVJString@@@Z,JDInput::GetKeyboardBuffer
0x0040E070,134,JDinput.obj,1,?ClearKeyboardBuffer@JDInput@@QAEXXZ,JDInput::ClearKeyboardBuffer
0x0040E100,136,JDinput.obj,1,?SetAcquireJoystick@JDInput@@QAEXH@Z,JDInput::SetAcquireJoystick
0x0040E190,57,JDinput.obj,1,?GetJoyButtonState@JDInput@@QAEHHH@Z,JDInput::GetJoyButtonState
0x0040E1D0,110,JDinput.obj,1,?GetJoyButtonPressed@JDInput@@QAEHHH@Z,JDInput::GetJoyButtonPressed
0x0040E240,110,JDinput.obj,1,?GetJoyButtonReleased@JDInput@@QAEHHH@Z,JDInput::GetJoyButtonReleased
0x0040E2B0,237,JDinput.obj,1,?GetJoyDirState@JDInput@@QAEHHH@Z,JDInput::GetJoyDirState
0x0040E3A0,91,JDinput.obj,1,?GetJoyDirPressed@JDInput@@QAEHHH@Z,JDInput::GetJoyDirPressed
0x0040E400,91,JDinput.obj,1,?GetJoyDirReleased@JDInput@@QAEHHH@Z,JDInput::GetJoyDirReleased
0x0040E460,269,JDinput.obj,1,?_CreateKeyboard@JDInput@@IAEHXZ,JDInput::_CreateKeyboard
0x0040E570,159,JDinput.obj,1,?_CreateJoystick@JDInput@@IAEHXZ,JDInput::_CreateJoystick
0x0040E610,237,JDinput.obj,1,?_GetJoyDirStatePrev@JDInput@@IAEHHH@Z,JDInput::_GetJoyDirStatePrev
0x0040E700,618,JDinput.obj,1,?ConvertKeyCodeToAscii@@YADK@Z,ConvertKeyCodeToAscii
0x0040E970,470,JDinput.obj,1,?EnumJoysticksCallback@@YGHPBUDIDEVICEINSTANCEA@@PAX@Z,EnumJoysticksCallback
0x0040EB50,49,JDinput.obj,1,??_EJDInput@@UAEPAXI@Z,JDInput::`scalar deleting destructor'
0x0040EB50,49,JDinput.obj,1,??_GJDInput@@UAEPAXI@Z,JDInput::`scalar deleting destructor'
0x0040EB90,43,JList.obj,1,??0JBaseList@@QAE@XZ,JBaseList::JBaseList
0x0040EBC0,75,JList.obj,1,??1JBaseList@@UAE@XZ,JBaseList::~JBaseList
0x0040EC10,35,JList.obj,1,?GetData@JBaseList@@QBEPAXK@Z,JBaseList::GetData
0x0040EC40,17,JList.obj,1,?Count@JBaseList@@QBEKXZ,JBaseList::Count
0x0040EC60,41,JList.obj,1,?IsEmpty@JBaseList@@QBE_NXZ,JBaseList::IsEmpty
0x0040EC90,107,JList.obj,1,?Append@JBaseList@@QAEXPAX@Z,JBaseList::Append
0x0040ED00,119,JList.obj,1,?InsertBefore@JBaseList@@QAEXKPAX@Z,JBaseList::InsertBefore
0x0040ED80,118,JList.obj,1,?Remove@JBaseList@@QAEXK@Z,JBaseList::Remove
0x0040EE00,85,JList.obj,1,?Empty@JBaseList@@QAEXXZ,JBaseList::Empty
0x0040EE60,17,JList.obj,1,?GetFirstItem@JBaseList@@QBEPAUListItem@@XZ,JBaseList::GetFirstItem
0x0040EE80,58,JList.obj,1,?GetLastItem@JBaseList@@IBEPAUListItem@@XZ,JBaseList::GetLastItem
0x0040EEC0,62,JList.obj,1,?GetItemAt@JBaseList@@IBEPAUListItem@@K@Z,JBaseList::GetItemAt
0x0040EF00,46,JList.obj,1,??_EJBaseList@@UAEPAXI@Z,JBaseList::`scalar deleting destructor'
0x0040EF00,46,JList.obj,1,??_GJBaseList@@UAEPAXI@Z,JBaseList::`scalar deleting destructor'
0x0040EF30,166,JMidi.obj,1,??0JMidiList@@QAE@PAUHWND__@@@Z,JMidiList::JMidiList
0x0040EFE0,82,JMidi.obj,1,??1JMidiList@@UAE@XZ,JMidiList::~JMidiList
0x0040F040,106,JMidi.obj,1,?Append@JMidiList@@QAEXPBD@Z,JMidiList::Append
0x0040F0B0,201,JMidi.obj,1,?Play@JMidiList@@QAEXH@Z,JMidiList::Play
0x0040F180,49,JMidi.obj,1,?Replay@JMidiList@@QAEXXZ,JMidiList::Replay
0x0040F1C0,35,JMidi.obj,1,?Pause@JMidiList@@QAEXXZ,JMidiList::Pause
0x0040F1F0,45,JMidi.obj,1,?Resume@JMidiList@@QAEXXZ,JMidiList::Resume
0x0040F220,26,JMidi.obj,1,?Stop@JMidiList@@QAEXXZ,JMidiList::Stop
0x0040F240,119,JMidi.obj,1,?PlayMidi@@YAHPAUHWND__@@PBD@Z,PlayMidi
0x0040F2C0,35,JMidi.obj,1,?PauseMidi@@YAHXZ,PauseMidi
0x0040F2F0,37,JMidi.obj,1,?ResumeMidi@@YAHPAUHWND__@@@Z,ResumeMidi
0x0040F320,35,JMidi.obj,1,?StopMidi@@YAHXZ,StopMidi
0x0040F350,37,JMidi.obj,1,?ReplayMidi@@YAHPAUHWND__@@@Z,ReplayMidi
0x0040F380,46,JMidi.obj,1,??_EJMidiList@@UAEPAXI@Z,JMidiList::`scalar deleting destructor'
0x0040F380,46,JMidi.obj,1,??_GJMidiList@@UAEPAXI@Z,JMidiList::`scalar deleting destructor'
0x0040F3B0,135,JObject3D.obj,1,??0JObject3DList@@QAE@XZ,JObject3DList::JObject3DList
0x0040F440,137,JObject3D.obj,1,??1JObject3DList@@UAE@XZ,JObject3DList::~JObject3DList
0x0040F4D0,28,JObject3D.obj,1,?Append@JObject3DList@@QAEXPAVJObject3DBase@@@Z,JObject3DList::Append
0x0040F4F0,113,JObject3D.obj,1,?Empty@JObject3DList@@QAEXXZ,JObject3DList::Empty
0x0040F570,86,JObject3D.obj,1,?Remove@JObject3DList@@QBEXK@Z,JObject3DList::Remove
0x0040F5D0,22,JObject3D.obj,1,?Count@JObject3DList@@QBEKXZ,JObject3DList::Count
0x0040F5F0,28,JObject3D.obj,1,?GetAt@JObject3DList@@QBEPAVJObject3DBase@@K@Z,JObject3DList::GetAt
0x0040F610,83,JObject3D.obj,1,?Render@JObject3DList@@QAEXXZ,JObject3DList::Render
0x0040F670,132,JObject3D.obj,1,??0JObject3DBase@@QAE@PAVCD3DApplication@@@Z,JObject3DBase::JObject3DBase
0x0040F700,20,JObject3D.obj,1,??1JObject3DBase@@UAE@XZ,JObject3DBase::~JObject3DBase
0x0040F720,38,JObject3D.obj,1,?SetWorldPos@JObject3DBase@@QAEXABU_D3DVECTOR@@@Z,JObject3DBase::SetWorldPos
0x0040F750,68,JObject3D.obj,1,?SetWorldPos@JObject3DBase@@QAEXW4JAXIS@@M@Z,JObject3DBase::SetWorldPos
0x0040F7A0,60,JObject3D.obj,1,?ShiftWorldPos@JObject3DBase@@QAEXABU_D3DVECTOR@@@Z,JObject3DBase::ShiftWorldPos
0x0040F7E0,92,JObject3D.obj,1,?ShiftWorldPos@JObject3DBase@@QAEXW4JAXIS@@M@Z,JObject3DBase::ShiftWorldPos
0x0040F840,70,JObject3D.obj,1,?ShiftWorldPos_OnGround@JObject3DBase@@QAEXXZ,JObject3DBase::ShiftWorldPos_OnGround
0x0040F890,41,JObject3D.obj,1,?GetWorldPos@JObject3DBase@@QBE?AU_D3DVECTOR@@XZ,JObject3DBase::GetWorldPos
0x0040F8C0,26,JObject3D.obj,1,?SetCollisionRadius@JObject3DBase@@QAEXM@Z,JObject3DBase::SetCollisionRadius
0x0040F8E0,81,JObject3D.obj,1,?CheckCollisionRadius@JObject3DBase@@QAEHPAV1@@Z,JObject3DBase::CheckCollisionRadius
0x0040F940,84,JObject3D.obj,1,?ScaleTo@JObject3DBase@@QAEXM@Z,JObject3DBase::ScaleTo
0x0040F9A0,155,JObject3D.obj,1,?RotateTo@JObject3DBase@@QAEXW4JAXIS@@M@Z,JObject3DBase::RotateTo
0x0040FA40,11,JObject3D.obj,1,?_SetRenderState@JObject3DBase@@MAEXXZ,JObject3DBase::_SetRenderState
0x0040FA50,11,JObject3D.obj,1,?_ResetRenderState@JObject3DBase@@MAEXXZ,JObject3DBase::_ResetRenderState
0x0040FA60,109,JObject3D.obj,1,?_SetWorldTransform@JObject3DBase@@IAEXXZ,JObject3DBase::_SetWorldTransform
0x0040FAD0,67,JObject3D.obj,1,?_ResetWorldTransform@JObject3DBase@@IAEXXZ,JObject3DBase::_ResetWorldTransform
0x0040FB20,273,JObject3D.obj,1,??0JObject3DX@@QAE@PAVCD3DApplication@@G@Z,JObject3DX::JObject3DX
0x0040FC40,124,JObject3D.obj,1,??1JObject3DX@@UAE@XZ,JObject3DX::~JObject3DX
0x0040FCC0,95,JObject3D.obj,1,?Shift@JObject3DX@@UAEXABU_D3DVECTOR@@@Z,JObject3DX::Shift
0x0040FD20,103,JObject3D.obj,1,?ScaleBy@JObject3DX@@UAEXM@Z,JObject3DX::ScaleBy
0x0040FD90,298,JObject3D.obj,1,?RotateBy@JObject3DX@@UAEXW4JAXIS@@M@Z,JObject3DX::RotateBy
0x0040FEC0,191,JObject3D.obj,1,?GetBox@JObject3DX@@UAEXAAU_D3DVECTOR@@0@Z,JObject3DX::GetBox
0x0040FF80,99,JObject3D.obj,1,?Render@JObject3DX@@UAEXXZ,JObject3DX::Render
0x0040FFF0,203,JObject3D.obj,1,?AppendExtraFrame@JObject3DX@@QAEXG@Z,JObject3DX::AppendExtraFrame
0x004100C0,22,JObject3D.obj,1,?SetCurrentFrame@JObject3DX@@QAEXH@Z,JObject3DX::SetCurrentFrame
0x004100E0,22,JObject3D.obj,1,?SetFlatShade@JObject3DX@@QAEXH@Z,JObject3DX::SetFlatShade
0x00410100,115,JObject3D.obj,1,?_SetRenderState@JObject3DX@@MAEXXZ,JObject3DX::_SetRenderState
0x00410180,50,JObject3D.obj,1,?_ResetRenderState@JObject3DX@@MAEXXZ,JObject3DX::_ResetRenderState
0x004101C0,568,JObject3D.obj,1,??0JObject3D@@QAE@PAVCD3DApplication@@KK@Z,JObject3D::JObject3D
0x00410400,110,JObject3D.obj,1,??1JObject3D@@UAE@XZ,JObject3D::~JObject3D
0x00410470,168,JObject3D.obj,1,?Shift@JObject3D@@UAEXABU_D3DVECTOR@@@Z,JObject3D::Shift
0x00410520,218,JObject3D.obj,1,?ScaleBy@JObject3D@@UAEXM@Z,JObject3D::ScaleBy
0x00410600,528,JObject3D.obj,1,?RotateBy@JObject3D@@UAEXW4JAXIS@@M@Z,JObject3D::RotateBy
0x00410810,477,JObject3D.obj,1,?GetBox@JObject3D@@UAEXAAU_D3DVECTOR@@0@Z,JObject3D::GetBox
0x004109F0,219,JObject3D.obj,1,?Render@JObject3D@@UAEXXZ,JObject3D::Render
0x00410AD0,24,JObject3D.obj,1,?SetTexture@JObject3D@@UAEXGMMMM@Z,JObject3D::SetTexture
0x00410AF0,93,JObject3D.obj,1,?SetColor@JObject3D@@QAEXGGGG@Z,JObject3D::SetColor
0x00410B50,99,JObject3D.obj,1,?SetAlpha@JObject3D@@QAEXG@Z,JObject3D::SetAlpha
0x00410BC0,59,JObject3D.obj,1,?SetAlphaFactor@JObject3D@@QAEXM@Z,JObject3D::SetAlphaFactor
0x00410C00,17,JObject3D.obj,1,?GetVertexCount@JObject3D@@QBEKXZ,JObject3D::GetVertexCount
0x00410C20,44,JObject3D.obj,1,?GetVertexAt@JObject3D@@QBE?AU_D3DLVERTEX@@K@Z,JObject3D::GetVertexAt
0x00410C50,41,JObject3D.obj,1,?SetVertexAt@JObject3D@@QAEXKU_D3DLVERTEX@@@Z,JObject3D::SetVertexAt
0x00410C80,17,JObject3D.obj,1,?GetIndexCount@JObject3D@@QBEKXZ,JObject3D::GetIndexCount
0x00410CA0,26,JObject3D.obj,1,?GetIndexAt@JObject3D@@QBEGK@Z,JObject3D::GetIndexAt
0x00410CC0,30,JObject3D.obj,1,?SetIndexAt@JObject3D@@QAEXKG@Z,JObject3D::SetIndexAt
0x00410CE0,22,JObject3D.obj,1,?UsePerspective@JObject3D@@QAEXH@Z,JObject3D::UsePerspective
0x00410D00,25,JObject3D.obj,1,?SetAlphaState@JObject3D@@QAEXW4ALPHA_STATE@1@@Z,JObject3D::SetAlphaState
0x00410D20,25,JObject3D.obj,1,?SetFilterState@JObject3D@@QAEXW4FILTER_STATE@1@@Z,JObject3D::SetFilterState
0x00410D40,1917,JObject3D.obj,1,?_SetRenderState@JObject3D@@MAEXXZ,JObject3D::_SetRenderState
0x004114C0,697,JObject3D.obj,1,?_ResetRenderState@JObject3D@@MAEXXZ,JObject3D::_ResetRenderState
0x00411780,527,JObject3D.obj,1,??0JObject3D_Rect@@QAE@PAVCD3DApplication@@MM@Z,JObject3D_Rect::JObject3D_Rect
0x00411990,28,JObject3D.obj,1,??1JObject3D_Rect@@UAE@XZ,JObject3D_Rect::~JObject3D_Rect
0x004119B0,342,JObject3D.obj,1,?SetTexture@JObject3D_Rect@@UAEXGMMMM@Z,JObject3D_Rect::SetTexture
0x00411B10,225,JObject3D.obj,1,?Render2@JObject3D_Rect@@UAEXABU_D3DMATRIX@@@Z,JObject3D_Rect::Render2
0x00411C00,138,JObject3D.obj,1,?_SetWorldTransform2@JObject3D_Rect@@IAEXABU_D3DMATRIX@@@Z,JObject3D_Rect::_SetWorldTransform2
0x00411C90,145,JObject3D.obj,1,??0JObject3D_Shadow@@QAE@PAVCD3DApplication@@MM@Z,JObject3D_Shadow::JObject3D_Shadow
0x00411D30,28,JObject3D.obj,1,??1JObject3D_Shadow@@UAE@XZ,JObject3D_Shadow::~JObject3D_Shadow
0x00411D50,169,JObject3D.obj,1,??0JObject3D_Particle@@QAE@PAVCD3DApplication@@MM@Z,JObject3D_Particle::JObject3D_Particle
0x00411E00,28,JObject3D.obj,1,??1JObject3D_Particle@@UAE@XZ,JObject3D_Particle::~JObject3D_Particle
0x00411E20,39,JObject3D.obj,1,?SetLVertexFromVector@@YAXAAU_D3DLVERTEX@@ABU_D3DVECTOR@@@Z,SetLVertexFromVector
0x00411E50,39,JObject3D.obj,1,?SetLVertexFromVertex@@YAXAAU_D3DLVERTEX@@ABU_D3DVERTEX@@@Z,SetLVertexFromVertex
0x00411E80,39,JObject3D.obj,1,?SetVertexFromLVertex@@YAXAAU_D3DVERTEX@@ABU_D3DLVERTEX@@@Z,SetVertexFromLVertex
0x00411EB0,14,JObject3D.obj,1,??0_D3DLVERTEX@@QAE@XZ,_D3DLVERTEX::_D3DLVERTEX
0x00411EC0,46,JObject3D.obj,1,??_GCD3DFile@@QAEPAXI@Z,CD3DFile::`scalar deleting destructor'
0x00411EF0,49,JObject3D.obj,1,??_EJObject3D@@UAEPAXI@Z,JObject3D::`scalar deleting destructor'
0x00411EF0,49,JObject3D.obj,1,??_GJObject3D@@UAEPAXI@Z,JObject3D::`scalar deleting destructor'
0x00411F30,46,JObject3D.obj,1,??_EJObject3DBase@@UAEPAXI@Z,JObject3DBase::`scalar deleting destructor'
0x00411F30,46,JObject3D.obj,1,??_GJObject3DBase@@UAEPAXI@Z,JObject3DBase::`scalar deleting destructor'
0x00411F60,46,JObject3D.obj,1,??_EJObject3DList@@UAEPAXI@Z,JObject3DList::`scalar deleting destructor'
0x00411F60,46,JObject3D.obj,1,??_GJObject3DList@@UAEPAXI@Z,JObject3DList::`scalar deleting destructor'
0x00411F90,46,JObject3D.obj,1,??_EJObject3DX@@UAEPAXI@Z,JObject3DX::`scalar deleting destructor'
0x00411F90,46,JObject3D.obj,1,??_GJObject3DX@@UAEPAXI@Z,JObject3DX::`scalar deleting destructor'
0x00411FC0,49,JObject3D.obj,1,??_EJObject3D_Particle@@UAEPAXI@Z,JObject3D_Particle::`scalar deleting destructor'
0x00411FC0,49,JObject3D.obj,1,??_GJObject3D_Particle@@UAEPAXI@Z,JObject3D_Particle::`scalar deleting destructor'
0x00412000,49,JObject3D.obj,1,??_EJObject3D_Rect@@UAEPAXI@Z,JObject3D_Rect::`scalar deleting destructor'
0x00412000,49,JObject3D.obj,1,??_GJObject3D_Rect@@UAEPAXI@Z,JObject3D_Rect::`scalar deleting destructor'
0x00412040,49,JObject3D.obj,1,??_EJObject3D_Shadow@@UAEPAXI@Z,JObject3D_Shadow::`scalar deleting destructor'
0x00412040,49,JObject3D.obj,1,??_GJObject3D_Shadow@@UAEPAXI@Z,JObject3D_Shadow::`scalar deleting destructor'
0x00412080,55,JObject3D.obj,1,?D3DUtil_SetScaleMatrix@@YAXAAU_D3DMATRIX@@MMM@Z,D3DUtil_SetScaleMatrix
0x004120C0,58,JObject3D.obj,1,?D3DUtil_SetTranslateMatrix@@YAXAAU_D3DMATRIX@@AAU_D3DVECTOR@@@Z,D3DUtil_SetTranslateMatrix
0x00412100,56,JObject3D.obj,1,?D3DUtil_SetTranslateMatrix@@YAXAAU_D3DMATRIX@@MMM@Z,D3DUtil_SetTranslateMatrix
0x00412140,170,JSound.obj,1,??0JSound@@QAE@PAUIDirectSound@@PADGK@Z,JSound::JSound
0x004121F0,167,JSound.obj,1,??0JSound@@QAE@PAUIDirectSound@@GK@Z,JSound::JSound
0x004122A0,214,JSound.obj,1,??1JSound@@UAE@XZ,JSound::~JSound
0x00412380,18,JSound.obj,1,?GetResId@JSound@@QBEGXZ,JSound::GetResId
0x004123A0,40,JSound.obj,1,?SetVolume@JSound@@QAEXE@Z,JSound::SetVolume
0x004123D0,251,JSound.obj,1,?Play@JSound@@QAEXH@Z,JSound::Play
0x004124D0,103,JSound.obj,1,?Stop@JSound@@QAEXXZ,JSound::Stop
0x00412540,289,JSound.obj,1,?CreateWaveData@JSound@@IAEXPAD@Z,JSound::CreateWaveData
0x00412670,350,JSound.obj,1,?CreateWaveData@JSound@@IAEXG@Z,JSound::CreateWaveData
0x004127D0,229,JSound.obj,1,?CreateDSBuffer@JSound@@IAEXXZ,JSound::CreateDSBuffer
0x004128C0,283,JSound.obj,1,?FillDSBuffer@JSound@@IAEXXZ,JSound::FillDSBuffer
0x004129E0,86,JSound.obj,1,??0JSoundList@@QAE@PAUHWND__@@@Z,JSoundList::JSoundList
0x00412A40,214,JSound.obj,1,??1JSoundList@@UAE@XZ,JSoundList::~JSoundList
0x00412B20,138,JSound.obj,1,?Create@JSoundList@@QAEHXZ,JSoundList::Create
0x00412BB0,177,JSound.obj,1,?CreateSound@JSoundList@@QAEXPADGK@Z,JSoundList::CreateSound
0x00412C70,173,JSound.obj,1,?CreateSound@JSoundList@@QAEXGK@Z,JSoundList::CreateSound
0x00412D20,87,JSound.obj,1,?Play@JSoundList@@QAEXGEH@Z,JSoundList::Play
0x00412D80,63,JSound.obj,1,?Stop@JSoundList@@QAEXG@Z,JSoundList::Stop
0x00412DC0,67,JSound.obj,1,?StopAll@JSoundList@@QAEXXZ,JSoundList::StopAll
0x00412E10,70,JSound.obj,1,?GetNullIndex@JSoundList@@IBEHXZ,JSoundList::GetNullIndex
0x00412E60,98,JSound.obj,1,?FindIndexOfResId@JSoundList@@IBEHG@Z,JSoundList::FindIndexOfResId
0x00412ED0,46,JSound.obj,1,??_EJSound@@UAEPAXI@Z,JSound::`scalar deleting destructor'
0x00412ED0,46,JSound.obj,1,??_GJSound@@UAEPAXI@Z,JSound::`scalar deleting destructor'
0x00412F00,49,JSound.obj,1,??_EJSoundList@@UAEPAXI@Z,JSoundList::`scalar deleting destructor'
0x00412F00,49,JSound.obj,1,??_GJSoundList@@UAEPAXI@Z,JSoundList::`scalar deleting destructor'
0x00412F40,185,JSprite.obj,1,??0JSprite@@QAE@PAVJSurfaceList@@GH@Z,JSprite::JSprite
0x00413000,20,JSprite.obj,1,??1JSprite@@UAE@XZ,JSprite::~JSprite
0x00413020,17,JSprite.obj,1,?GetPosX@JSprite@@QBEMXZ,JSprite::GetPosX
0x00413040,17,JSprite.obj,1,?GetPosY@JSprite@@QBEMXZ,JSprite::GetPosY
0x00413060,31,JSprite.obj,1,?GetPosIntX@JSprite@@QBEHXZ,JSprite::GetPosIntX
0x00413080,31,JSprite.obj,1,?GetPosIntY@JSprite@@QBEHXZ,JSprite::GetPosIntY
0x004130A0,34,JSprite.obj,1,?GetCenterIntX@JSprite@@QBEHXZ,JSprite::GetCenterIntX
0x004130D0,34,JSprite.obj,1,?GetCenterIntY@JSprite@@QBEHXZ,JSprite::GetCenterIntY
0x00413100,17,JSprite.obj,1,?GetWidth@JSprite@@QBEHXZ,JSprite::GetWidth
0x00413120,17,JSprite.obj,1,?GetHeight@JSprite@@QBEHXZ,JSprite::GetHeight
0x00413140,17,JSprite.obj,1,?GetCurrentFrame@JSprite@@QBEHXZ,JSprite::GetCurrentFrame
0x00413160,17,JSprite.obj,1,?GetNumFrames@JSprite@@QBEHXZ,JSprite::GetNumFrames
0x00413180,39,JSprite.obj,1,?SetPosition@JSprite@@QAEXHH@Z,JSprite::SetPosition
0x004131B0,26,JSprite.obj,1,?SetPosX@JSprite@@QAEXH@Z,JSprite::SetPosX
0x004131D0,26,JSprite.obj,1,?SetPosY@JSprite@@QAEXH@Z,JSprite::SetPosY
0x004131F0,34,JSprite.obj,1,?ShiftPosX@JSprite@@QAEXM@Z,JSprite::ShiftPosX
0x00413220,34,JSprite.obj,1,?ShiftPosY@JSprite@@QAEXM@Z,JSprite::ShiftPosY
0x00413250,69,JSprite.obj,1,?SetCenterPos@JSprite@@QAEXHH@Z,JSprite::SetCenterPos
0x004132A0,22,JSprite.obj,1,?SetCurrentFrame@JSprite@@QAEXH@Z,JSprite::SetCurrentFrame
0x004132C0,33,JSprite.obj,1,?IncrCurrentFrame@JSprite@@QAEXXZ,JSprite::IncrCurrentFrame
0x004132F0,31,JSprite.obj,1,?SetDrawSize@JSprite@@QAEXHH@Z,JSprite::SetDrawSize
0x00413310,335,JSprite.obj,1,?Draw@JSprite@@QAEXPAUIDirectDrawSurface7@@@Z,JSprite::Draw
0x00413460,47,JSprite.obj,1,?DrawScale@JSprite@@QAEXPAUIDirectDrawSurface7@@M@Z,JSprite::DrawScale
0x00413490,50,JSprite.obj,1,?DrawScaleX@JSprite@@QAEXPAUIDirectDrawSurface7@@M@Z,JSprite::DrawScaleX
0x004134D0,50,JSprite.obj,1,?DrawScaleY@JSprite@@QAEXPAUIDirectDrawSurface7@@M@Z,JSprite::DrawScaleY
0x00413510,349,JSprite.obj,1,?DrawScaleXY@JSprite@@QAEXPAUIDirectDrawSurface7@@MM@Z,JSprite::DrawScaleXY
0x00413670,46,JSprite.obj,1,??_EJSprite@@UAEPAXI@Z,JSprite::`scalar deleting destructor'
0x00413670,46,JSprite.obj,1,??_GJSprite@@UAEPAXI@Z,JSprite::`scalar deleting destructor'
0x004136A0,20,JStandard.obj,1,?Randomize@@YAXXZ,Randomize
0x004136C0,26,JStandard.obj,1,?Random@@YAJJ@Z,Random
0x004136E0,57,JStandard.obj,1,?Round@@YAJM@Z,Round
0x00413720,94,JStandard.obj,1,?D3DVectorMultiply@@YA?AU_D3DVECTOR@@ABU1@H@Z,D3DVectorMultiply
0x00413780,94,JStandard.obj,1,?D3DVectorMultiply@@YA?AU_D3DVECTOR@@ABU1@M@Z,D3DVectorMultiply
0x004137E0,159,JStandard.obj,1,?D3DFindDistance@@YAMABU_D3DVECTOR@@0@Z,D3DFindDistance
0x00413880,35,JStandard.obj,1,_fabsf,fabsf
0x004138B0,75,JString.obj,1,??0JString@@QAE@XZ,JString::JString
0x00413900,97,JString.obj,1,??0JString@@QAE@D@Z,JString::JString
0x00413970,140,JString.obj,1,??0JString@@QAE@PBD@Z,JString::JString
0x00413A00,113,JString.obj,1,??0JString@@QAE@H@Z,JString::JString
0x00413A80,47,JString.obj,1,??0JString@@QAE@ABV0@@Z,JString::JString
0x00413AB0,128,JString.obj,1,??4JString@@QAEABV0@ABV0@@Z,JString::operator=
0x00413B30,158,JString.obj,1,??YJString@@QAEABV0@D@Z,JString::operator+=
0x00413BD0,214,JString.obj,1,??YJString@@QAEABV0@ABV0@@Z,JString::operator+=
0x00413CB0,62,JString.obj,1,??1JString@@UAE@XZ,JString::~JString
0x00413CF0,17,JString.obj,1,?c_str@JString@@QBEPBDXZ,JString::c_str
0x00413D10,26,JString.obj,1,?Length@JString@@QBEIXZ,JString::Length
0x00413D30,86,JString.obj,1,?FindChar@JString@@QBEHDI@Z,JString::FindChar
0x00413D90,60,JString.obj,1,?IsEqualTo@JString@@QBEHABV1@@Z,JString::IsEqualTo
0x00413DD0,191,JString.obj,1,?ExtractString@JString@@QBE?AV1@II@Z,JString::ExtractString
0x00413E90,67,JString.obj,1,?ReplaceChar@JString@@QAEXDD@Z,JString::ReplaceChar
0x00413EE0,26,JString.obj,1,?ToUpper@JString@@QAEXXZ,JString::ToUpper
0x00413F00,26,JString.obj,1,?ToLower@JString@@QAEXXZ,JString::ToLower
0x00413F20,491,JString.obj,1,?Strip@JString@@QAEXW4StripType@1@D@Z,JString::Strip
0x00414110,129,JString.obj,1,??H@YA?AVJString@@ABV0@0@Z,operator+
0x004141A0,186,JString.obj,1,?ByteToHex@@YA?AVJString@@E@Z,ByteToHex
0x00414260,210,JString.obj,1,?HexToByte@@YAEABVJString@@@Z,HexToByte
0x00414340,39,JString.obj,1,?EncryptString@@YA?AVJString@@ABV1@0@Z,EncryptString
0x00414370,39,JString.obj,1,?DecryptString@@YA?AVJString@@ABV1@0@Z,DecryptString
0x004143A0,209,JString.obj,1,?GetJustPath@@YA?AVJString@@ABV1@@Z,GetJustPath
0x00414480,195,JString.obj,1,?GetCurrentPath@@YA?AVJString@@XZ,GetCurrentPath
0x00414550,409,JString.obj,1,?ConvertToFullPath@@YA?AVJString@@ABV1@H@Z,ConvertToFullPath
0x004146F0,94,JString.obj,1,?_ByteXOR@@YAXPBEPAEIABVJString@@@Z,_ByteXOR
0x00414750,46,JString.obj,1,??_EJString@@UAEPAXI@Z,JString::`scalar deleting destructor'
0x00414750,46,JString.obj,1,??_GJString@@UAEPAXI@Z,JString::`scalar deleting destructor'
0x00414780,21,JString.obj,1,?strchr@@YAPADQADH@Z,strchr
0x004147A0,34,JStringList.obj,1,??0JStringList@@QAE@XZ,JStringList::JStringList
0x004147D0,86,JStringList.obj,1,??1JStringList@@UAE@XZ,JStringList::~JStringList
0x00414830,22,JStringList.obj,1,?Count@JStringList@@QBEKXZ,JStringList::Count
0x00414850,22,JStringList.obj,1,?IsEmpty@JStringList@@QBE_NXZ,JStringList::IsEmpty
0x00414870,141,JStringList.obj,1,?Append@JStringList@@QAEXABVJString@@@Z,JStringList::Append
0x00414900,92,JStringList.obj,1,?Remove@JStringList@@QAEXK@Z,JStringList::Remove
0x00414960,122,JStringList.obj,1,?Empty@JStringList@@QAEXXZ,JStringList::Empty
0x004149E0,36,JStringList.obj,1,?GetString@JStringList@@QBEABVJString@@K@Z,JStringList::GetString
0x00414A10,394,JStringList.obj,1,?GetStringListFromResource@@YAHAAVJStringList@@H@Z,GetStringListFromResource
0x00414BA0,414,JStringList.obj,1,?GetStringListFromFile@@YAHAAVJStringList@@ABVJString@@@Z,GetStringListFromFile
0x00414D40,132,JStringList.obj,1,?PutStringListToFile@@YAHABVJStringList@@ABVJString@@@Z,PutStringListToFile
0x00414DD0,7,JStringList.obj,1,?GetStringListFromBinaryFile@@YAHAAVJStringList@@ABVJString@@@Z,GetStringListFromBinaryFile
0x00414DE0,7,JStringList.obj,1,?PutStringListToBinaryFile@@YAHABVJStringList@@ABVJString@@@Z,PutStringListToBinaryFile
0x00414DF0,46,JStringList.obj,1,??_EJStringList@@UAEPAXI@Z,JStringList::`scalar deleting destructor'
0x00414DF0,46,JStringList.obj,1,??_GJStringList@@UAEPAXI@Z,JStringList::`scalar deleting destructor'
0x00414E20,41,JStringList.obj,1,__vfprintf_l,_vfprintf_l
0x00414E50,51,JStringList.obj,1,_fprintf,fprintf
0x00414E90,102,JSurface.obj,1,??0JSurface@@QAE@PAVCD3DApplication@@GH@Z,JSurface::JSurface
0x00414F00,106,JSurface.obj,1,??1JSurface@@UAE@XZ,JSurface::~JSurface
0x00414F70,18,JSurface.obj,1,?GetResID@JSurface@@QBEGXZ,JSurface::GetResID
0x00414F90,17,JSurface.obj,1,?GetDDSurface@JSurface@@QBEPAUIDirectDrawSurface7@@XZ,JSurface::GetDDSurface
0x00414FB0,17,JSurface.obj,1,?GetWidth@JSurface@@QBEHXZ,JSurface::GetWidth
0x00414FD0,17,JSurface.obj,1,?GetHeight@JSurface@@QBEHXZ,JSurface::GetHeight
0x00414FF0,17,JSurface.obj,1,?UseColorKey@JSurface@@QBEHXZ,JSurface::UseColorKey
0x00415010,53,JSurface.obj,1,?SetColorKey@JSurface@@QAEXK@Z,JSurface::SetColorKey
0x00415050,88,JSurface.obj,1,?Restore@JSurface@@QAEHXZ,JSurface::Restore
0x004150B0,50,JSurface.obj,1,?Invalidate@JSurface@@QAEXXZ,JSurface::Invalidate
0x004150F0,90,JSurface.obj,1,?_Create@JSurface@@IAEXXZ,JSurface::_Create
0x00415150,146,JSurface.obj,1,??0JSurfaceList@@QAE@PAVCD3DApplication@@@Z,JSurfaceList::JSurfaceList
0x004151F0,137,JSurface.obj,1,??1JSurfaceList@@UAE@XZ,JSurfaceList::~JSurfaceList
0x00415280,190,JSurface.obj,1,?CreateSurface@JSurfaceList@@QAEHGH@Z,JSurfaceList::CreateSurface
0x00415340,121,JSurface.obj,1,?DestroySurface@JSurfaceList@@QAEXG@Z,JSurfaceList::DestroySurface
0x004153C0,129,JSurface.obj,1,?DestroyAllSurfaces@JSurfaceList@@QAEXXZ,JSurfaceList::DestroyAllSurfaces
0x00415450,80,JSurface.obj,1,?GetByResId@JSurfaceList@@QBEPAVJSurface@@G@Z,JSurfaceList::GetByResId
0x004154A0,48,JSurface.obj,1,?GetByIndex@JSurfaceList@@QBEPAVJSurface@@K@Z,JSurfaceList::GetByIndex
0x004154D0,98,JSurface.obj,1,?RestoreAllSurfaces@JSurfaceList@@QAEHXZ,JSurfaceList::RestoreAllSurfaces
0x00415540,75,JSurface.obj,1,?InvalidateAllSurfaces@JSurfaceList@@QAEXXZ,JSurfaceList::InvalidateAllSurfaces
0x00415590,97,JSurface.obj,1,?FindIndexOfResId@JSurfaceList@@IBEHG@Z,JSurfaceList::FindIndexOfResId
0x00415600,95,JSurface.obj,1,?FillBufferRect@@YAHPAUIDirectDrawSurface7@@PAUtagRECT@@K@Z,FillBufferRect
0x00415660,46,JSurface.obj,1,??_EJSurface@@UAEPAXI@Z,JSurface::`scalar deleting destructor'
0x00415660,46,JSurface.obj,1,??_GJSurface@@UAEPAXI@Z,JSurface::`scalar deleting destructor'
0x00415690,46,JSurface.obj,1,??_EJSurfaceList@@UAEPAXI@Z,JSurfaceList::`scalar deleting destructor'
0x00415690,46,JSurface.obj,1,??_GJSurfaceList@@UAEPAXI@Z,JSurfaceList::`scalar deleting destructor'
0x004156C0,33,JWinReg.obj,1,??0JWinReg@@QAE@XZ,JWinReg::JWinReg
0x004156F0,75,JWinReg.obj,1,??1JWinReg@@UAE@XZ,JWinReg::~JWinReg
0x00415740,92,JWinReg.obj,1,?Create@JWinReg@@QAEHPAUHKEY__@@ABVJString@@@Z,JWinReg::Create
0x004157A0,84,JWinReg.obj,1,?Open@JWinReg@@QAEHPAUHKEY__@@ABVJString@@@Z,JWinReg::Open
0x00415800,77,JWinReg.obj,1,?Close@JWinReg@@QAEHXZ,JWinReg::Close
0x00415850,103,JWinReg.obj,1,?SetString@JWinReg@@QAEHABVJString@@0@Z,JWinReg::SetString
0x004158C0,302,JWinReg.obj,1,?GetString@JWinReg@@QAEHABVJString@@AAV2@@Z,JWinReg::GetString
0x004159F0,90,JWinReg.obj,1,?SetBinary@JWinReg@@QAEHABVJString@@PBEK@Z,JWinReg::SetBinary
0x00415A50,178,JWinReg.obj,1,?GetBinary@JWinReg@@QAEHABVJString@@PAEK@Z,JWinReg::GetBinary
0x00415B10,88,JWinReg.obj,1,?SetByte@JWinReg@@QAEHABVJString@@ABE@Z,JWinReg::SetByte
0x00415B70,174,JWinReg.obj,1,?GetByte@JWinReg@@QAEHABVJString@@AAE@Z,JWinReg::GetByte
0x00415C20,40,JWinReg.obj,1,?SetWord@JWinReg@@QAEHABVJString@@ABG@Z,JWinReg::SetWord
0x00415C50,61,JWinReg.obj,1,?GetWord@JWinReg@@QAEHABVJString@@AAG@Z,JWinReg::GetWord
0x00415C90,88,JWinReg.obj,1,?SetDWord@JWinReg@@QAEHABVJString@@ABK@Z,JWinReg::SetDWord
0x00415CF0,174,JWinReg.obj,1,?GetDWord@JWinReg@@QAEHABVJString@@AAK@Z,JWinReg::GetDWord
0x00415DA0,78,JWinReg.obj,1,?DeleteValue@JWinReg@@QAEHABVJString@@@Z,JWinReg::DeleteValue
0x00415DF0,46,JWinReg.obj,1,??_EJWinReg@@UAEPAXI@Z,JWinReg::`scalar deleting destructor'
0x00415DF0,46,JWinReg.obj,1,??_GJWinReg@@UAEPAXI@Z,JWinReg::`scalar deleting destructor'
0x00415E20,231,XAppMain.obj,1,_WinMain@16,WinMain
0x00415F10,278,XAppMain.obj,1,??0XFPSDisplay@@QAE@PAVXApplication@@@Z,XFPSDisplay::XFPSDisplay
0x00416030,20,XAppMain.obj,1,??1XFPSDisplay@@UAE@XZ,XFPSDisplay::~XFPSDisplay
0x00416050,184,XAppMain.obj,1,?Render@XFPSDisplay@@QAEXXZ,XFPSDisplay::Render
0x00416110,432,XAppMain.obj,1,??0XApplication@@QAE@XZ,XApplication::XApplication
0x004162C0,88,XAppMain.obj,1,??1XApplication@@UAE@XZ,XApplication::~XApplication
0x00416320,253,XAppMain.obj,1,?LoadWinRegData@XApplication@@QAEXXZ,XApplication::LoadWinRegData
0x00416420,203,XAppMain.obj,1,?SaveWinRegData@XApplication@@QAEXXZ,XApplication::SaveWinRegData
0x004164F0,25,XAppMain.obj,1,?SetState@XApplication@@QAEXW4STATE@1@@Z,XApplication::SetState
0x00416510,28,XAppMain.obj,1,?GetCurrentWorld@XApplication@@QBEHXZ,XApplication::GetCurrentWorld
0x00416530,20,XAppMain.obj,1,?GetDInput@XApplication@@QBEPAVJDInput@@XZ,XApplication::GetDInput
0x00416550,20,XAppMain.obj,1,?GetMidiList@XApplication@@QBEPAVJMidiList@@XZ,XApplication::GetMidiList
0x00416570,20,XAppMain.obj,1,?GetSoundList@XApplication@@QBEPAVJSoundList@@XZ,XApplication::GetSoundList
0x00416590,20,XAppMain.obj,1,?GetSurfaceList@XApplication@@QBEPAVJSurfaceList@@XZ,XApplication::GetSurfaceList
0x004165B0,997,XAppMain.obj,1,?Create@XApplication@@UAEJPAUHINSTANCE__@@PAD@Z,XApplication::Create
0x004169A0,351,XAppMain.obj,1,?MsgProc@XApplication@@UAEJPAUHWND__@@IIJ@Z,XApplication::MsgProc
0x00416B00,251,XAppMain.obj,1,?OneTimeSceneInit@XApplication@@MAEJXZ,XApplication::OneTimeSceneInit
0x00416C00,452,XAppMain.obj,1,?InitDeviceObjects@XApplication@@MAEJXZ,XApplication::InitDeviceObjects
0x00416DD0,32,XAppMain.obj,1,?DeleteDeviceObjects@XApplication@@MAEJXZ,XApplication::DeleteDeviceObjects
0x00416DF0,155,XAppMain.obj,1,?Render@XApplication@@MAEJXZ,XApplication::Render
0x00416E90,1243,XAppMain.obj,1,?FrameMove@XApplication@@MAEJK@Z,XApplication::FrameMove
0x00417370,498,XAppMain.obj,1,?FinalCleanup@XApplication@@MAEJXZ,XApplication::FinalCleanup
0x00417570,27,XAppMain.obj,1,?RestoreSurfaces@XApplication@@MAEJXZ,XApplication::RestoreSurfaces
0x00417590,86,XAppMain.obj,1,?ConfirmDevice@XApplication@@KAJPAU_DDCAPS_DX7@@PAU_D3DDeviceDesc7@@@Z,XApplication::ConfirmDevice
0x004175F0,506,XAppMain.obj,1,?_DisableStickyKeys@XApplication@@IAEXXZ,XApplication::_DisableStickyKeys
0x004177F0,112,XAppMain.obj,1,?_RestoreStickyKeys@XApplication@@IAEXXZ,XApplication::_RestoreStickyKeys
0x00417860,36,XAppMain.obj,1,??0_D3DLIGHT7@@QAE@XZ,_D3DLIGHT7::_D3DLIGHT7
0x00417890,49,XAppMain.obj,1,??_EXApplication@@UAEPAXI@Z,XApplication::`scalar deleting destructor'
0x00417890,49,XAppMain.obj,1,??_GXApplication@@UAEPAXI@Z,XApplication::`scalar deleting destructor'
0x004178D0,46,XAppMain.obj,1,??_EXFPSDisplay@@UAEPAXI@Z,XFPSDisplay::`scalar deleting destructor'
0x004178D0,46,XAppMain.obj,1,??_GXFPSDisplay@@UAEPAXI@Z,XFPSDisplay::`scalar deleting destructor'
0x00417900,102,XChara.obj,1,??0XCrystalList@@QAE@PAVXGameObject@@@Z,XCrystalList::XCrystalList
0x00417970,75,XChara.obj,1,??1XCrystalList@@UAE@XZ,XCrystalList::~XCrystalList
0x004179C0,189,XChara.obj,1,?CreateCrystal@XCrystalList@@QAEPAVXCrystal@@XZ,XCrystalList::CreateCrystal
0x00417A80,137,XChara.obj,1,?Empty@XCrystalList@@QAEXXZ,XCrystalList::Empty
0x00417B10,249,XChara.obj,1,?CheckCollisionWithPac@XCrystalList@@QAEXXZ,XCrystalList::CheckCollisionWithPac
0x00417C10,181,XChara.obj,1,?DoVanishCrystal@XCrystalList@@QAEXXZ,XCrystalList::DoVanishCrystal
0x00417CD0,112,XChara.obj,1,?StartGameOver@XCrystalList@@QAEXXZ,XCrystalList::StartGameOver
0x00417D40,20,XChara.obj,1,?GetTakenCount@XCrystalList@@QBEHXZ,XCrystalList::GetTakenCount
0x00417D60,20,XChara.obj,1,?GetCrystalLeft@XCrystalList@@QBEHXZ,XCrystalList::GetCrystalLeft
0x00417D80,73,XChara.obj,1,?ProcessRotate@XCrystalList@@QAEXK@Z,XCrystalList::ProcessRotate
0x00417DD0,145,XChara.obj,1,?ProcessFrame@XCrystalList@@QAEXXZ,XCrystalList::ProcessFrame
0x00417E70,79,XChara.obj,1,?Render@XCrystalList@@QAEXXZ,XCrystalList::Render
0x00417EC0,60,XChara.obj,1,?GetNullIndex@XCrystalList@@IBEHXZ,XCrystalList::GetNullIndex
0x00417F00,508,XChara.obj,1,??0XCrystal@@QAE@PAVXGameObject@@@Z,XCrystal::XCrystal
0x00418100,90,XChara.obj,1,??1XCrystal@@UAE@XZ,XCrystal::~XCrystal
0x00418160,120,XChara.obj,1,?Render@XCrystal@@UAEXXZ,XCrystal::Render
0x004181E0,17,XChara.obj,1,?GetState@XCrystal@@QBE?AW4STATE@1@XZ,XCrystal::GetState
0x00418200,22,XChara.obj,1,?SetState@XCrystal@@QAEXW4STATE@1@@Z,XCrystal::SetState
0x00418220,30,XChara.obj,1,?GetTakenPosition@XCrystal@@QBEHXZ,XCrystal::GetTakenPosition
0x00418240,72,XChara.obj,1,?StartTaken@XCrystal@@QAEXH@Z,XCrystal::StartTaken
0x00418290,61,XChara.obj,1,?StartVanishing@XCrystal@@QAEXXZ,XCrystal::StartVanishing
0x004182D0,154,XChara.obj,1,?StartGameOver@XCrystal@@QAEXXZ,XCrystal::StartGameOver
0x00418370,313,XChara.obj,1,?ProcessRotate@XCrystal@@QAEXK@Z,XCrystal::ProcessRotate
0x004184B0,548,XChara.obj,1,?ProcessFrame@XCrystal@@QAEXXZ,XCrystal::ProcessFrame
0x004186E0,88,XChara.obj,1,??0XParticleList@@QAE@PAVXGameObject@@@Z,XParticleList::XParticleList
0x00418740,75,XChara.obj,1,??1XParticleList@@UAE@XZ,XParticleList::~XParticleList
0x00418790,114,XChara.obj,1,?Empty@XParticleList@@QAEXXZ,XParticleList::Empty
0x00418810,163,XChara.obj,1,?ProcessFrame@XParticleList@@QAEXXZ,XParticleList::ProcessFrame
0x004188C0,88,XChara.obj,1,?Render@XParticleList@@QAEXABU_D3DMATRIX@@@Z,XParticleList::Render
0x00418920,521,XChara.obj,1,?CreateEnemyExplode@XParticleList@@QAEXU_D3DVECTOR@@@Z,XParticleList::CreateEnemyExplode
0x00418B30,178,XChara.obj,1,?CreateEnemyFireSmokePurple@XParticleList@@QAEXU_D3DVECTOR@@@Z,XParticleList::CreateEnemyFireSmokePurple
0x00418BF0,178,XChara.obj,1,?CreateEnemyFireSmokeGreen@XParticleList@@QAEXU_D3DVECTOR@@@Z,XParticleList::CreateEnemyFireSmokeGreen
0x00418CB0,267,XChara.obj,1,?CreatePacFireHit@XParticleList@@QAEXU_D3DVECTOR@@@Z,XParticleList::CreatePacFireHit
0x00418DC0,231,XChara.obj,1,?CreatePacVanish@XParticleList@@QAEXU_D3DVECTOR@@@Z,XParticleList::CreatePacVanish
0x00418EB0,111,XChara.obj,1,?GetNullIndex@XParticleList@@IAEHXZ,XParticleList::GetNullIndex
0x00418F20,207,XChara.obj,1,??0XParticleBase@@QAE@PAVXGameObject@@U_D3DVECTOR@@M@Z,XParticleBase::XParticleBase
0x00418FF0,28,XChara.obj,1,??1XParticleBase@@UAE@XZ,XParticleBase::~XParticleBase
0x00419010,37,XChara.obj,1,?Render2@XParticleBase@@UAEXABU_D3DMATRIX@@@Z,XParticleBase::Render2
0x00419040,20,XChara.obj,1,?GetState@XParticleBase@@QBE?AW4STATE@1@XZ,XParticleBase::GetState
0x00419060,229,XChara.obj,1,??0XParticle_EnemyExplode@@QAE@PAVXGameObject@@U_D3DVECTOR@@@Z,XParticle_EnemyExplode::XParticle_EnemyExplode
0x00419150,28,XChara.obj,1,??1XParticle_EnemyExplode@@UAE@XZ,XParticle_EnemyExplode::~XParticle_EnemyExplode
0x00419170,38,XChara.obj,1,?SetDirVector@XParticle_EnemyExplode@@QAEXU_D3DVECTOR@@@Z,XParticle_EnemyExplode::SetDirVector
0x004191A0,374,XChara.obj,1,?ProcessFrame@XParticle_EnemyExplode@@UAEXXZ,XParticle_EnemyExplode::ProcessFrame
0x00419320,188,XChara.obj,1,??0XParticle_EnemyFireSmokePurple@@QAE@PAVXGameObject@@U_D3DVECTOR@@@Z,XParticle_EnemyFireSmokePurple::XParticle_EnemyFireSmokePurple
0x004193E0,28,XChara.obj,1,??1XParticle_EnemyFireSmokePurple@@UAE@XZ,XParticle_EnemyFireSmokePurple::~XParticle_EnemyFireSmokePurple
0x00419400,201,XChara.obj,1,?ProcessFrame@XParticle_EnemyFireSmokePurple@@UAEXXZ,XParticle_EnemyFireSmokePurple::ProcessFrame
0x004194D0,188,XChara.obj,1,??0XParticle_EnemyFireSmokeGreen@@QAE@PAVXGameObject@@U_D3DVECTOR@@@Z,XParticle_EnemyFireSmokeGreen::XParticle_EnemyFireSmokeGreen
0x00419590,28,XChara.obj,1,??1XParticle_EnemyFireSmokeGreen@@UAE@XZ,XParticle_EnemyFireSmokeGreen::~XParticle_EnemyFireSmokeGreen
0x004195B0,201,XChara.obj,1,?ProcessFrame@XParticle_EnemyFireSmokeGreen@@UAEXXZ,XParticle_EnemyFireSmokeGreen::ProcessFrame
0x00419680,95,XChara.obj,1,??0XParticle_PacFireHit@@QAE@PAVXGameObject@@U_D3DVECTOR@@MI@Z,XParticle_PacFireHit::XParticle_PacFireHit
0x004196E0,28,XChara.obj,1,??1XParticle_PacFireHit@@UAE@XZ,XParticle_PacFireHit::~XParticle_PacFireHit
0x00419700,296,XChara.obj,1,?Render2@XParticle_PacFireHit@@UAEXABU_D3DMATRIX@@@Z,XParticle_PacFireHit::Render2
0x00419830,296,XChara.obj,1,?ProcessFrame@XParticle_PacFireHit@@UAEXXZ,XParticle_PacFireHit::ProcessFrame
0x00419960,766,XChara.obj,1,?_SetTextureRandomly@XParticle_PacFireHit@@AAEXXZ,XParticle_PacFireHit::_SetTextureRandomly
0x00419C60,76,XChara.obj,1,??0XEnemyFireList@@QAE@PAVXGameObject@@@Z,XEnemyFireList::XEnemyFireList
0x00419CB0,75,XChara.obj,1,??1XEnemyFireList@@UAE@XZ,XEnemyFireList::~XEnemyFireList
0x00419D00,205,XChara.obj,1,?CheckCollisionWithPac@XEnemyFireList@@QAEXXZ,XEnemyFireList::CheckCollisionWithPac
0x00419DD0,111,XChara.obj,1,?Empty@XEnemyFireList@@QAEXXZ,XEnemyFireList::Empty
0x00419E40,160,XChara.obj,1,?ProcessFrame@XEnemyFireList@@QAEXXZ,XEnemyFireList::ProcessFrame
0x00419EE0,85,XChara.obj,1,?Render@XEnemyFireList@@QAEXABU_D3DMATRIX@@@Z,XEnemyFireList::Render
0x00419F40,403,XChara.obj,1,?CreateCannonUpFire@XEnemyFireList@@QAEXU_D3DVECTOR@@@Z,XEnemyFireList::CreateCannonUpFire
0x0041A0E0,403,XChara.obj,1,?CreateVolcanoFire@XEnemyFireList@@QAEXU_D3DVECTOR@@@Z,XEnemyFireList::CreateVolcanoFire
0x0041A280,299,XChara.obj,1,?CreateCannonFire@XEnemyFireList@@QAEXU_D3DVECTOR@@H@Z,XEnemyFireList::CreateCannonFire
0x0041A3B0,257,XChara.obj,1,?CreateUFOFire@XEnemyFireList@@QAEXU_D3DVECTOR@@@Z,XEnemyFireList::CreateUFOFire
0x0041A4C0,184,XChara.obj,1,?CreateSteamFire@XEnemyFireList@@QAEXU_D3DVECTOR@@@Z,XEnemyFireList::CreateSteamFire
0x0041A580,60,XChara.obj,1,?GetNullIndex@XEnemyFireList@@IBEHXZ,XEnemyFireList::GetNullIndex
0x0041A5C0,207,XChara.obj,1,??0XEnemyFireBase@@QAE@PAVXGameObject@@U_D3DVECTOR@@M@Z,XEnemyFireBase::XEnemyFireBase
0x0041A690,28,XChara.obj,1,??1XEnemyFireBase@@UAE@XZ,XEnemyFireBase::~XEnemyFireBase
0x0041A6B0,37,XChara.obj,1,?Render2@XEnemyFireBase@@UAEXABU_D3DMATRIX@@@Z,XEnemyFireBase::Render2
0x0041A6E0,20,XChara.obj,1,?GetState@XEnemyFireBase@@QBE?AW4STATE@1@XZ,XEnemyFireBase::GetState
0x0041A700,25,XChara.obj,1,?SetState@XEnemyFireBase@@QAEXW4STATE@1@@Z,XEnemyFireBase::SetState
0x0041A720,265,XChara.obj,1,??0XEnemyFire_CannonUp@@QAE@PAVXGameObject@@U_D3DVECTOR@@@Z,XEnemyFire_CannonUp::XEnemyFire_CannonUp
0x0041A830,28,XChara.obj,1,??1XEnemyFire_CannonUp@@UAE@XZ,XEnemyFire_CannonUp::~XEnemyFire_CannonUp
0x0041A850,55,XChara.obj,1,?SetValues@XEnemyFire_CannonUp@@QAEXMU_D3DVECTOR@@@Z,XEnemyFire_CannonUp::SetValues
0x0041A890,391,XChara.obj,1,?ProcessFrame@XEnemyFire_CannonUp@@UAEXXZ,XEnemyFire_CannonUp::ProcessFrame
0x0041AA20,251,XChara.obj,1,??0XEnemyFire_Cannon@@QAE@PAVXGameObject@@U_D3DVECTOR@@@Z,XEnemyFire_Cannon::XEnemyFire_Cannon
0x0041AB20,28,XChara.obj,1,??1XEnemyFire_Cannon@@UAE@XZ,XEnemyFire_Cannon::~XEnemyFire_Cannon
0x0041AB40,38,XChara.obj,1,?SetValues@XEnemyFire_Cannon@@QAEXU_D3DVECTOR@@@Z,XEnemyFire_Cannon::SetValues
0x0041AB70,312,XChara.obj,1,?ProcessFrame@XEnemyFire_Cannon@@UAEXXZ,XEnemyFire_Cannon::ProcessFrame
0x0041ACB0,269,XChara.obj,1,??0XEnemyFire_UFO@@QAE@PAVXGameObject@@U_D3DVECTOR@@@Z,XEnemyFire_UFO::XEnemyFire_UFO
0x0041ADC0,28,XChara.obj,1,??1XEnemyFire_UFO@@UAE@XZ,XEnemyFire_UFO::~XEnemyFire_UFO
0x0041ADE0,721,XChara.obj,1,?ProcessFrame@XEnemyFire_UFO@@UAEXXZ,XEnemyFire_UFO::ProcessFrame
0x0041B0C0,230,XChara.obj,1,??0XEnemyFire_Steam@@QAE@PAVXGameObject@@U_D3DVECTOR@@@Z,XEnemyFire_Steam::XEnemyFire_Steam
0x0041B1B0,28,XChara.obj,1,??1XEnemyFire_Steam@@UAE@XZ,XEnemyFire_Steam::~XEnemyFire_Steam
0x0041B1D0,285,XChara.obj,1,?ProcessFrame@XEnemyFire_Steam@@UAEXXZ,XEnemyFire_Steam::ProcessFrame
0x0041B2F0,49,XChara.obj,1,??_EXCrystal@@UAEPAXI@Z,XCrystal::`scalar deleting destructor'
0x0041B2F0,49,XChara.obj,1,??_GXCrystal@@UAEPAXI@Z,XCrystal::`scalar deleting destructor'
0x0041B330,49,XChara.obj,1,??_EXCrystalList@@UAEPAXI@Z,XCrystalList::`scalar deleting destructor'
0x0041B330,49,XChara.obj,1,??_GXCrystalList@@UAEPAXI@Z,XCrystalList::`scalar deleting destructor'
0x0041B370,49,XChara.obj,1,??_EXEnemyFireBase@@UAEPAXI@Z,XEnemyFireBase::`scalar deleting destructor'
0x0041B370,49,XChara.obj,1,??_GXEnemyFireBase@@UAEPAXI@Z,XEnemyFireBase::`scalar deleting destructor'
0x0041B3B0,49,XChara.obj,1,??_EXEnemyFireList@@UAEPAXI@Z,XEnemyFireList::`scalar deleting destructor'
0x0041B3B0,49,XChara.obj,1,??_GXEnemyFireList@@UAEPAXI@Z,XEnemyFireList::`scalar deleting destructor'
0x0041B3F0,49,XChara.obj,1,??_EXEnemyFire_Cannon@@UAEPAXI@Z,XEnemyFire_Cannon::`scalar deleting destructor'
0x0041B3F0,49,XChara.obj,1,??_GXEnemyFire_Cannon@@UAEPAXI@Z,XEnemyFire_Cannon::`scalar deleting destructor'
0x0041B430,49,XChara.obj,1,??_EXEnemyFire_CannonUp@@UAEPAXI@Z,XEnemyFire_CannonUp::`scalar deleting destructor'
0x0041B430,49,XChara.obj,1,??_GXEnemyFire_CannonUp@@UAEPAXI@Z,XEnemyFire_CannonUp::`scalar deleting destructor'
0x0041B470,49,XChara.obj,1,??_EXEnemyFire_Steam@@UAEPAXI@Z,XEnemyFire_Steam::`scalar deleting destructor'
0x0041B470,49,XChara.obj,1,??_GXEnemyFire_Steam@@UAEPAXI@Z,XEnemyFire_Steam::`scalar deleting destructor'
0x0041B4B0,49,XChara.obj,1,??_EXEnemyFire_UFO@@UAEPAXI@Z,XEnemyFire_UFO::`scalar deleting destructor'
0x0041B4B0,49,XChara.obj,1,??_GXEnemyFire_UFO@@UAEPAXI@Z,XEnemyFire_UFO::`scalar deleting destructor'
0x0041B4F0,49,XChara.obj,1,??_EXParticleBase@@UAEPAXI@Z,XParticleBase::`scalar deleting destructor'
0x0041B4F0,49,XChara.obj,1,??_GXParticleBase@@UAEPAXI@Z,XParticleBase::`scalar deleting destructor'
0x0041B530,49,XChara.obj,1,??_EXParticleList@@UAEPAXI@Z,XParticleList::`scalar deleting destructor'
0x0041B530,49,XChara.obj,1,??_GXParticleList@@UAEPAXI@Z,XParticleList::`scalar deleting destructor'
0x0041B570,49,XChara.obj,1,??_EXParticle_EnemyExplode@@UAEPAXI@Z,XParticle_EnemyExplode::`scalar deleting destructor'
0x0041B570,49,XChara.obj,1,??_GXParticle_EnemyExplode@@UAEPAXI@Z,XParticle_EnemyExplode::`scalar deleting destructor'
0x0041B5B0,49,XChara.obj,1,??_EXParticle_EnemyFireSmokeGreen@@UAEPAXI@Z,XParticle_EnemyFireSmokeGreen::`scalar deleting destructor'
0x0041B5B0,49,XChara.obj,1,??_GXParticle_EnemyFireSmokeGreen@@UAEPAXI@Z,XParticle_EnemyFireSmokeGreen::`scalar deleting destructor'
0x0041B5F0,49,XChara.obj,1,??_EXParticle_EnemyFireSmokePurple@@UAEPAXI@Z,XParticle_EnemyFireSmokePurple::`scalar deleting destructor'
0x0041B5F0,49,XChara.obj,1,??_GXParticle_EnemyFireSmokePurple@@UAEPAXI@Z,XParticle_EnemyFireSmokePurple::`scalar deleting destructor'
0x0041B630,49,XChara.obj,1,??_EXParticle_PacFireHit@@UAEPAXI@Z,XParticle_PacFireHit::`scalar deleting destructor'
0x0041B630,49,XChara.obj,1,??_GXParticle_PacFireHit@@UAEPAXI@Z,XParticle_PacFireHit::`scalar deleting destructor'
0x0041B670,76,XEnemy.obj,1,??0XEnemyList@@QAE@PAVXGameObject@@@Z,XEnemyList::XEnemyList
0x0041B6C0,75,XEnemy.obj,1,??1XEnemyList@@UAE@XZ,XEnemyList::~XEnemyList
0x0041B710,1419,XEnemy.obj,1,?CreateEnemy@XEnemyList@@QAEPAVXEnemyBase@@E@Z,XEnemyList::CreateEnemy
0x0041BCA0,23,XEnemy.obj,1,?GetAt@XEnemyList@@QBEPAVXEnemyBase@@K@Z,XEnemyList::GetAt
0x0041BCC0,111,XEnemy.obj,1,?Empty@XEnemyList@@QAEXXZ,XEnemyList::Empty
0x0041BD30,213,XEnemy.obj,1,?CheckCollisionWithPac@XEnemyList@@QAEXXZ,XEnemyList::CheckCollisionWithPac
0x0041BE10,73,XEnemy.obj,1,?ProcessRotate@XEnemyList@@QAEXK@Z,XEnemyList::ProcessRotate
0x0041BE60,145,XEnemy.obj,1,?ProcessFrame@XEnemyList@@QAEXXZ,XEnemyList::ProcessFrame
0x0041BF00,79,XEnemy.obj,1,?Render@XEnemyList@@QAEXXZ,XEnemyList::Render
0x0041BF50,60,XEnemy.obj,1,?GetNullIndex@XEnemyList@@IBEHXZ,XEnemyList::GetNullIndex
0x0041BF90,428,XEnemy.obj,1,??0XEnemyBase@@QAE@PAVXGameObject@@G@Z,XEnemyBase::XEnemyBase
0x0041C140,99,XEnemy.obj,1,??1XEnemyBase@@UAE@XZ,XEnemyBase::~XEnemyBase
0x0041C1B0,120,XEnemy.obj,1,?Render@XEnemyBase@@UAEXXZ,XEnemyBase::Render
0x0041C230,17,XEnemy.obj,1,?GetState@XEnemyBase@@QBE?AW4STATE@1@XZ,XEnemyBase::GetState
0x0041C250,20,XEnemy.obj,1,?Breakable@XEnemyBase@@QBEHXZ,XEnemyBase::Breakable
0x0041C270,31,XEnemy.obj,1,?SetMapPos@XEnemyBase@@QAEXHH@Z,XEnemyBase::SetMapPos
0x0041C290,155,XEnemy.obj,1,?SetDirection@XEnemyBase@@QAEXH@Z,XEnemyBase::SetDirection
0x0041C330,226,XEnemy.obj,1,?StartMoving@XEnemyBase@@QAEXH@Z,XEnemyBase::StartMoving
0x0041C420,126,XEnemy.obj,1,?StartDying@XEnemyBase@@QAEXH@Z,XEnemyBase::StartDying
0x0041C4A0,59,XEnemy.obj,1,?StartFiring@XEnemyBase@@QAEXXZ,XEnemyBase::StartFiring
0x0041C4E0,58,XEnemy.obj,1,?DecreaseShield@XEnemyBase@@QAEXH@Z,XEnemyBase::DecreaseShield
0x0041C520,95,XEnemy.obj,1,?ProcessRotate@XEnemyBase@@QAEXK@Z,XEnemyBase::ProcessRotate
0x0041C580,237,XEnemy.obj,1,?SubProcessDyingRotate@XEnemyBase@@UAEXK@Z,XEnemyBase::SubProcessDyingRotate
0x0041C670,13,XEnemy.obj,1,?SubProcessMoveRotate@XEnemyBase@@UAEXK@Z,XEnemyBase::SubProcessMoveRotate
0x0041C680,13,XEnemy.obj,1,?SubProcessFireRotate@XEnemyBase@@UAEXK@Z,XEnemyBase::SubProcessFireRotate
0x0041C690,118,XEnemy.obj,1,?ProcessFrame@XEnemyBase@@QAEXXZ,XEnemyBase::ProcessFrame
0x0041C710,257,XEnemy.obj,1,?SubProcessDying@XEnemyBase@@UAEXXZ,XEnemyBase::SubProcessDying
0x0041C820,11,XEnemy.obj,1,?SubProcessMove@XEnemyBase@@UAEXXZ,XEnemyBase::SubProcessMove
0x0041C830,11,XEnemy.obj,1,?SubProcessWait@XEnemyBase@@UAEXXZ,XEnemyBase::SubProcessWait
0x0041C840,11,XEnemy.obj,1,?SubProcessFire@XEnemyBase@@UAEXXZ,XEnemyBase::SubProcessFire
0x0041C850,121,XEnemy.obj,1,?IsBlocked@XEnemyBase@@IBEHH@Z,XEnemyBase::IsBlocked
0x0041C8D0,275,XEnemy.obj,1,?FindDirectionToPac@XEnemyBase@@IBEHXZ,XEnemyBase::FindDirectionToPac
0x0041C9F0,406,XEnemy.obj,1,?DefaultProcessWait@XEnemyBase@@IAEXXZ,XEnemyBase::DefaultProcessWait
0x0041CB90,282,XEnemy.obj,1,??0XEnemy_Ghost@@QAE@PAVXGameObject@@@Z,XEnemy_Ghost::XEnemy_Ghost
0x0041CCB0,28,XEnemy.obj,1,??1XEnemy_Ghost@@UAE@XZ,XEnemy_Ghost::~XEnemy_Ghost
0x0041CCD0,239,XEnemy.obj,1,?SubProcessMove@XEnemy_Ghost@@UAEXXZ,XEnemy_Ghost::SubProcessMove
0x0041CDC0,19,XEnemy.obj,1,?SubProcessWait@XEnemy_Ghost@@UAEXXZ,XEnemy_Ghost::SubProcessWait
0x0041CDE0,305,XEnemy.obj,1,??0XEnemy_Cube@@QAE@PAVXGameObject@@@Z,XEnemy_Cube::XEnemy_Cube
0x0041CF20,28,XEnemy.obj,1,??1XEnemy_Cube@@UAE@XZ,XEnemy_Cube::~XEnemy_Cube
0x0041CF40,237,XEnemy.obj,1,?SubProcessMoveRotate@XEnemy_Cube@@UAEXK@Z,XEnemy_Cube::SubProcessMoveRotate
0x0041D030,279,XEnemy.obj,1,?SubProcessMove@XEnemy_Cube@@UAEXXZ,XEnemy_Cube::SubProcessMove
0x0041D150,19,XEnemy.obj,1,?SubProcessWait@XEnemy_Cube@@UAEXXZ,XEnemy_Cube::SubProcessWait
0x0041D170,295,XEnemy.obj,1,??0XEnemy_Kurage@@QAE@PAVXGameObject@@@Z,XEnemy_Kurage::XEnemy_Kurage
0x0041D2A0,28,XEnemy.obj,1,??1XEnemy_Kurage@@UAE@XZ,XEnemy_Kurage::~XEnemy_Kurage
0x0041D2C0,379,XEnemy.obj,1,?SubProcessMove@XEnemy_Kurage@@UAEXXZ,XEnemy_Kurage::SubProcessMove
0x0041D440,28,XEnemy.obj,1,?SubProcessWait@XEnemy_Kurage@@UAEXXZ,XEnemy_Kurage::SubProcessWait
0x0041D460,330,XEnemy.obj,1,??0XEnemy_UFO@@QAE@PAVXGameObject@@@Z,XEnemy_UFO::XEnemy_UFO
0x0041D5B0,28,XEnemy.obj,1,??1XEnemy_UFO@@UAE@XZ,XEnemy_UFO::~XEnemy_UFO
0x0041D5D0,103,XEnemy.obj,1,?SubProcessMoveRotate@XEnemy_UFO@@UAEXK@Z,XEnemy_UFO::SubProcessMoveRotate
0x0041D640,103,XEnemy.obj,1,?SubProcessFireRotate@XEnemy_UFO@@UAEXK@Z,XEnemy_UFO::SubProcessFireRotate
0x0041D6B0,260,XEnemy.obj,1,?SubProcessMove@XEnemy_UFO@@UAEXXZ,XEnemy_UFO::SubProcessMove
0x0041D7C0,350,XEnemy.obj,1,?SubProcessWait@XEnemy_UFO@@UAEXXZ,XEnemy_UFO::SubProcessWait
0x0041D920,98,XEnemy.obj,1,?SubProcessFire@XEnemy_UFO@@UAEXXZ,XEnemy_UFO::SubProcessFire
0x0041D990,226,XEnemy.obj,1,?StartMoving_UFO@XEnemy_UFO@@AAEXH@Z,XEnemy_UFO::StartMoving_UFO
0x0041DA80,121,XEnemy.obj,1,?IsBlocked_UFO@XEnemy_UFO@@ABEHH@Z,XEnemy_UFO::IsBlocked_UFO
0x0041DB00,379,XEnemy.obj,1,??0XEnemy_Sesame@@QAE@PAVXGameObject@@@Z,XEnemy_Sesame::XEnemy_Sesame
0x0041DC80,28,XEnemy.obj,1,??1XEnemy_Sesame@@UAE@XZ,XEnemy_Sesame::~XEnemy_Sesame
0x0041DCA0,422,XEnemy.obj,1,?SubProcessMove@XEnemy_Sesame@@UAEXXZ,XEnemy_Sesame::SubProcessMove
0x0041DE50,218,XEnemy.obj,1,?SubProcessWait@XEnemy_Sesame@@UAEXXZ,XEnemy_Sesame::SubProcessWait
0x0041DF30,275,XEnemy.obj,1,??0XNeedleBall@@QAE@PAVXGameObject@@H@Z,XNeedleBall::XNeedleBall
0x0041E050,28,XEnemy.obj,1,??1XNeedleBall@@UAE@XZ,XNeedleBall::~XNeedleBall
0x0041E070,237,XEnemy.obj,1,?SubProcessMoveRotate@XNeedleBall@@UAEXK@Z,XNeedleBall::SubProcessMoveRotate
0x0041E160,239,XEnemy.obj,1,?SubProcessMove@XNeedleBall@@UAEXXZ,XNeedleBall::SubProcessMove
0x0041E250,286,XEnemy.obj,1,?SubProcessWait@XNeedleBall@@UAEXXZ,XNeedleBall::SubProcessWait
0x0041E370,275,XEnemy.obj,1,??0XNeedleBallFast@@QAE@PAVXGameObject@@H@Z,XNeedleBallFast::XNeedleBallFast
0x0041E490,28,XEnemy.obj,1,??1XNeedleBallFast@@UAE@XZ,XNeedleBallFast::~XNeedleBallFast
0x0041E4B0,237,XEnemy.obj,1,?SubProcessMoveRotate@XNeedleBallFast@@UAEXK@Z,XNeedleBallFast::SubProcessMoveRotate
0x0041E5A0,239,XEnemy.obj,1,?SubProcessMove@XNeedleBallFast@@UAEXXZ,XNeedleBallFast::SubProcessMove
0x0041E690,286,XEnemy.obj,1,?SubProcessWait@XNeedleBallFast@@UAEXXZ,XNeedleBallFast::SubProcessWait
0x0041E7B0,250,XEnemy.obj,1,??0XNeedleBox@@QAE@PAVXGameObject@@@Z,XNeedleBox::XNeedleBox
0x0041E8B0,28,XEnemy.obj,1,??1XNeedleBox@@UAE@XZ,XNeedleBox::~XNeedleBox
0x0041E8D0,457,XEnemy.obj,1,?SubProcessMove@XNeedleBox@@UAEXXZ,XNeedleBox::SubProcessMove
0x0041EAA0,59,XEnemy.obj,1,?SubProcessWait@XNeedleBox@@UAEXXZ,XNeedleBox::SubProcessWait
0x0041EAE0,250,XEnemy.obj,1,??0XNeedleBoxDrop@@QAE@PAVXGameObject@@@Z,XNeedleBoxDrop::XNeedleBoxDrop
0x0041EBE0,28,XEnemy.obj,1,??1XNeedleBoxDrop@@UAE@XZ,XNeedleBoxDrop::~XNeedleBoxDrop
0x0041EC00,319,XEnemy.obj,1,?SubProcessMove@XNeedleBoxDrop@@UAEXXZ,XNeedleBoxDrop::SubProcessMove
0x0041ED40,117,XEnemy.obj,1,?SubProcessWait@XNeedleBoxDrop@@UAEXXZ,XNeedleBoxDrop::SubProcessWait
0x0041EDC0,246,XEnemy.obj,1,??0XGate@@QAE@PAVXGameObject@@H@Z,XGate::XGate
0x0041EEC0,28,XEnemy.obj,1,??1XGate@@UAE@XZ,XGate::~XGate
0x0041EEE0,49,XEnemy.obj,1,??_EXEnemyBase@@UAEPAXI@Z,XEnemyBase::`scalar deleting destructor'
0x0041EEE0,49,XEnemy.obj,1,??_GXEnemyBase@@UAEPAXI@Z,XEnemyBase::`scalar deleting destructor'
0x0041EF20,49,XEnemy.obj,1,??_EXEnemyList@@UAEPAXI@Z,XEnemyList::`scalar deleting destructor'
0x0041EF20,49,XEnemy.obj,1,??_GXEnemyList@@UAEPAXI@Z,XEnemyList::`scalar deleting destructor'
0x0041EF60,49,XEnemy.obj,1,??_EXEnemy_Cube@@UAEPAXI@Z,XEnemy_Cube::`scalar deleting destructor'
0x0041EF60,49,XEnemy.obj,1,??_GXEnemy_Cube@@UAEPAXI@Z,XEnemy_Cube::`scalar deleting destructor'
0x0041EFA0,49,XEnemy.obj,1,??_EXEnemy_Ghost@@UAEPAXI@Z,XEnemy_Ghost::`scalar deleting destructor'
0x0041EFA0,49,XEnemy.obj,1,??_GXEnemy_Ghost@@UAEPAXI@Z,XEnemy_Ghost::`scalar deleting destructor'
0x0041EFE0,49,XEnemy.obj,1,??_EXEnemy_Kurage@@UAEPAXI@Z,XEnemy_Kurage::`scalar deleting destructor'
0x0041EFE0,49,XEnemy.obj,1,??_GXEnemy_Kurage@@UAEPAXI@Z,XEnemy_Kurage::`scalar deleting destructor'
0x0041F020,49,XEnemy.obj,1,??_EXEnemy_Sesame@@UAEPAXI@Z,XEnemy_Sesame::`scalar deleting destructor'
0x0041F020,49,XEnemy.obj,1,??_GXEnemy_Sesame@@UAEPAXI@Z,XEnemy_Sesame::`scalar deleting destructor'
0x0041F060,49,XEnemy.obj,1,??_EXEnemy_UFO@@UAEPAXI@Z,XEnemy_UFO::`scalar deleting destructor'
0x0041F060,49,XEnemy.obj,1,??_GXEnemy_UFO@@UAEPAXI@Z,XEnemy_UFO::`scalar deleting destructor'
0x0041F0A0,49,XEnemy.obj,1,??_EXGate@@UAEPAXI@Z,XGate::`scalar deleting destructor'
0x0041F0A0,49,XEnemy.obj,1,??_GXGate@@UAEPAXI@Z,XGate::`scalar deleting destructor'
0x0041F0E0,49,XEnemy.obj,1,??_EXNeedleBall@@UAEPAXI@Z,XNeedleBall::`scalar deleting destructor'
0x0041F0E0,49,XEnemy.obj,1,??_GXNeedleBall@@UAEPAXI@Z,XNeedleBall::`scalar deleting destructor'
0x0041F120,49,XEnemy.obj,1,??_EXNeedleBallFast@@UAEPAXI@Z,XNeedleBallFast::`scalar deleting destructor'
0x0041F120,49,XEnemy.obj,1,??_GXNeedleBallFast@@UAEPAXI@Z,XNeedleBallFast::`scalar deleting destructor'
0x0041F160,49,XEnemy.obj,1,??_EXNeedleBox@@UAEPAXI@Z,XNeedleBox::`scalar deleting destructor'
0x0041F160,49,XEnemy.obj,1,??_GXNeedleBox@@UAEPAXI@Z,XNeedleBox::`scalar deleting destructor'
0x0041F1A0,49,XEnemy.obj,1,??_EXNeedleBoxDrop@@UAEPAXI@Z,XNeedleBoxDrop::`scalar deleting destructor'
0x0041F1A0,49,XEnemy.obj,1,??_GXNeedleBoxDrop@@UAEPAXI@Z,XNeedleBoxDrop::`scalar deleting destructor'
0x0041F1E0,829,XGame.obj,1,??0XStatusDisplay@@QAE@PAVXGameObject@@@Z,XStatusDisplay::XStatusDisplay
0x0041F520,382,XGame.obj,1,??1XStatusDisplay@@UAE@XZ,XStatusDisplay::~XStatusDisplay
0x0041F6A0,427,XGame.obj,1,?Draw@XStatusDisplay@@QAEXPAUIDirectDrawSurface7@@@Z,XStatusDisplay::Draw
0x0041F850,282,XGame.obj,1,??0XProcessObject@@QAE@PAVXApplication@@@Z,XProcessObject::XProcessObject
0x0041F970,142,XGame.obj,1,??1XProcessObject@@UAE@XZ,XProcessObject::~XProcessObject
0x0041FA00,13,XGame.obj,1,?ProcessFrame@XProcessObject@@UAEXK@Z,XProcessObject::ProcessFrame
0x0041FA10,11,XGame.obj,1,?Render@XProcessObject@@UAEXXZ,XProcessObject::Render
0x0041FA20,50,XGame.obj,1,?StartFadeIn@XProcessObject@@QAEXH@Z,XProcessObject::StartFadeIn
0x0041FA60,50,XGame.obj,1,?StartFadeOut@XProcessObject@@QAEXH@Z,XProcessObject::StartFadeOut
0x0041FAA0,42,XGame.obj,1,?StartProcess@XProcessObject@@QAEXH@Z,XProcessObject::StartProcess
0x0041FAD0,167,XGame.obj,1,?ProcessFadeIn@XProcessObject@@QAEXXZ,XProcessObject::ProcessFadeIn
0x0041FB80,153,XGame.obj,1,?ProcessFadeOut@XProcessObject@@QAEXXZ,XProcessObject::ProcessFadeOut
0x0041FC20,118,XGame.obj,1,?_ResetFadeIn@XProcessObject@@IAEXXZ,XProcessObject::_ResetFadeIn
0x0041FCA0,130,XGame.obj,1,?_ResetFadeOut@XProcessObject@@IAEXXZ,XProcessObject::_ResetFadeOut
0x0041FD30,937,XGame.obj,1,??0XGameObject@@QAE@PAVXApplication@@@Z,XGameObject::XGameObject
0x004200E0,792,XGame.obj,1,??1XGameObject@@UAE@XZ,XGameObject::~XGameObject
0x00420400,1730,XGame.obj,1,?ProcessFrame@XGameObject@@UAEXK@Z,XGameObject::ProcessFrame
0x00420AD0,255,XGame.obj,1,?Render@XGameObject@@UAEXXZ,XGameObject::Render
0x00420BD0,448,XGame.obj,1,?InitLevel@XGameObject@@QAEXXZ,XGameObject::InitLevel
0x00420D90,188,XGame.obj,1,?GetVolumeOfPosition@XGameObject@@QAEEU_D3DVECTOR@@@Z,XGameObject::GetVolumeOfPosition
0x00420E50,46,XGame.obj,1,??_EXGameObject@@UAEPAXI@Z,XGameObject::`scalar deleting destructor'
0x00420E50,46,XGame.obj,1,??_GXGameObject@@UAEPAXI@Z,XGameObject::`scalar deleting destructor'
0x00420E80,46,XGame.obj,1,??_EXProcessObject@@UAEPAXI@Z,XProcessObject::`scalar deleting destructor'
0x00420E80,46,XGame.obj,1,??_GXProcessObject@@UAEPAXI@Z,XProcessObject::`scalar deleting destructor'
0x00420EB0,46,XGame.obj,1,??_EXStatusDisplay@@UAEPAXI@Z,XStatusDisplay::`scalar deleting destructor'
0x00420EB0,46,XGame.obj,1,??_GXStatusDisplay@@UAEPAXI@Z,XStatusDisplay::`scalar deleting destructor'
0x00420EE0,923,XMap.obj,1,?GetMapResId@@YAGPAVXApplication@@@Z,GetMapResId
0x00421280,199,XMap.obj,1,??0XCamera@@QAE@PAVXApplication@@@Z,XCamera::XCamera
0x00421350,20,XMap.obj,1,??1XCamera@@UAE@XZ,XCamera::~XCamera
0x00421370,235,XMap.obj,1,?ResetForGame@XCamera@@QAEXPAVXPac@@@Z,XCamera::ResetForGame
0x00421460,208,XMap.obj,1,?ResetForTitle@XCamera@@QAEXXZ,XCamera::ResetForTitle
0x00421530,59,XMap.obj,1,?DoSetTransform@XCamera@@QAEXXZ,XCamera::DoSetTransform
0x00421570,17,XMap.obj,1,?GetState@XCamera@@QBE?AW4STATE@1@XZ,XCamera::GetState
0x00421590,17,XMap.obj,1,?GetViewDirection@XCamera@@QBEHXZ,XCamera::GetViewDirection
0x004215B0,17,XMap.obj,1,?GetViewMatrix@XCamera@@QBEABU_D3DMATRIX@@XZ,XCamera::GetViewMatrix
0x004215D0,59,XMap.obj,1,?StartRotatingLeft@XCamera@@QAEXXZ,XCamera::StartRotatingLeft
0x00421610,59,XMap.obj,1,?StartRotatingRight@XCamera@@QAEXXZ,XCamera::StartRotatingRight
0x00421650,31,XMap.obj,1,?StartLevelCompleted@XCamera@@QAEXXZ,XCamera::StartLevelCompleted
0x00421670,31,XMap.obj,1,?StartGameOver@XCamera@@QAEXXZ,XCamera::StartGameOver
0x00421690,121,XMap.obj,1,?IncrVerticalAngle@XCamera@@QAEXK@Z,XCamera::IncrVerticalAngle
0x00421710,125,XMap.obj,1,?DecrVerticalAngle@XCamera@@QAEXK@Z,XCamera::DecrVerticalAngle
0x00421790,852,XMap.obj,1,?ProcessFrame@XCamera@@QAEXPAVXPac@@@Z,XCamera::ProcessFrame
0x00421AF0,288,XMap.obj,1,?UpdateViewMatrix@XCamera@@IAEXXZ,XCamera::UpdateViewMatrix
0x00421C10,225,XMap.obj,1,??0XPreviewMap@@QAE@PAVXApplication@@H@Z,XPreviewMap::XPreviewMap
0x00421D00,122,XMap.obj,1,??1XPreviewMap@@UAE@XZ,XPreviewMap::~XPreviewMap
0x00421D80,156,XMap.obj,1,?ProcessFrame@XPreviewMap@@QAEXK@Z,XPreviewMap::ProcessFrame
0x00421E20,30,XMap.obj,1,?Render@XPreviewMap@@QAEXXZ,XPreviewMap::Render
0x00421E40,635,XMap.obj,1,?_LoadMapArray@XPreviewMap@@IAEXH@Z,XPreviewMap::_LoadMapArray
0x004220C0,2118,XMap.obj,1,?_CreateMapObject@XPreviewMap@@IAEXXZ,XPreviewMap::_CreateMapObject
0x00422910,42,XMap.obj,1,?_ConvertMapItemToInt@XPreviewMap@@IAEHE@Z,XPreviewMap::_ConvertMapItemToInt
0x00422940,1007,XMap.obj,1,?_CreateFloor@XPreviewMap@@IAEXAAVJObject3DList@@EMM@Z,XPreviewMap::_CreateFloor
0x00422D30,1590,XMap.obj,1,?_CreateWalls@XPreviewMap@@IAEXAAVJObject3DList@@HHHMM@Z,XPreviewMap::_CreateWalls
0x00423370,244,XMap.obj,1,??0XMap@@QAE@PAVXApplication@@HPAVXPac@@PAVXEnemyList@@PAVXMapObjectList@@PAVXCrystalList@@@Z,XMap::XMap
0x00423470,262,XMap.obj,1,??1XMap@@UAE@XZ,XMap::~XMap
0x00423580,11,XMap.obj,1,?ProcessFrame@XMap@@QAEXXZ,XMap::ProcessFrame
0x00423590,49,XMap.obj,1,?Render@XMap@@QAEXXZ,XMap::Render
0x004235D0,17,XMap.obj,1,?GetChipSize@XMap@@QBEABMXZ,XMap::GetChipSize
0x004235F0,174,XMap.obj,1,?IsBlocked_Pac@XMap@@QBEHHH@Z,XMap::IsBlocked_Pac
0x004236A0,112,XMap.obj,1,?IsBlocked_Fire@XMap@@QBEHHH@Z,XMap::IsBlocked_Fire
0x00423710,174,XMap.obj,1,?IsBlocked_Enemy@XMap@@QBEHHH@Z,XMap::IsBlocked_Enemy
0x004237C0,144,XMap.obj,1,?IsBlocked_UFO@XMap@@QBEHHH@Z,XMap::IsBlocked_UFO
0x00423850,92,XMap.obj,1,?IsWarpZone@XMap@@QBEHHH@Z,XMap::IsWarpZone
0x004238B0,119,XMap.obj,1,?IsArrow@XMap@@QBEHHH@Z,XMap::IsArrow
0x00423930,135,XMap.obj,1,?GetArrowDirection@XMap@@QBEHHH@Z,XMap::GetArrowDirection
0x004239C0,66,XMap.obj,1,?ConvertPosXToMapX@XMap@@QAEHM@Z,XMap::ConvertPosXToMapX
0x00423A10,77,XMap.obj,1,?ConvertPosZToMapZ@XMap@@QAEHM@Z,XMap::ConvertPosZToMapZ
0x00423A60,88,XMap.obj,1,?UpdateEnemyMap@XMap@@QAEXHHHH@Z,XMap::UpdateEnemyMap
0x00423AC0,36,XMap.obj,1,?ZeroEnemyMap@XMap@@QAEXHH@Z,XMap::ZeroEnemyMap
0x00423AF0,88,XMap.obj,1,?UpdateUFOMap@XMap@@QAEXHHHH@Z,XMap::UpdateUFOMap
0x00423B50,765,XMap.obj,1,?_LoadMapArray@XMap@@IAEXH@Z,XMap::_LoadMapArray
0x00423E50,2842,XMap.obj,1,?_CreateMapObject@XMap@@IAEXPAVXPac@@PAVXEnemyList@@PAVXMapObjectList@@PAVXCrystalList@@@Z,XMap::_CreateMapObject
0x00424970,383,XMap.obj,1,?_CreateBackground@XMap@@IAEXXZ,XMap::_CreateBackground
0x00424AF0,42,XMap.obj,1,?_ConvertMapItemToInt@XMap@@IAEHE@Z,XMap::_ConvertMapItemToInt
0x00424B20,1007,XMap.obj,1,?_CreateFloor@XMap@@IAEXAAVJObject3DList@@EMM@Z,XMap::_CreateFloor
0x00424F10,1590,XMap.obj,1,?_CreateWalls@XMap@@IAEXAAVJObject3DList@@HHHMM@Z,XMap::_CreateWalls
0x00425550,63,XMap.obj,1,?_IsOutsideMap@XMap@@IBEHHH@Z,XMap::_IsOutsideMap
0x00425590,46,XMap.obj,1,??_EXCamera@@UAEPAXI@Z,XCamera::`scalar deleting destructor'
0x00425590,46,XMap.obj,1,??_GXCamera@@UAEPAXI@Z,XCamera::`scalar deleting destructor'
0x004255C0,46,XMap.obj,1,??_EXMap@@UAEPAXI@Z,XMap::`scalar deleting destructor'
0x004255C0,46,XMap.obj,1,??_GXMap@@UAEPAXI@Z,XMap::`scalar deleting destructor'
0x004255F0,46,XMap.obj,1,??_EXPreviewMap@@UAEPAXI@Z,XPreviewMap::`scalar deleting destructor'
0x004255F0,46,XMap.obj,1,??_GXPreviewMap@@UAEPAXI@Z,XPreviewMap::`scalar deleting destructor'
0x00425620,76,XMapObject.obj,1,??0XMapObjectList@@QAE@PAVXGameObject@@@Z,XMapObjectList::XMapObjectList
0x00425670,75,XMapObject.obj,1,??1XMapObjectList@@UAE@XZ,XMapObjectList::~XMapObjectList
0x004256C0,1082,XMapObject.obj,1,?CreateMapObject@XMapObjectList@@QAEPAVXMapObjectBase@@E@Z,XMapObjectList::CreateMapObject
0x00425B00,111,XMapObject.obj,1,?Empty@XMapObjectList@@QAEXXZ,XMapObjectList::Empty
0x00425B70,85,XMapObject.obj,1,?ProcessRotate@XMapObjectList@@QAEXK@Z,XMapObjectList::ProcessRotate
0x00425BD0,160,XMapObject.obj,1,?ProcessFrame@XMapObjectList@@QAEXXZ,XMapObjectList::ProcessFrame
0x00425C70,79,XMapObject.obj,1,?Render@XMapObjectList@@QAEXXZ,XMapObjectList::Render
0x00425CC0,60,XMapObject.obj,1,?GetNullIndex@XMapObjectList@@IBEHXZ,XMapObjectList::GetNullIndex
0x00425D00,346,XMapObject.obj,1,??0XMapObjectBase@@QAE@PAVXGameObject@@G@Z,XMapObjectBase::XMapObjectBase
0x00425E60,90,XMapObject.obj,1,??1XMapObjectBase@@UAE@XZ,XMapObjectBase::~XMapObjectBase
0x00425EC0,111,XMapObject.obj,1,?Render@XMapObjectBase@@UAEXXZ,XMapObjectBase::Render
0x00425F30,17,XMapObject.obj,1,?GetState@XMapObjectBase@@QBE?AW4STATE@1@XZ,XMapObjectBase::GetState
0x00425F50,149,XMapObject.obj,1,?SetDirection@XMapObjectBase@@QAEXHH@Z,XMapObjectBase::SetDirection
0x00425FF0,13,XMapObject.obj,1,?ProcessRotate@XMapObjectBase@@UAEXK@Z,XMapObjectBase::ProcessRotate
0x00426000,11,XMapObject.obj,1,?ProcessFrame@XMapObjectBase@@UAEXXZ,XMapObjectBase::ProcessFrame
0x00426010,180,XMapObject.obj,1,??0XVolcano@@QAE@PAVXGameObject@@@Z,XVolcano::XVolcano
0x004260D0,28,XMapObject.obj,1,??1XVolcano@@UAE@XZ,XVolcano::~XVolcano
0x004260F0,175,XMapObject.obj,1,?ProcessFrame@XVolcano@@UAEXXZ,XVolcano::ProcessFrame
0x004261A0,185,XMapObject.obj,1,??0XCannonUp@@QAE@PAVXGameObject@@@Z,XCannonUp::XCannonUp
0x00426260,28,XMapObject.obj,1,??1XCannonUp@@UAE@XZ,XCannonUp::~XCannonUp
0x00426280,133,XMapObject.obj,1,?ProcessFrame@XCannonUp@@UAEXXZ,XCannonUp::ProcessFrame
0x00426310,199,XMapObject.obj,1,??0XCannon@@QAE@PAVXGameObject@@H@Z,XCannon::XCannon
0x004263E0,28,XMapObject.obj,1,??1XCannon@@UAE@XZ,XCannon::~XCannon
0x00426400,122,XMapObject.obj,1,?ProcessFrame@XCannon@@UAEXXZ,XCannon::ProcessFrame
0x00426480,185,XMapObject.obj,1,??0XPole@@QAE@PAVXGameObject@@@Z,XPole::XPole
0x00426540,28,XMapObject.obj,1,??1XPole@@UAE@XZ,XPole::~XPole
0x00426560,185,XMapObject.obj,1,??0XShortPole@@QAE@PAVXGameObject@@@Z,XShortPole::XShortPole
0x00426620,28,XMapObject.obj,1,??1XShortPole@@UAE@XZ,XShortPole::~XShortPole
0x00426640,185,XMapObject.obj,1,??0XTree@@QAE@PAVXGameObject@@@Z,XTree::XTree
0x00426700,28,XMapObject.obj,1,??1XTree@@UAE@XZ,XTree::~XTree
0x00426720,145,XMapObject.obj,1,??0XSteam@@QAE@PAVXGameObject@@@Z,XSteam::XSteam
0x004267C0,28,XMapObject.obj,1,??1XSteam@@UAE@XZ,XSteam::~XSteam
0x004267E0,221,XMapObject.obj,1,?ProcessFrame@XSteam@@UAEXXZ,XSteam::ProcessFrame
0x004268C0,46,XMapObject.obj,1,??_EXCannon@@UAEPAXI@Z,XCannon::`scalar deleting destructor'
0x004268C0,46,XMapObject.obj,1,??_GXCannon@@UAEPAXI@Z,XCannon::`scalar deleting destructor'
0x004268F0,46,XMapObject.obj,1,??_EXCannonUp@@UAEPAXI@Z,XCannonUp::`scalar deleting destructor'
0x004268F0,46,XMapObject.obj,1,??_GXCannonUp@@UAEPAXI@Z,XCannonUp::`scalar deleting destructor'
0x00426920,46,XMapObject.obj,1,??_EXMapObjectBase@@UAEPAXI@Z,XMapObjectBase::`scalar deleting destructor'
0x00426920,46,XMapObject.obj,1,??_GXMapObjectBase@@UAEPAXI@Z,XMapObjectBase::`scalar deleting destructor'
0x00426950,46,XMapObject.obj,1,??_EXMapObjectList@@UAEPAXI@Z,XMapObjectList::`scalar deleting destructor'
0x00426950,46,XMapObject.obj,1,??_GXMapObjectList@@UAEPAXI@Z,XMapObjectList::`scalar deleting destructor'
0x00426980,46,XMapObject.obj,1,??_EXPole@@UAEPAXI@Z,XPole::`scalar deleting destructor'
0x00426980,46,XMapObject.obj,1,??_GXPole@@UAEPAXI@Z,XPole::`scalar deleting destructor'
0x004269B0,46,XMapObject.obj,1,??_EXShortPole@@UAEPAXI@Z,XShortPole::`scalar deleting destructor'
0x004269B0,46,XMapObject.obj,1,??_GXShortPole@@UAEPAXI@Z,XShortPole::`scalar deleting destructor'
0x004269E0,46,XMapObject.obj,1,??_EXSteam@@UAEPAXI@Z,XSteam::`scalar deleting destructor'
0x004269E0,46,XMapObject.obj,1,??_GXSteam@@UAEPAXI@Z,XSteam::`scalar deleting destructor'
0x00426A10,46,XMapObject.obj,1,??_EXTree@@UAEPAXI@Z,XTree::`scalar deleting destructor'
0x00426A10,46,XMapObject.obj,1,??_GXTree@@UAEPAXI@Z,XTree::`scalar deleting destructor'
0x00426A40,46,XMapObject.obj,1,??_EXVolcano@@UAEPAXI@Z,XVolcano::`scalar deleting destructor'
0x00426A40,46,XMapObject.obj,1,??_GXVolcano@@UAEPAXI@Z,XVolcano::`scalar deleting destructor'
0x00426A70,253,XPac.obj,1,?GetVectorFromDir@@YA?AU_D3DVECTOR@@H@Z,GetVectorFromDir
0x00426B70,76,XPac.obj,1,??0XPacFireList@@QAE@PAVXGameObject@@@Z,XPacFireList::XPacFireList
0x00426BC0,75,XPac.obj,1,??1XPacFireList@@UAE@XZ,XPacFireList::~XPacFireList
0x00426C10,312,XPac.obj,1,?CreateFire@XPacFireList@@QAEXXZ,XPacFireList::CreateFire
0x00426D50,111,XPac.obj,1,?Empty@XPacFireList@@QAEXXZ,XPacFireList::Empty
0x00426DC0,303,XPac.obj,1,?CheckCollisionWithEnemy@XPacFireList@@QAEXXZ,XPacFireList::CheckCollisionWithEnemy
0x00426EF0,145,XPac.obj,1,?ProcessFrame@XPacFireList@@QAEXXZ,XPacFireList::ProcessFrame
0x00426F90,85,XPac.obj,1,?Render@XPacFireList@@QAEXABU_D3DMATRIX@@@Z,XPacFireList::Render
0x00426FF0,60,XPac.obj,1,?GetNullIndex@XPacFireList@@IBEHXZ,XPacFireList::GetNullIndex
0x00427030,209,XPac.obj,1,??0XPacFire@@QAE@PAVXGameObject@@H@Z,XPacFire::XPacFire
0x00427110,28,XPac.obj,1,??1XPacFire@@UAE@XZ,XPacFire::~XPacFire
0x00427130,360,XPac.obj,1,?Render2@XPacFire@@UAEXABU_D3DMATRIX@@@Z,XPacFire::Render2
0x004272A0,20,XPac.obj,1,?GetState@XPacFire@@QBE?AW4STATE@1@XZ,XPacFire::GetState
0x004272C0,25,XPac.obj,1,?SetState@XPacFire@@QAEXW4STATE@1@@Z,XPacFire::SetState
0x004272E0,20,XPac.obj,1,?GetDirection@XPacFire@@QBEHXZ,XPacFire::GetDirection
0x00427300,247,XPac.obj,1,?ProcessFrame@XPacFire@@QAEXXZ,XPacFire::ProcessFrame
0x00427400,766,XPac.obj,1,?_SetTextureRandomly@XPacFire@@IAEXXZ,XPacFire::_SetTextureRandomly
0x00427700,522,XPac.obj,1,??0XPac@@QAE@PAVXGameObject@@@Z,XPac::XPac
0x00427910,99,XPac.obj,1,??1XPac@@UAE@XZ,XPac::~XPac
0x00427980,120,XPac.obj,1,?Render@XPac@@UAEXXZ,XPac::Render
0x00427A00,112,XPac.obj,1,?Reset@XPac@@QAEXXZ,XPac::Reset
0x00427A70,17,XPac.obj,1,?GetState@XPac@@QBE?AW4STATE@1@XZ,XPac::GetState
0x00427A90,17,XPac.obj,1,?GetFaceDirection@XPac@@QBEHXZ,XPac::GetFaceDirection
0x00427AB0,31,XPac.obj,1,?SetMapPos@XPac@@QAEXHH@Z,XPac::SetMapPos
0x00427AD0,17,XPac.obj,1,?GetMapPosX@XPac@@QBEHXZ,XPac::GetMapPosX
0x00427AF0,17,XPac.obj,1,?GetMapPosZ@XPac@@QBEHXZ,XPac::GetMapPosZ
0x00427B10,20,XPac.obj,1,?GetFireEnergy@XPac@@QBEHXZ,XPac::GetFireEnergy
0x00427B30,24,XPac.obj,1,?ResetFireEnergy@XPac@@QAEXXZ,XPac::ResetFireEnergy
0x00427B50,143,XPac.obj,1,?SetFaceDirection@XPac@@QAEXH@Z,XPac::SetFaceDirection
0x00427BE0,295,XPac.obj,1,?StartMoving@XPac@@QAEXH@Z,XPac::StartMoving
0x00427D10,234,XPac.obj,1,?StartArrow@XPac@@QAEXH@Z,XPac::StartArrow
0x00427E00,176,XPac.obj,1,?StartDying@XPac@@QAEXXZ,XPac::StartDying
0x00427EB0,352,XPac.obj,1,?ProcessRotate@XPac@@QAEXK@Z,XPac::ProcessRotate
0x00428010,1597,XPac.obj,1,?ProcessFrame@XPac@@QAEXXZ,XPac::ProcessFrame
0x00428650,49,XPac.obj,1,??_EXPac@@UAEPAXI@Z,XPac::`scalar deleting destructor'
0x00428650,49,XPac.obj,1,??_GXPac@@UAEPAXI@Z,XPac::`scalar deleting destructor'
0x00428690,49,XPac.obj,1,??_EXPacFire@@UAEPAXI@Z,XPacFire::`scalar deleting destructor'
0x00428690,49,XPac.obj,1,??_GXPacFire@@UAEPAXI@Z,XPacFire::`scalar deleting destructor'
0x004286D0,46,XPac.obj,1,??_EXPacFireList@@UAEPAXI@Z,XPacFireList::`scalar deleting destructor'
0x004286D0,46,XPac.obj,1,??_GXPacFireList@@UAEPAXI@Z,XPacFireList::`scalar deleting destructor'
0x00428700,96,XRegister.obj,1,?LoadRegisterInfo@@YAXPBD@Z,LoadRegisterInfo
0x00428760,5,XRegister.obj,1,?SaveRegisterInfo@@YAXPBD@Z,SaveRegisterInfo
0x00428770,49,XRegister.obj,1,?DeleteRegisterInfo@@YAXXZ,DeleteRegisterInfo
0x004287B0,74,XRegister.obj,1,?DoRegister@@YAXPAUHWND__@@@Z,DoRegister
0x00428800,10,XRegister.obj,1,?IsRegistered@@YAHXZ,IsRegistered
0x00428960,59,XRegister.obj,1,?_ExecuteRgisterDialog@@YAJPAUHWND__@@PAUJREGISTERINFO@@@Z,_ExecuteRgisterDialog
0x004289A0,26,XRegister.obj,1,?_CheckRegistrationKey@@YAXXZ,_CheckRegistrationKey
0x004289C0,442,XTitle.obj,1,??0XTitleBackground@@QAE@PAVXApplication@@@Z,XTitleBackground::XTitleBackground
0x00428B80,142,XTitle.obj,1,??1XTitleBackground@@UAE@XZ,XTitleBackground::~XTitleBackground
0x00428C10,75,XTitle.obj,1,?ProcessFrame@XTitleBackground@@QAEXK@Z,XTitleBackground::ProcessFrame
0x00428C60,222,XTitle.obj,1,?Render@XTitleBackground@@QAEXXZ,XTitleBackground::Render
0x00428D40,557,XTitle.obj,1,??0XLogoObject@@QAE@PAVXApplication@@@Z,XLogoObject::XLogoObject
0x00428F70,280,XTitle.obj,1,??1XLogoObject@@UAE@XZ,XLogoObject::~XLogoObject
0x00429090,142,XTitle.obj,1,?ProcessFrame@XLogoObject@@UAEXK@Z,XLogoObject::ProcessFrame
0x00429120,148,XTitle.obj,1,?Render@XLogoObject@@UAEXXZ,XLogoObject::Render
0x004291C0,990,XTitle.obj,1,??0XRegisterInfoObject@@QAE@PAVXApplication@@@Z,XRegisterInfoObject::XRegisterInfoObject
0x004295A0,695,XTitle.obj,1,??1XRegisterInfoObject@@UAE@XZ,XRegisterInfoObject::~XRegisterInfoObject
0x00429860,355,XTitle.obj,1,?ProcessFrame@XRegisterInfoObject@@UAEXK@Z,XRegisterInfoObject::ProcessFrame
0x004299D0,561,XTitle.obj,1,?Render@XRegisterInfoObject@@UAEXXZ,XRegisterInfoObject::Render
0x00429C10,1699,XTitle.obj,1,??0XSelectLevelObject@@QAE@PAVXApplication@@@Z,XSelectLevelObject::XSelectLevelObject
0x0042A2C0,1088,XTitle.obj,1,??1XSelectLevelObject@@UAE@XZ,XSelectLevelObject::~XSelectLevelObject
0x0042A700,1354,XTitle.obj,1,?ProcessFrame@XSelectLevelObject@@UAEXK@Z,XSelectLevelObject::ProcessFrame
0x0042AC50,1213,XTitle.obj,1,?Render@XSelectLevelObject@@UAEXXZ,XSelectLevelObject::Render
0x0042B110,209,XTitle.obj,1,?CreatePreviewMap@XSelectLevelObject@@IAEXXZ,XSelectLevelObject::CreatePreviewMap
0x0042B1F0,1278,XTitle.obj,1,??0XTitleObject@@QAE@PAVXApplication@@@Z,XTitleObject::XTitleObject
0x0042B6F0,816,XTitle.obj,1,??1XTitleObject@@UAE@XZ,XTitleObject::~XTitleObject
0x0042BA20,806,XTitle.obj,1,?ProcessFrame@XTitleObject@@UAEXK@Z,XTitleObject::ProcessFrame
0x0042BD50,726,XTitle.obj,1,?Render@XTitleObject@@UAEXXZ,XTitleObject::Render
0x0042C030,2072,XTitle.obj,1,??0XEndingObject@@QAE@PAVXApplication@@@Z,XEndingObject::XEndingObject
0x0042C850,544,XTitle.obj,1,??1XEndingObject@@UAE@XZ,XEndingObject::~XEndingObject
0x0042CA70,653,XTitle.obj,1,?ProcessFrame@XEndingObject@@UAEXK@Z,XEndingObject::ProcessFrame
0x0042CD00,335,XTitle.obj,1,?Render@XEndingObject@@UAEXXZ,XEndingObject::Render
0x0042CE50,168,XTitle.obj,1,?CheckButtonPressed@@YAHPAVJDInput@@@Z,CheckButtonPressed
0x0042CF00,49,XTitle.obj,1,??_EXEndingObject@@UAEPAXI@Z,XEndingObject::`scalar deleting destructor'
0x0042CF00,49,XTitle.obj,1,??_GXEndingObject@@UAEPAXI@Z,XEndingObject::`scalar deleting destructor'
0x0042CF40,46,XTitle.obj,1,??_EXLogoObject@@UAEPAXI@Z,XLogoObject::`scalar deleting destructor'
0x0042CF40,46,XTitle.obj,1,??_GXLogoObject@@UAEPAXI@Z,XLogoObject::`scalar deleting destructor'
0x0042CF70,46,XTitle.obj,1,??_EXRegisterInfoObject@@UAEPAXI@Z,XRegisterInfoObject::`scalar deleting destructor'
0x0042CF70,46,XTitle.obj,1,??_GXRegisterInfoObject@@UAEPAXI@Z,XRegisterInfoObject::`scalar deleting destructor'
0x0042CFA0,46,XTitle.obj,1,??_EXSelectLevelObject@@UAEPAXI@Z,XSelectLevelObject::`scalar deleting destructor'
0x0042CFA0,46,XTitle.obj,1,??_GXSelectLevelObject@@UAEPAXI@Z,XSelectLevelObject::`scalar deleting destructor'
0x0042CFD0,46,XTitle.obj,1,??_EXTitleBackground@@UAEPAXI@Z,XTitleBackground::`scalar deleting destructor'
0x0042CFD0,46,XTitle.obj,1,??_GXTitleBackground@@UAEPAXI@Z,XTitleBackground::`scalar deleting destructor'
0x0042D000,46,XTitle.obj,1,??_EXTitleObject@@UAEPAXI@Z,XTitleObject::`scalar deleting destructor'
0x0042D000,46,XTitle.obj,1,??_GXTitleObject@@UAEPAXI@Z,XTitleObject::`scalar deleting destructor'
0x0042D02E,0,,0,_timeGetTime@0,
0x0042D034,0,,0,_mciSendStringA@16,
0x0042D03A,0,,0,_mmioOpenA@12,
0x0042D040,0,,0,_mmioRead@12,
0x0042D046,0,,0,_mmioDescend@16,
0x0042D04C,0,,0,_mmioAscend@12,
0x0042D052,0,,0,_DirectInputCreateEx@20,
0x0042D058,0,,0,_lstrcpyA@8,
0x0042D05E,0,,0,_lstrcatA@8,
0x0042D064,0,,0,_lstrlenA@4,
0x0042D06A,0,,0,_GetModuleHandleA@4,
0x0042D070,0,,0,_lstrcpynA@12,
0x0042D076,0,,0,_lstrcmpiA@8,
0x0042D07C,0,,0,_OutputDebugStringA@4,
0x0042D082,0,,0,_LoadResource@8,
0x0042D088,0,,0,_LockResource@4,
0x0042D08E,0,,0,__lopen@8,
0x0042D094,0,,0,__lread@12,
0x0042D09A,0,,0,__lclose@4,
0x0042D0A0,0,,0,_FindResourceA@12,
0x0042D0A6,0,,0,_GetTickCount@0,
0x0042D0AC,0,,0,_GetModuleFileNameA@12,
0x0042D0B2,0,,0,_CloseHandle@4,
0x0042D0B8,0,,0,_GetLastError@0,
0x0042D0BE,0,,0,_ReleaseMutex@4,
0x0042D0C4,0,,0,_CreateMutexA@12,
0x0042D0CA,0,,0,_GetMessageA@16,
0x0042D0D0,0,,0,_TranslateMessage@4,
0x0042D0D6,0,,0,_DispatchMessageA@4,
0x0042D0DC,0,,0,_PeekMessageA@20,
0x0042D0E2,0,,0,_SendMessageA@16,
0x0042D0E8,0,,0,_DefWindowProcA@16,
0x0042D0EE,0,,0,_PostQuitMessage@4,
0x0042D0F4,0,,0,_RegisterClassA@4,
0x0042D0FA,0,,0,_CreateWindowExA@48,
0x0042D100,0,,0,_DestroyWindow@4,
0x0042D106,0,,0,_SetWindowPos@28,
0x0042D10C,0,,0,_DialogBoxParamA@20,
0x0042D112,0,,0,_EndDialog@8,
0x0042D118,0,,0,_LoadAcceleratorsA@8,
0x0042D11E,0,,0,_TranslateAcceleratorA@12,
0x0042D124,0,,0,_GetSystemMetrics@4,
0x0042D12A,0,,0,_GetMenu@4,
0x0042D130,0,,0,_UpdateWindow@4,
0x0042D136,0,,0,_GetWindowRect@8,
0x0042D13C,0,,0,_AdjustWindowRectEx@16,
0x0042D142,0,,0,_MessageBoxA@16,
0x0042D148,0,,0,_SetCursor@4,
0x0042D14E,0,,0,_SetRect@20,
0x0042D154,0,,0,_GetWindowLongA@8,
0x0042D15A,0,,0,_SetWindowLongA@12,
0x0042D160,0,,0,_LoadCursorA@8,
0x0042D166,0,,0,_LoadIconA@8,
0x0042D16C,0,,0,_wsprintfA,
0x0042D172,0,,0,_GetDlgItem@8,
0x0042D178,0,,0,_EnableWindow@8,
0x0042D17E,0,,0,_GetForegroundWindow@0,
0x0042D184,0,,0,_SetWindowTextA@8,
0x0042D18A,0,,0,_GetDesktopWindow@0,
0x0042D190,0,,0,_DrawMenuBar@4,
0x0042D196,0,,0,_RedrawWindow@16,
0x0042D19C,0,,0,_GetClientRect@8,
0x0042D1A2,0,,0,_ClientToScreen@8,
0x0042D1A8,0,,0,_LoadImageA@24,
0x0042D1AE,0,,0,_PostMessageA@16,
0x0042D1B4,0,,0,_SystemParametersInfoA@16,
0x0042D1BA,0,,0,_GetWindowTextA@12,
0x0042D1C0,0,,0,_GetStockObject@4,
0x0042D1C6,0,,0,_SetBkMode@8,
0x0042D1CC,0,,0,_SetTextColor@8,
0x0042D1D2,0,,0,_ExtTextOutA@32,
0x0042D1D8,0,,0,_BitBlt@36,
0x0042D1DE,0,,0,_CreateCompatibleDC@4,
0x0042D1E4,0,,0,_DeleteDC@4,
0x0042D1EA,0,,0,_DeleteObject@4,
0x0042D1F0,0,,0,_SelectObject@8,
0x0042D1F6,0,,0,_GetDIBColorTable@16,
0x0042D1FC,0,,0,_GetObjectA@12,
0x0042D202,0,,0,_GetPixel@12,
0x0042D208,0,,0,_SetPixel@16,
0x0042D20E,0,,0,_StretchBlt@44,
0x0042D214,0,,0,_RegCloseKey@4,
0x0042D21A,0,,0,_RegOpenKeyExA@20,
0x0042D220,0,,0,_RegQueryValueExA@24,
0x0042D226,0,,0,_RegCreateKeyExA@36,
0x0042D22C,0,,0,_RegDeleteValueA@8,
0x0042D232,0,,0,_RegSetValueExA@24,
0x0042D238,0,,0,_ShellExecuteA@24,
0x0042D23E,48,new_scalar.obj,0,??2@YAPAXI@Z,operator new
0x0042D26E,14,delete_scalar_size.obj,0,??3@YAXPAXI@Z,operator delete
0x0042D27C,14,secchk.obj,0,@__security_check_cookie@4,__security_check_cookie
0x0042D28A,7,std_type_info_static.obj,0,??1type_info@@UAE@XZ,type_info::~type_info
0x0042D291,35,std_type_info_static.obj,0,??_Etype_info@@UAEPAXI@Z,type_info::`scalar deleting destructor'
0x0042D291,35,std_type_info_static.obj,0,??_Gtype_info@@UAEPAXI@Z,type_info::`scalar deleting destructor'
0x0042D2B4,9,new_array.obj,0,??_U@YAPAXI@Z,operator new[]
0x0042D2BD,14,delete_array_size.obj,0,??_V@YAXPAXI@Z,operator delete[]
0x0042D2CB,40,gs_report.obj,0,___raise_securityfailure,__raise_securityfailure
0x0042D2F3,250,gs_report.obj,0,___report_gsfailure,__report_gsfailure
0x0042D3ED,12,gs_report.obj,0,___report_rangecheckfailure,__report_rangecheckfailure
0x0042D3F9,207,gs_report.obj,0,___report_securityfailure,__report_securityfailure
0x0042D4C8,277,gs_report.obj,0,___report_securityfailureEx,__report_securityfailureEx
0x0042D5DD,13,utility.obj,0,?configure_argv@__scrt_narrow_argv_policy@@SAHXZ,__scrt_narrow_argv_policy::configure_argv
0x0042D62E,5,utility.obj,0,?initialize_environment@__scrt_narrow_environment_policy@@SAHXZ,__scrt_narrow_environment_policy::initialize_environment
0x0042D667,7,utility.obj,0,_NtCurrentTeb,NtCurrentTeb
0x0042D66E,50,utility.obj,0,___scrt_acquire_startup_lock,__scrt_acquire_startup_lock
0x0042D6A0,43,utility.obj,0,___scrt_dllmain_after_initialize_c,__scrt_dllmain_after_initialize_c
0x0042D6CB,14,utility.obj,0,___scrt_dllmain_before_initialize_c,__scrt_dllmain_before_initialize_c
0x0042D6D9,31,utility.obj,0,___scrt_dllmain_crt_thread_attach,__scrt_dllmain_crt_thread_attach
0x0042D6F8,13,utility.obj,0,___scrt_dllmain_crt_thread_detach,__scrt_dllmain_crt_thread_detach
0x0042D705,52,utility.obj,0,___scrt_dllmain_exception_filter,__scrt_dllmain_exception_filter
0x0042D739,35,utility.obj,0,___scrt_dllmain_uninitialize_c,__scrt_dllmain_uninitialize_c
0x0042D75C,13,utility.obj,0,___scrt_dllmain_uninitialize_critical,__scrt_dllmain_uninitialize_critical
0x0042D769,57,utility.obj,0,___scrt_initialize_crt,__scrt_initialize_crt
0x0042D7A2,135,utility.obj,0,___scrt_initialize_onexit_tables,__scrt_initialize_onexit_tables
0x0042D829,148,utility.obj,0,___scrt_is_nonwritable_in_current_image,__scrt_is_nonwritable_in_current_image
0x0042D8BD,29,utility.obj,0,___scrt_release_startup_lock,__scrt_release_startup_lock
0x0042D8DA,40,utility.obj,0,___scrt_uninitialize_crt,__scrt_uninitialize_crt
0x0042D902,45,utility.obj,0,__onexit,_onexit
0x0042D92F,35,utility.obj,0,_at_quick_exit,at_quick_exit
0x0042D952,21,utility.obj,0,_atexit,atexit
0x0042D967,5,delete_array.obj,0,??_V@YAXPAX@Z,operator delete[]
0x0042DBD5,9,exe_winmain.obj,0,?set_app_type@__scrt_winmain_policy@@SAXXZ,__scrt_winmain_policy::set_app_type
0x0042DBDE,17,exe_winmain.obj,0,?set_commode@__scrt_file_policy@@SAXXZ,__scrt_file_policy::set_commode
0x0042DBEF,13,exe_winmain.obj,0,?set_fmode@__scrt_file_policy@@SAXXZ,__scrt_file_policy::set_fmode
0x0042DBFC,10,exe_winmain.obj,0,_WinMainCRTStartup,WinMainCRTStartup
0x0042DC06,29,throw_bad_alloc.obj,0,??0bad_alloc@std@@AAE@QBD@Z,std::bad_alloc::bad_alloc
0x0042DC23,27,throw_bad_alloc.obj,0,??0bad_alloc@std@@QAE@ABV01@@Z,std::bad_alloc::bad_alloc
0x0042DC3E,24,throw_bad_alloc.obj,0,??0bad_alloc@std@@QAE@XZ,std::bad_alloc::bad_alloc
0x0042DC56,27,throw_bad_alloc.obj,0,??0bad_array_new_length@std@@QAE@ABV01@@Z,std::bad_array_new_length::bad_array_new_length
0x0042DC71,24,throw_bad_alloc.obj,0,??0bad_array_new_length@std@@QAE@XZ,std::bad_array_new_length::bad_array_new_length
0x0042DC89,44,throw_bad_alloc.obj,0,??0exception@std@@QAE@ABV01@@Z,std::exception::exception
0x0042DCB5,29,throw_bad_alloc.obj,0,??0exception@std@@QAE@QBDH@Z,std::exception::exception
0x0042DCD2,17,throw_bad_alloc.obj,0,??1bad_alloc@std@@UAE@XZ,std::bad_alloc::~bad_alloc
0x0042DCE3,17,throw_bad_alloc.obj,0,??1bad_array_new_length@std@@UAE@XZ,std::bad_array_new_length::~bad_array_new_length
0x0042DCF4,17,throw_bad_alloc.obj,0,??1exception@std@@UAE@XZ,std::exception::~exception
0x0042DD05,45,throw_bad_alloc.obj,0,??_Ebad_alloc@std@@UAEPAXI@Z,std::bad_alloc::`scalar deleting destructor'
0x0042DD05,45,throw_bad_alloc.obj,0,??_Gbad_alloc@std@@UAEPAXI@Z,std::bad_alloc::`scalar deleting destructor'
0x0042DD32,45,throw_bad_alloc.obj,0,??_Ebad_array_new_length@std@@UAEPAXI@Z,std::bad_array_new_length::`scalar deleting destructor'
0x0042DD32,45,throw_bad_alloc.obj,0,??_Gbad_array_new_length@std@@UAEPAXI@Z,std::bad_array_new_length::`scalar deleting destructor'
0x0042DD5F,45,throw_bad_alloc.obj,0,??_Eexception@std@@UAEPAXI@Z,std::exception::`scalar deleting destructor'
0x0042DD5F,45,throw_bad_alloc.obj,0,??_Gexception@std@@UAEPAXI@Z,std::exception::`scalar deleting destructor'
0x0042DD8C,29,throw_bad_alloc.obj,0,?__scrt_throw_std_bad_alloc@@YAXXZ,__scrt_throw_std_bad_alloc
0x0042DDA9,29,throw_bad_alloc.obj,0,?__scrt_throw_std_bad_array_new_length@@YAXXZ,__scrt_throw_std_bad_array_new_length
0x0042DDC6,13,throw_bad_alloc.obj,0,?what@exception@std@@UBEPBDXZ,std::exception::what
0x0042DDD3,5,delete_scalar.obj,0,??3@YAXPAX@Z,operator delete
0x0042DDD8,465,cpu_disp.obj,0,___isa_available_init,__isa_available_init
0x0042DFA9,4,argv_mode.obj,0,__get_startup_argv_mode,_get_startup_argv_mode
0x0042DFAD,12,ucrt_detection.obj,0,___scrt_is_ucrt_dll_in_use,__scrt_is_ucrt_dll_in_use
0x0042DFB9,283,utility_desktop.obj,0,___scrt_fastfail,__scrt_fastfail
0x0042E0D4,49,utility_desktop.obj,0,___scrt_get_show_window_mode,__scrt_get_show_window_mode
0x0042E105,5,utility_desktop.obj,0,___scrt_initialize_mta,__scrt_initialize_mta
0x0042E10A,3,utility_desktop.obj,0,___scrt_initialize_winrt,__scrt_initialize_winrt
0x0042E10D,67,utility_desktop.obj,0,___scrt_is_managed_app,__scrt_is_managed_app
0x0042E150,12,utility_desktop.obj,0,___scrt_set_unhandled_exception_filter,__scrt_set_unhandled_exception_filter
0x0042E15C,3,utility_desktop.obj,0,___scrt_exe_initialize_mta,__scrt_stub_for_initialize_mta
0x0042E15C,3,utility_desktop.obj,0,___scrt_stub_for_initialize_mta,__scrt_stub_for_initialize_mta
0x0042E15F,86,utility_desktop.obj,0,___scrt_unhandled_exception_filter@4,__scrt_unhandled_exception_filter
0x0042E1B5,8,utility_desktop.obj,0,__crt_debugger_hook,_crt_debugger_hook
0x0042E1C0,69,sehprolg4.obj,0,__SEH_prolog4,__SEH_prolog4
0x0042E210,20,sehprolg4.obj,0,__SEH_epilog4,__SEH_epilog4
0x0042E224,3,guard_support.obj,0,@_guard_check_icall_nop@4,_guard_check_icall_nop
0x0042E227,10,guard_support.obj,0,_ReadNoFence,ReadNoFence
0x0042E231,10,guard_support.obj,0,_ReadPointerNoFence,ReadPointerNoFence
0x0042E23B,27,guard_support.obj,0,___castguard_check_failure_debugbreak,__castguard_check_failure_debugbreak
0x0042E256,31,guard_support.obj,0,___castguard_check_failure_fastfail,__castguard_check_failure_fastfail
0x0042E275,3,guard_support.obj,0,___castguard_check_failure_nop,__castguard_check_failure_nop
0x0042E278,57,guard_support.obj,0,___castguard_check_failure_os_handled,__castguard_check_failure_os_handled
0x0042E2CC,45,guard_support.obj,0,___castguard_slow_path_check_debugbreak,__castguard_slow_path_check_debugbreak
0x0042E2F9,49,guard_support.obj,0,___castguard_slow_path_check_fastfail,__castguard_slow_path_check_fastfail
0x0042E32A,3,guard_support.obj,0,___castguard_slow_path_check_nop,__castguard_slow_path_check_nop
0x0042E32D,76,guard_support.obj,0,___castguard_slow_path_check_os_handled,__castguard_slow_path_check_os_handled
0x0042E393,18,guard_support.obj,0,__guard_icall_checks_enforced,_guard_icall_checks_enforced
0x0042E3F2,75,gs_support.obj,0,___security_init_cookie,__security_init_cookie
0x0042E43D,3,matherr.obj,0,__matherr,_matherr
0x0042E440,3,commit_mode.obj,0,__get_startup_commit_mode,_get_startup_commit_mode
0x0042E443,6,file_mode.obj,0,__get_startup_file_mode,_get_startup_file_mode
0x0042E449,3,new_mode.obj,0,__get_startup_new_mode,_get_startup_new_mode
0x0042E44C,3,thread_locale.obj,0,__get_startup_thread_locale_mode,_get_startup_thread_locale_mode
0x0042E44F,12,tncleanup.obj,0,?__scrt_initialize_type_info@@YAXXZ,__scrt_initialize_type_info
0x0042E45B,12,tncleanup.obj,0,?__scrt_uninitialize_type_info@@YAXXZ,__scrt_uninitialize_type_info
0x0042E467,3,env_mode.obj,0,__should_initialize_environment,_should_initialize_environment
0x0042E46A,33,default_precision.obj,0,__initialize_default_precision,_initialize_default_precision
0x0042E48B,3,invalid_parameter_handler.obj,0,__initialize_invalid_parameter_handler,_initialize_invalid_parameter_handler
0x0042E48E,3,denormal_control.obj,0,__initialize_denormal_control,_initialize_denormal_control
0x0042E491,6,default_local_stdio_options.obj,0,___local_stdio_scanf_options,__local_stdio_scanf_options
0x0042E497,29,default_local_stdio_options.obj,0,___scrt_initialize_default_local_stdio_options,__scrt_initialize_default_local_stdio_options
0x0042E4B4,12,matherr_detection.obj,0,___scrt_is_user_matherr_present,__scrt_is_user_matherr_present
0x0042E4C0,6,dyn_tls_init.obj,0,___scrt_get_dyn_tls_init_callback,__scrt_get_dyn_tls_init_callback
0x0042E4C6,6,dyn_tls_dtor.obj,0,___scrt_get_dyn_tls_dtor_callback,__scrt_get_dyn_tls_dtor_callback
0x0042E4CC,44,initsect.obj,0,__RTC_Initialize,_RTC_Initialize
0x0042E4F8,44,initsect.obj,0,__RTC_Terminate,_RTC_Terminate
0x0042E524,36,trnsctrl.obj,0,??$?0AAViterator@TryBlockMap@__FrameHandler3@@AAV012@$0A@@?$pair@Viterator@TryBlockMap@__FrameHandler3@@V123@@std@@QAE@AAViterator@TryBlockMap@__FrameHandler3@@0@Z,"std::pair<__FrameHandler3::TryBlockMap::iterator,__FrameHandler3::TryBlockMap::iterator>::pair<__FrameHandler3::TryBlockMap::iterator,__FrameHandler3::TryBlockMap::iterator><__FrameHandler3::TryBlockMap::iterator &,__FrameHandler3::TryBlockMap::iterator &,0>"
0x0042E548,8,trnsctrl.obj,0,??$forward@AAViterator@TryBlockMap@__FrameHandler3@@@std@@YAAAViterator@TryBlockMap@__FrameHandler3@@AAV123@@Z,std::forward<__FrameHandler3::TryBlockMap::iterator &>
0x0042E550,20,trnsctrl.obj,0,??0iterator@TryBlockMap@__FrameHandler3@@QAE@AAV12@I@Z,__FrameHandler3::TryBlockMap::iterator::iterator
0x0042E564,112,trnsctrl.obj,0,?GetRangeOfTrysToCheck@__FrameHandler3@@SA?AU?$pair@Viterator@TryBlockMap@__FrameHandler3@@V123@@std@@AAVTryBlockMap@1@HPAXPBU_s_FuncInfo@@H@Z,__FrameHandler3::GetRangeOfTrysToCheck
0x0042E5D4,93,trnsctrl.obj,0,?_CallCatchBlock2@@YAPAXPAUEHRegistrationNode@@PBU_s_FuncInfo@@PAXHK@Z,_CallCatchBlock2
0x0042E631,246,trnsctrl.obj,0,?_CallSETranslator@@YAHPAUEHExceptionRecord@@PAUEHRegistrationNode@@PAX2PBU_s_FuncInfo@@H1@Z,_CallSETranslator
0x0042E727,48,trnsctrl.obj,0,?_JumpToContinuation@@YGXPAXPAUEHRegistrationNode@@@Z,_JumpToContinuation
0x0042E757,83,trnsctrl.obj,0,?_UnwindNestedFrames@@YGXPAUEHRegistrationNode@@PAUEHExceptionRecord@@@Z,_UnwindNestedFrames
0x0042E7AA,49,trnsctrl.obj,0,__CatchGuardHandler,_CatchGuardHandler
0x0042E7DB,36,trnsctrl.obj,0,__CreateFrameInfo,_CreateFrameInfo
0x0042E7FF,72,trnsctrl.obj,0,__FindAndUnlinkFrame,_FindAndUnlinkFrame
0x0042E847,157,trnsctrl.obj,0,__TranslatorGuardHandler,_TranslatorGuardHandler
0x0042E8E4,54,trnsctrl.obj,0,___CxxFrameHandler,__CxxFrameHandler
0x0042E91A,54,trnsctrl.obj,0,___CxxFrameHandler2,__CxxFrameHandler2
0x0042E950,54,trnsctrl.obj,0,___CxxFrameHandler3,__CxxFrameHandler3
0x0042E986,37,trnsctrl.obj,0,___CxxLongjmpUnwind@4,__CxxLongjmpUnwind
0x0042EAA0,3852,memcmp.obj,0,_memcmp,memcmp
0x004307F0,1396,memcpy.obj,0,_memcpy,memcpy
0x00430D70,346,memset.obj,0,_memset,memset
0x00430ECA,13,purevirt.obj,0,??$__crt_interlocked_exchange_pointer@$$A6AXXZP6AXXZ@@YAP6AXXZPDS6AXXZQ6AXXZ@Z,"__crt_interlocked_exchange_pointer<void __cdecl(void),void (__cdecl*)(void)>"
0x00430ED7,10,purevirt.obj,0,??$__crt_interlocked_read_pointer@$$A6AXXZ@@YAP6AXXZPDS6AXXZ@Z,__crt_interlocked_read_pointer<void __cdecl(void)>
0x00430EE1,10,purevirt.obj,0,?__crt_interlocked_read_32@@YAHPDH@Z,__crt_interlocked_read_32
0x00430EEB,6,purevirt.obj,0,__get_purecall_handler,_get_purecall_handler
0x00430EF1,28,purevirt.obj,0,__purecall,_purecall
0x00430F0D,15,purevirt.obj,0,__set_purecall_handler,_set_purecall_handler
0x00430F20,299,strchr.obj,0,_strchr,strchr
0x0043104B,31,initialization.obj,0,___vcrt_initialize,__vcrt_initialize
0x0043106A,11,initialization.obj,0,___vcrt_thread_attach,__vcrt_thread_attach
0x00431075,11,initialization.obj,0,___vcrt_thread_detach,__vcrt_thread_detach
0x00431080,23,initialization.obj,0,___vcrt_uninitialize,__vcrt_uninitialize
0x00431097,8,initialization.obj,0,___vcrt_uninitialize_critical,__vcrt_uninitialize_critical
0x004310F0,350,chandler4.obj,0,__except_handler4,_except_handler4
0x0043124E,16,std_exception.obj,0,??$?RD@__crt_public_free_policy@@QBEXQBD@Z,__crt_public_free_policy::operator()<char>
0x0043125E,14,std_exception.obj,0,??0?$__crt_unique_heap_ptr@DU__crt_public_free_policy@@@@QAE@QAD@Z,"__crt_unique_heap_ptr<char,__crt_public_free_policy>::__crt_unique_heap_ptr<char,__crt_public_free_policy>"
0x0043126C,16,std_exception.obj,0,??1?$__crt_unique_heap_ptr@DU__crt_public_free_policy@@@@QAE@XZ,"__crt_unique_heap_ptr<char,__crt_public_free_policy>::~__crt_unique_heap_ptr<char,__crt_public_free_policy>"
0x0043127C,7,std_exception.obj,0,??B?$__crt_unique_heap_ptr@DU__crt_public_free_policy@@@@QBE_NXZ,"__crt_unique_heap_ptr<char,__crt_public_free_policy>::operator bool"
0x00431283,6,std_exception.obj,0,?detach@?$__crt_unique_heap_ptr@DU__crt_public_free_policy@@@@QAEPADXZ,"__crt_unique_heap_ptr<char,__crt_public_free_policy>::detach"
0x00431289,3,std_exception.obj,0,?get@?$__crt_unique_heap_ptr@DU__crt_public_free_policy@@@@QBEPADXZ,"__crt_unique_heap_ptr<char,__crt_public_free_policy>::get"
0x0043128C,7,std_exception.obj,0,?is_valid@?$__crt_unique_heap_ptr@DU__crt_public_free_policy@@@@QBE_NXZ,"__crt_unique_heap_ptr<char,__crt_public_free_policy>::is_valid"
0x00431293,16,std_exception.obj,0,?release@?$__crt_unique_heap_ptr@DU__crt_public_free_policy@@@@QAEXXZ,"__crt_unique_heap_ptr<char,__crt_public_free_policy>::release"
0x004312A3,99,std_exception.obj,0,___std_exception_copy,__std_exception_copy
0x00431306,31,std_exception.obj,0,___std_exception_destroy,__std_exception_destroy
0x00431325,108,throw.obj,0,__CxxThrowException@8,_CxxThrowException
0x00431391,161,ehhelpers.obj,0,___DestructExceptionObject,__DestructExceptionObject
0x00431432,13,ehhelpers.obj,0,?_CallMemberFunction0@@YGXQAX0@Z,_CallMemberFunction0
0x00431497,4,ehhelpers.obj,0,?raw_name@type_info@@QBEPBDXZ,type_info::raw_name
0x0043149B,38,ehhelpers.obj,0,__IsExceptionObjectToBeDestroyed,_IsExceptionObjectToBeDestroyed
0x004314C1,13,ehhelpers.obj,0,__SetWinRTOutOfMemoryExceptionCallback,_SetWinRTOutOfMemoryExceptionCallback
0x004314CE,37,ehhelpers.obj,0,___AdjustPointer,__AdjustPointer
0x004314F3,86,ehhelpers.obj,0,___FrameUnwindFilter,__FrameUnwindFilter
0x00431549,76,ehhelpers.obj,0,___GetPlatformExceptionInfo,__GetPlatformExceptionInfo
0x00431595,9,ehhelpers.obj,0,___current_exception,__current_exception
0x0043159E,9,ehhelpers.obj,0,___current_exception_context,__current_exception_context
0x004315A7,9,ehhelpers.obj,0,___processing_throw,__processing_throw
0x004315B0,5,ehhelpers.obj,0,___std_terminate,__std_terminate
0x004315B5,164,ehhelpers.obj,0,__is_exception_typeof,_is_exception_typeof
0x00431667,16,std_type_info.obj,0,??$?RD@__crt_internal_free_policy@@QBEXQBD@Z,__crt_internal_free_policy::operator()<char>
0x00431677,16,std_type_info.obj,0,??$?RX@__crt_internal_free_policy@@QBEXQBX@Z,__crt_internal_free_policy::operator()<void>
0x00431687,18,std_type_info.obj,0,??$__crt_interlocked_compare_exchange_pointer@$$CBDPAD$$T@@YAPBDPDSBDQAD$$T@Z,"__crt_interlocked_compare_exchange_pointer<char const ,char *,std::nullptr_t>"
0x00431699,10,std_type_info.obj,0,??$__crt_interlocked_read_pointer@$$CBD@@YAPBDPDSBD@Z,__crt_interlocked_read_pointer<char const >
0x004316A3,14,std_type_info.obj,0,??0?$__crt_unique_heap_ptr@DU__crt_internal_free_policy@@@@QAE@QAD@Z,"__crt_unique_heap_ptr<char,__crt_internal_free_policy>::__crt_unique_heap_ptr<char,__crt_internal_free_policy>"
0x004316B1,14,std_type_info.obj,0,??0?$__crt_unique_heap_ptr@XU__crt_internal_free_policy@@@@QAE@QAX@Z,"__crt_unique_heap_ptr<void,__crt_internal_free_policy>::__crt_unique_heap_ptr<void,__crt_internal_free_policy>"
0x004316BF,16,std_type_info.obj,0,??1?$__crt_unique_heap_ptr@DU__crt_internal_free_policy@@@@QAE@XZ,"__crt_unique_heap_ptr<char,__crt_internal_free_policy>::~__crt_unique_heap_ptr<char,__crt_internal_free_policy>"
0x004316CF,16,std_type_info.obj,0,??1?$__crt_unique_heap_ptr@XU__crt_internal_free_policy@@@@QAE@XZ,"__crt_unique_heap_ptr<void,__crt_internal_free_policy>::~__crt_unique_heap_ptr<void,__crt_internal_free_policy>"
0x004316DF,7,std_type_info.obj,0,??B?$__crt_unique_heap_ptr@DU__crt_internal_free_policy@@@@QBE_NXZ,"__crt_unique_heap_ptr<char,__crt_internal_free_policy>::operator bool"
0x004316E6,7,std_type_info.obj,0,??B?$__crt_unique_heap_ptr@XU__crt_internal_free_policy@@@@QBE_NXZ,"__crt_unique_heap_ptr<void,__crt_internal_free_policy>::operator bool"
0x00431719,6,std_type_info.obj,0,?detach@?$__crt_unique_heap_ptr@XU__crt_internal_free_policy@@@@QAEPAXXZ,"__crt_unique_heap_ptr<void,__crt_internal_free_policy>::detach"
0x0043171F,3,std_type_info.obj,0,?get@?$__crt_unique_heap_ptr@DU__crt_internal_free_policy@@@@QBEPADXZ,"__crt_unique_heap_ptr<char,__crt_internal_free_policy>::get"
0x00431722,3,std_type_info.obj,0,?get@?$__crt_unique_heap_ptr@XU__crt_internal_free_policy@@@@QBEPAXXZ,"__crt_unique_heap_ptr<void,__crt_internal_free_policy>::get"
0x00431725,7,std_type_info.obj,0,?is_valid@?$__crt_unique_heap_ptr@DU__crt_internal_free_policy@@@@QBE_NXZ,"__crt_unique_heap_ptr<char,__crt_internal_free_policy>::is_valid"
0x0043172C,7,std_type_info.obj,0,?is_valid@?$__crt_unique_heap_ptr@XU__crt_internal_free_policy@@@@QBE_NXZ,"__crt_unique_heap_ptr<void,__crt_internal_free_policy>::is_valid"
0x00431733,16,std_type_info.obj,0,?release@?$__crt_unique_heap_ptr@DU__crt_internal_free_policy@@@@QAEXXZ,"__crt_unique_heap_ptr<char,__crt_internal_free_policy>::release"
0x00431743,16,std_type_info.obj,0,?release@?$__crt_unique_heap_ptr@XU__crt_internal_free_policy@@@@QAEXXZ,"__crt_unique_heap_ptr<void,__crt_internal_free_policy>::release"
0x00431753,60,std_type_info.obj,0,___std_type_info_compare,__std_type_info_compare
0x0043178F,35,std_type_info.obj,0,___std_type_info_destroy_list,__std_type_info_destroy_list
0x004317B2,38,std_type_info.obj,0,___std_type_info_hash,__std_type_info_hash
0x004317D8,197,std_type_info.obj,0,___std_type_info_name,__std_type_info_name
0x0043189D,16,per_thread_data.obj,0,??$?RU__vcrt_ptd@@@__crt_internal_free_policy@@QBEXQBU__vcrt_ptd@@@Z,__crt_internal_free_policy::operator()<__vcrt_ptd>
0x004318AD,14,per_thread_data.obj,0,??0?$__crt_unique_heap_ptr@U__vcrt_ptd@@U__crt_internal_free_policy@@@@QAE@QAU__vcrt_ptd@@@Z,"__crt_unique_heap_ptr<__vcrt_ptd,__crt_internal_free_policy>::__crt_unique_heap_ptr<__vcrt_ptd,__crt_internal_free_policy>"
0x004318CA,16,per_thread_data.obj,0,??1?$__crt_unique_heap_ptr@U__vcrt_ptd@@U__crt_internal_free_policy@@@@QAE@XZ,"__crt_unique_heap_ptr<__vcrt_ptd,__crt_internal_free_policy>::~__crt_unique_heap_ptr<__vcrt_ptd,__crt_internal_free_policy>"
0x004318E3,7,per_thread_data.obj,0,??B?$__crt_unique_heap_ptr@U__vcrt_ptd@@U__crt_internal_free_policy@@@@QBE_NXZ,"__crt_unique_heap_ptr<__vcrt_ptd,__crt_internal_free_policy>::operator bool"
0x004318EA,6,per_thread_data.obj,0,?detach@?$__crt_unique_heap_ptr@U__vcrt_ptd@@U__crt_internal_free_policy@@@@QAEPAU__vcrt_ptd@@XZ,"__crt_unique_heap_ptr<__vcrt_ptd,__crt_internal_free_policy>::detach"
0x004318F0,3,per_thread_data.obj,0,?get@?$__crt_unique_heap_ptr@U__vcrt_ptd@@U__crt_internal_free_policy@@@@QBEPAU__vcrt_ptd@@XZ,"__crt_unique_heap_ptr<__vcrt_ptd,__crt_internal_free_policy>::get"
0x004318F3,7,per_thread_data.obj,0,?is_valid@?$__crt_unique_heap_ptr@U__vcrt_ptd@@U__crt_internal_free_policy@@@@QBE_NXZ,"__crt_unique_heap_ptr<__vcrt_ptd,__crt_internal_free_policy>::is_valid"
0x004318FA,16,per_thread_data.obj,0,?release@?$__crt_unique_heap_ptr@U__vcrt_ptd@@U__crt_internal_free_policy@@@@QAEXXZ,"__crt_unique_heap_ptr<__vcrt_ptd,__crt_internal_free_policy>::release"
0x00431924,28,per_thread_data.obj,0,___vcrt_freefls@4,__vcrt_freefls
0x00431940,54,per_thread_data.obj,0,___vcrt_freeptd,__vcrt_freeptd
0x00431976,14,per_thread_data.obj,0,___vcrt_getptd,__vcrt_getptd
0x00431984,146,per_thread_data.obj,0,___vcrt_getptd_noexit,__vcrt_getptd_noexit
0x00431A16,55,per_thread_data.obj,0,___vcrt_getptd_noinit,__vcrt_getptd_noinit
0x00431A4D,51,per_thread_data.obj,0,___vcrt_initialize_ptd,__vcrt_initialize_ptd
0x00431A80,27,per_thread_data.obj,0,___vcrt_uninitialize_ptd,__vcrt_uninitialize_ptd
0x004321D2,142,frame.obj,0,??$TypeMatchHelper@V__FrameHandler3@@@@YAHPBU_s_HandlerType@@PBU_s_CatchableType@@PBU_s_ThrowInfo@@@Z,TypeMatchHelper<__FrameHandler3>
0x00432260,258,frame.obj,0,??$__InternalCxxFrameHandler@V__FrameHandler3@@@@YA?AW4_EXCEPTION_DISPOSITION@@PAUEHExceptionRecord@@PAUEHRegistrationNode@@PAU_CONTEXT@@PAXPBU_s_FuncInfo@@H1E@Z,__InternalCxxFrameHandler<__FrameHandler3>
0x00432362,23,frame.obj,0,??0HandlerMap@__FrameHandler3@@QAE@PBU_s_TryBlockMapEntry@@II@Z,__FrameHandler3::HandlerMap::HandlerMap
0x00432379,20,frame.obj,0,??0TryBlockMap@__FrameHandler3@@QAE@PBU_s_FuncInfo@@I@Z,__FrameHandler3::TryBlockMap::TryBlockMap
0x0043238D,27,frame.obj,0,??0bad_exception@std@@QAE@ABV01@@Z,std::bad_exception::bad_exception
0x004323A8,24,frame.obj,0,??0bad_exception@std@@QAE@XZ,std::bad_exception::bad_exception
0x004323C0,20,frame.obj,0,??0iterator@HandlerMap@__FrameHandler3@@QAE@AAV12@I@Z,__FrameHandler3::HandlerMap::iterator::iterator
0x004323D4,17,frame.obj,0,??1bad_exception@std@@UAE@XZ,std::bad_exception::~bad_exception
0x004323E5,19,frame.obj,0,??8iterator@HandlerMap@__FrameHandler3@@QBE_NABV012@@Z,__FrameHandler3::HandlerMap::iterator::operator==
0x004323F8,31,frame.obj,0,??8type_info@@QBE_NABV0@@Z,type_info::operator==
0x00432417,19,frame.obj,0,??9iterator@HandlerMap@__FrameHandler3@@QBE_NABV012@@Z,__FrameHandler3::HandlerMap::iterator::operator!=
0x0043242A,31,frame.obj,0,??Diterator@HandlerMap@__FrameHandler3@@QAE?BU_s_HandlerType@@XZ,__FrameHandler3::HandlerMap::iterator::operator*
0x00432449,34,frame.obj,0,??Diterator@TryBlockMap@__FrameHandler3@@QAE?BU_s_TryBlockMapEntry@@XZ,__FrameHandler3::TryBlockMap::iterator::operator*
0x0043246B,6,frame.obj,0,??Eiterator@HandlerMap@__FrameHandler3@@QAEAAV012@XZ,__FrameHandler3::HandlerMap::iterator::operator++
0x00432471,6,frame.obj,0,??Eiterator@TryBlockMap@__FrameHandler3@@QAEAAV012@XZ,__FrameHandler3::TryBlockMap::iterator::operator++
0x00432477,19,frame.obj,0,??Miterator@TryBlockMap@__FrameHandler3@@QBE_NABV012@@Z,__FrameHandler3::TryBlockMap::iterator::operator<
0x0043248A,45,frame.obj,0,??_Ebad_exception@std@@UAEPAXI@Z,std::bad_exception::`scalar deleting destructor'
0x0043248A,45,frame.obj,0,??_Gbad_exception@std@@UAEPAXI@Z,std::bad_exception::`scalar deleting destructor'
0x004324B7,5,frame.obj,0,?BuildCatchObject@__FrameHandler3@@SAXPAUEHExceptionRecord@@PAXPBU_s_HandlerType@@PBU_s_CatchableType@@@Z,__FrameHandler3::BuildCatchObject
0x004324BC,9,frame.obj,0,?BuildCatchObjectHelper@__FrameHandler3@@SAHPAUEHExceptionRecord@@PAXPBU_s_HandlerType@@PBU_s_CatchableType@@@Z,__FrameHandler3::BuildCatchObjectHelper
0x00432712,24,frame.obj,0,?FrameUnwindToEmptyState@__FrameHandler3@@SAXPAUEHRegistrationNode@@PAXPBU_s_FuncInfo@@@Z,__FrameHandler3::FrameUnwindToEmptyState
0x0043272A,232,frame.obj,0,?FrameUnwindToState@__FrameHandler3@@SAXPAUEHRegistrationNode@@PAXPBU_s_FuncInfo@@H@Z,__FrameHandler3::FrameUnwindToState
0x00432812,11,frame.obj,0,?GetMaxState@__FrameHandler3@@SAHPAXPBU_s_FuncInfo@@@Z,__FrameHandler3::GetMaxState
0x004328F0,9,frame.obj,0,?TypeMatch@__FrameHandler3@@SAHPBU_s_HandlerType@@PBU_s_CatchableType@@PBU_s_ThrowInfo@@@Z,__FrameHandler3::TypeMatch
0x004328F9,16,frame.obj,0,?_CallMemberFunction1@@YGXQAX00@Z,_CallMemberFunction1
0x00432909,19,frame.obj,0,?_CallMemberFunction2@@YGXQAX00H@Z,_CallMemberFunction2
0x0043291C,16,frame.obj,0,?begin@HandlerMap@__FrameHandler3@@QAE?AViterator@12@XZ,__FrameHandler3::HandlerMap::begin
0x0043292C,17,frame.obj,0,?end@HandlerMap@__FrameHandler3@@QAE?AViterator@12@XZ,__FrameHandler3::HandlerMap::end
0x0043293D,11,frame.obj,0,?getESTypes@__FrameHandler3@@SAPBU_s_ESTypeList@@PBU_s_FuncInfo@@@Z,__FrameHandler3::getESTypes
0x00432948,14,frame.obj,0,?getLastEntry@HandlerMap@__FrameHandler3@@QAEPBU_s_HandlerType@@XZ,__FrameHandler3::HandlerMap::getLastEntry
0x00432956,15,frame.obj,0,?getMagicNum@__FrameHandler3@@SAIPBU_s_FuncInfo@@@Z,__FrameHandler3::getMagicNum
0x00432965,6,frame.obj,0,?getNumTryBlocks@TryBlockMap@__FrameHandler3@@QAEIXZ,__FrameHandler3::TryBlockMap::getNumTryBlocks
0x0043296B,13,frame.obj,0,?isEHs@__FrameHandler3@@SA_NPBU_s_FuncInfo@@@Z,__FrameHandler3::isEHs
0x00432978,16,frame.obj,0,?isNoExcept@__FrameHandler3@@SA_NPBU_s_FuncInfo@@@Z,__FrameHandler3::isNoExcept
0x00432988,5,frame.obj,0,___BuildCatchObject,__BuildCatchObject
0x0043298D,9,frame.obj,0,___BuildCatchObjectHelper,__BuildCatchObjectHelper
0x00432996,9,frame.obj,0,___TypeMatch,__TypeMatch
0x0043299F,14,frame.obj,0,___vcrt_EncodePointer,__vcrt_EncodePointer
0x004329B0,76,lowhelpr.obj,0,__CallSettingFrame@12,_CallSettingFrame
0x00432A07,48,jbcxrval.obj,0,___except_validate_context_record,__except_validate_context_record
0x00432A37,45,jbcxrval.obj,0,___except_validate_jump_buffer,__except_validate_jump_buffer
0x00432A64,57,jbcxrval.obj,0,___except_validate_jump_buffer_common,__except_validate_jump_buffer_common
0x00432A9D,60,locks.obj,0,___vcrt_initialize_locks,__vcrt_initialize_locks
0x00432AD9,21,locks.obj,0,___vcrt_lock,__vcrt_lock
0x00432AEE,47,locks.obj,0,___vcrt_uninitialize_locks,__vcrt_uninitialize_locks
0x00432B1D,21,locks.obj,0,___vcrt_unlock,__vcrt_unlock
0x00432B40,159,exsup4.obj,0,__local_unwind4,_local_unwind4
0x00432C30,40,exsup4.obj,0,__seh_longjmp_unwind4@4,_seh_longjmp_unwind4
0x00432C60,23,exsup4.obj,0,@_EH4_CallFilterFunc@8,@_EH4_CallFilterFunc@8
0x00432C80,25,exsup4.obj,0,@_EH4_TransferToHandler@8,@_EH4_TransferToHandler@8
0x00432CA0,26,exsup4.obj,0,@_EH4_GlobalUnwind2@8,@_EH4_GlobalUnwind2@8
0x00432CC0,23,exsup4.obj,0,@_EH4_LocalUnwind@16,@_EH4_LocalUnwind@16
0x00432CD7,51,undname.obj,0,??$?0$00@DName@@QAE@PBDU?$StringLifeSelector@$00@@@Z,DName::DName<1>
0x00432D0A,27,undname.obj,0,??$?0$00@pcharNode@@QAE@PBDHU?$StringLifeSelector@$00@@@Z,pcharNode::pcharNode<1>
0x00432D25,51,undname.obj,0,??$?0$01@DName@@QAE@PBDU?$StringLifeSelector@$01@@@Z,DName::DName<2>
0x00432D58,64,undname.obj,0,??$?0$01@pcharNode@@QAE@PBDHU?$StringLifeSelector@$01@@@Z,pcharNode::pcharNode<2>
0x00432D98,51,undname.obj,0,??$?0$0A@@DName@@QAE@PBDU?$StringLifeSelector@$0A@@@@Z,DName::DName<0>
0x00432DCB,64,undname.obj,0,??$?0$0A@@pcharNode@@QAE@PBDHU?$StringLifeSelector@$0A@@@@Z,pcharNode::pcharNode<0>
0x00432E0B,26,undname.obj,0,??$?0_K$0A@@?$optional@_K@std@@QAE@$$QA_K@Z,"std::optional<unsigned __int64>::optional<unsigned __int64><unsigned __int64,0>"
0x00432E25,26,undname.obj,0,??$?0_K@?$_Optional_construct_base@_K@std@@QAE@Uin_place_t@1@$$QA_K@Z,std::_Optional_construct_base<unsigned __int64>::_Optional_construct_base<unsigned __int64><unsigned __int64>
0x00432E3F,26,undname.obj,0,??$?0_K@?$_Optional_destruct_base@_K$00@std@@QAE@Uin_place_t@1@$$QA_K@Z,"std::_Optional_destruct_base<unsigned __int64,1>::_Optional_destruct_base<unsigned __int64,1><unsigned __int64>"
0x00432E59,65,undname.obj,0,??$append@VDNameNode@@@DName@@AAEXPBVDNameNode@@@Z,DName::append<DNameNode>
0x00432E9A,65,undname.obj,0,??$append@VDNameStatusNode@@@DName@@AAEXPBVDNameStatusNode@@@Z,DName::append<DNameStatusNode>
0x00432EDB,65,undname.obj,0,??$append@VcharNode@@@DName@@AAEXPBVcharNode@@@Z,DName::append<charNode>
0x00432F1C,65,undname.obj,0,??$append@VpDNameNode@@@DName@@AAEXPBVpDNameNode@@@Z,DName::append<pDNameNode>
0x00432F5D,65,undname.obj,0,??$append@VpcharNode@@@DName@@AAEXPBVpcharNode@@@Z,DName::append<pcharNode>
0x00432F9E,107,undname.obj,0,??$doPchar@$00@DName@@AAEXPBDH@Z,DName::doPchar<1>
0x00433009,113,undname.obj,0,??$doPchar@$01@DName@@AAEXPBDH@Z,DName::doPchar<2>
0x0043307A,113,undname.obj,0,??$doPchar@$0A@@DName@@AAEXPBDH@Z,DName::doPchar<0>
0x004330EB,8,undname.obj,0,??$forward@_K@std@@YA$$QA_KAA_K@Z,std::forward<unsigned __int64>
0x004330F3,4,undname.obj,0,??$size@D$04@std@@YAIAAY04$$CBD@Z,"std::size<char,5>"
0x004330F7,4,undname.obj,0,??$size@D$0EB@@std@@YAIAAY0EB@$$CBD@Z,"std::size<char,65>"
0x004330FB,7,undname.obj,0,??0?$_Optional_construct_base@_K@std@@QAE@XZ,std::_Optional_construct_base<unsigned __int64>::_Optional_construct_base<unsigned __int64>
0x00433102,7,undname.obj,0,??0?$_Optional_destruct_base@_K$00@std@@QAE@XZ,"std::_Optional_destruct_base<unsigned __int64,1>::_Optional_destruct_base<unsigned __int64,1>"
0x00433109,7,undname.obj,0,??0?$optional@_K@std@@QAE@XZ,std::optional<unsigned __int64>::optional<unsigned __int64>
0x00433110,6,undname.obj,0,??0Block@_HeapManager@@QAE@XZ,_HeapManager::Block::Block
0x00433116,128,undname.obj,0,??0DName@@QAE@AAPBDD@Z,DName::DName
0x00433196,39,undname.obj,0,??0DName@@QAE@ABUStringLiteral@@@Z,DName::DName
0x004331BD,22,undname.obj,0,??0DName@@QAE@ABV0@@Z,DName::DName
0x004331D3,28,undname.obj,0,??0DName@@QAE@D@Z,DName::DName
0x004331EF,71,undname.obj,0,??0DName@@QAE@PAV0@@Z,DName::DName
0x00433236,64,undname.obj,0,??0DName@@QAE@W4DNameStatus@@@Z,DName::DName
0x00433276,10,undname.obj,0,??0DName@@QAE@XZ,DName::DName
0x00433280,140,undname.obj,0,??0DName@@QAE@_J@Z,DName::DName
0x0043330C,102,undname.obj,0,??0DName@@QAE@_K@Z,DName::DName
0x00433372,9,undname.obj,0,??0DNameNode@@IAE@XZ,DNameNode::DNameNode
0x0043337B,6,undname.obj,0,??0Replicator@@QAE@XZ,Replicator::Replicator
0x0043338A,76,undname.obj,0,??0UnDecorator@@QAE@PBDP6APADJ@ZK@Z,UnDecorator::UnDecorator
0x004333D6,3,undname.obj,0,??0_Nontrivial_dummy_type@std@@QAE@XZ,std::_Nontrivial_dummy_type::_Nontrivial_dummy_type
0x004333D9,21,undname.obj,0,??0charNode@@QAE@D@Z,charNode::charNode
0x004333EE,40,undname.obj,0,??0pDNameNode@@QAE@PAVDName@@@Z,pDNameNode::pDNameNode
0x00433416,31,undname.obj,0,??0pairNode@@QAE@PBVDNameNode@@0@Z,pairNode::pairNode
0x0043343C,31,undname.obj,0,??2@YAPAXIAAV_HeapManager@@H@Z,operator new
0x0043345B,33,undname.obj,0,??4DName@@QAEAAV0@ABUStringLiteral@@@Z,DName::operator=
0x0043347C,22,undname.obj,0,??4DName@@QAEAAV0@ABV0@@Z,DName::operator=
0x00433492,28,undname.obj,0,??4DName@@QAEAAV0@D@Z,DName::operator=
0x004334AE,67,undname.obj,0,??4DName@@QAEAAV0@PAV0@@Z,DName::operator=
0x004334F1,50,undname.obj,0,??4DName@@QAEAAV0@W4DNameStatus@@@Z,DName::operator=
0x00433523,70,undname.obj,0,??AReplicator@@QBE?AVDName@@H@Z,Replicator::operator[]
0x00433569,4,undname.obj,0,??B?$optional@_K@std@@QBE_NXZ,std::optional<unsigned __int64>::operator bool
0x0043356D,3,undname.obj,0,??D?$optional@_K@std@@QGAEAA_KXZ,std::optional<unsigned __int64>::operator*
0x00433570,34,undname.obj,0,??H@YA?AVDName@@ABUStringLiteral@@ABV0@@Z,operator+
0x00433592,43,undname.obj,0,??H@YA?AVDName@@DABV0@@Z,operator+
0x004335BD,34,undname.obj,0,??H@YA?AVDName@@W4DNameStatus@@ABV0@@Z,operator+
0x004335DF,34,undname.obj,0,??HDName@@QBE?AV0@ABUStringLiteral@@@Z,DName::operator+
0x00433601,34,undname.obj,0,??HDName@@QBE?AV0@ABV0@@Z,DName::operator+
0x00433623,34,undname.obj,0,??HDName@@QBE?AV0@D@Z,DName::operator+
0x00433645,34,undname.obj,0,??HDName@@QBE?AV0@PAV0@@Z,DName::operator+
0x00433667,34,undname.obj,0,??HDName@@QBE?AV0@W4DNameStatus@@@Z,DName::operator+
0x00433689,26,undname.obj,0,??HStringLiteral@@QBE?AU0@H@Z,StringLiteral::operator+
0x004336A3,88,undname.obj,0,??YDName@@QAEAAV0@ABUStringLiteral@@@Z,DName::operator+=
0x004336FB,87,undname.obj,0,??YDName@@QAEAAV0@ABV0@@Z,DName::operator+=
0x00433752,85,undname.obj,0,??YDName@@QAEAAV0@D@Z,DName::operator+=
0x004337A7,100,undname.obj,0,??YDName@@QAEAAV0@PAV0@@Z,DName::operator+=
0x0043380B,64,undname.obj,0,??YDName@@QAEAAV0@W4DNameStatus@@@Z,DName::operator+=
0x0043384B,62,undname.obj,0,??YReplicator@@QAEAAV0@ABVDName@@@Z,Replicator::operator+=
0x00433889,28,undname.obj,0,??_5DName@@QAEAAV0@ABV0@@Z,DName::operator|=
0x004338A5,11,undname.obj,0,??__K_l@@YA?AUStringLiteral@@PBDI@Z,"operator """" _l"
0x004338B0,29,undname.obj,0,?Constructor@_HeapManager@@QAEXP6APAXI@ZP6AXPAX@Z@Z,_HeapManager::Constructor
0x004338CD,56,undname.obj,0,?Destructor@_HeapManager@@QAEXXZ,_HeapManager::Destructor
0x00433914,39,undname.obj,0,?UScore@UnDecorator@@SA?AUStringLiteral@@W4Tokens@@@Z,UnDecorator::UScore
0x0043393B,3379,undname.obj,0,?composeDeclaration@UnDecorator@@CA?AVDName@@ABV2@@Z,UnDecorator::composeDeclaration
0x0043466E,14,undname.obj,0,?doAccessSpecifiers@UnDecorator@@SAHXZ,UnDecorator::doAccessSpecifiers
0x0043467C,14,undname.obj,0,?doAllocationLanguage@UnDecorator@@SAHXZ,UnDecorator::doAllocationLanguage
0x0043468A,14,undname.obj,0,?doAllocationModel@UnDecorator@@SAHXZ,UnDecorator::doAllocationModel
0x00434698,14,undname.obj,0,?doEcsu@UnDecorator@@SAHXZ,UnDecorator::doEcsu
0x004346A6,14,undname.obj,0,?doEllipsis@UnDecorator@@SAHXZ,UnDecorator::doEllipsis
0x004346B4,14,undname.obj,0,?doFunctionReturns@UnDecorator@@SAHXZ,UnDecorator::doFunctionReturns
0x004346C2,13,undname.obj,0,?doMSKeywords@UnDecorator@@SAHXZ,UnDecorator::doMSKeywords
0x004346CF,14,undname.obj,0,?doMemberTypes@UnDecorator@@SAHXZ,UnDecorator::doMemberTypes
0x004346DD,11,undname.obj,0,?doNameOnly@UnDecorator@@SAHXZ,UnDecorator::doNameOnly
0x004346E8,11,undname.obj,0,?doNoIdentCharCheck@UnDecorator@@SAHXZ,UnDecorator::doNoIdentCharCheck
0x004346F3,56,undname.obj,0,?doPchar@DName@@AAEXD@Z,DName::doPchar
0x0043472B,14,undname.obj,0,?doPtr64@UnDecorator@@SAHXZ,UnDecorator::doPtr64
0x00434739,14,undname.obj,0,?doRestrictionSpec@UnDecorator@@SAHXZ,UnDecorator::doRestrictionSpec
0x00434747,18,undname.obj,0,?doThisTypes@UnDecorator@@SAHXZ,UnDecorator::doThisTypes
0x00434759,14,undname.obj,0,?doThrowTypes@UnDecorator@@SAHXZ,UnDecorator::doThrowTypes
0x00434767,11,undname.obj,0,?doTypeOnly@UnDecorator@@SAHXZ,UnDecorator::doTypeOnly
0x00434772,11,undname.obj,0,?doUnderScore@UnDecorator@@SAHXZ,UnDecorator::doUnderScore
0x0043477D,115,undname.obj,0,?getAddressOf@UnDecorator@@CA?AVDName@@XZ,UnDecorator::getAddressOf
0x004347F0,269,undname.obj,0,?getArgumentList@UnDecorator@@CA?AVDName@@XZ,UnDecorator::getArgumentList
0x004348FD,281,undname.obj,0,?getArgumentTypes@UnDecorator@@CA?AVDName@@XZ,UnDecorator::getArgumentTypes
0x00434A16,127,undname.obj,0,?getArrayAccess@UnDecorator@@CA?AVDName@@XZ,UnDecorator::getArrayAccess
0x00434A95,162,undname.obj,0,?getArrayObject@UnDecorator@@CA?AVDName@@XZ,UnDecorator::getArrayObject
0x00434B37,413,undname.obj,0,?getArrayType@UnDecorator@@CA?AVDName@@ABV2@@Z,UnDecorator::getArrayType
0x00434CD4,187,undname.obj,0,?getBasedType@UnDecorator@@CA?AVDName@@XZ,UnDecorator::getBasedType
0x00434D8F,1332,undname.obj,0,?getBasicDataType@UnDecorator@@CA?AVDName@@ABV2@@Z,UnDecorator::getBasicDataType
0x004352C3,221,undname.obj,0,?getCHPEName@UnDecorator@@QAEPADPADH@Z,UnDecorator::getCHPEName
0x004353A0,20,undname.obj,0,?getCallIndex@UnDecorator@@CA?AVDName@@XZ,UnDecorator::getCallIndex
0x004353B4,221,undname.obj,0,?getCallingConvention@UnDecorator@@CA?AVDName@@XZ,UnDecorator::getCallingConvention
0x00435491,1686,undname.obj,0,?getDataIndirectType@UnDecorator@@CA?AVDName@@ABV2@W4IndirectionKind@@0H@Z,UnDecorator::getDataIndirectType
0x00435B27,46,undname.obj,0,?getDataIndirectType@UnDecorator@@CA?AVDName@@XZ,UnDecorator::getDataIndirectType
0x00435B55,215,undname.obj,0,?getDataType@UnDecorator@@CA?AVDName@@PAV2@@Z,UnDecorator::getDataType
0x00435C2C,618,undname.obj,0,?getDecoratedName@UnDecorator@@CA?AVDName@@XZ,UnDecorator::getDecoratedName
0x00435E96,279,undname.obj,0,?getDimension@UnDecorator@@CA?AVDName@@_N@Z,UnDecorator::getDimension
0x00435FAD,84,undname.obj,0,?getDispatchTarget@UnDecorator@@CA?AVDName@@XZ,UnDecorator::getDispatchTarget
0x00436001,20,undname.obj,0,?getDisplacement@UnDecorator@@CA?AVDName@@XZ,UnDecorator::getDisplacement
0x00436015,400,undname.obj,0,?getECSUDataType@UnDecorator@@CA?AVDName@@XZ,UnDecorator::getECSUDataType
0x004361A5,17,undname.obj,0,?getECSUName@UnDecorator@@CA?AVDName@@XZ,UnDecorator::getECSUName
0x004361B6,288,undname.obj,0,?getEnumType@UnDecorator@@CA?AVDName@@XZ,UnDecorator::getEnumType
0x004362D6,435,undname.obj,0,?getExtendedDataIndirectType@UnDecorator@@CA?AVDName@@AAW4IndirectionKind@@AA_NH@Z,UnDecorator::getExtendedDataIndirectType
0x00436489,101,undname.obj,0,?getExternalDataType@UnDecorator@@CA?AVDName@@ABV2@@Z,UnDecorator::getExternalDataType
0x004364EE,244,undname.obj,0,?getFloatingPoint@UnDecorator@@CA?AVDName@@H@Z,UnDecorator::getFloatingPoint
0x004365E2,953,undname.obj,0,?getFunctionIndirectType@UnDecorator@@CA?AVDName@@ABV2@@Z,UnDecorator::getFunctionIndirectType
0x0043699B,20,undname.obj,0,?getGuardNumber@UnDecorator@@CA?AVDName@@XZ,UnDecorator::getGuardNumber
0x004369AF,32,undname.obj,0,?getLastChar@DName@@QBEDXZ,DName::getLastChar
0x004369CF,12,undname.obj,0,?getLastChar@DNameStatusNode@@UBEDXZ,DNameStatusNode::getLastChar
0x004369DB,4,undname.obj,0,?getLastChar@charNode@@UBEDXZ,charNode::getLastChar
0x004369DF,14,undname.obj,0,?getLastChar@pDNameNode@@UBEDXZ,pDNameNode::getLastChar
0x004369ED,53,undname.obj,0,?getLastChar@pairNode@@UBEDXZ,pairNode::getLastChar
0x00436A22,18,undname.obj,0,?getLastChar@pcharNode@@UBEDXZ,pcharNode::getLastChar
0x00436A34,49,undname.obj,0,?getLexicalFrame@UnDecorator@@CA?AVDName@@XZ,UnDecorator::getLexicalFrame
0x00436A65,123,undname.obj,0,?getMemberAccess@UnDecorator@@CA?AVDName@@XZ,UnDecorator::getMemberAccess
0x00436AE0,106,undname.obj,0,?getMemoryWithBuffer@_HeapManager@@QAEPAXI@Z,_HeapManager::getMemoryWithBuffer
0x00436B4A,32,undname.obj,0,?getMemoryWithoutBuffer@_HeapManager@@QAEPAXI@Z,_HeapManager::getMemoryWithoutBuffer
0x00436B6A,84,undname.obj,0,?getNoexcept@UnDecorator@@CA?AVDName@@XZ,UnDecorator::getNoexcept
0x00436BBE,97,undname.obj,0,?getNumberOfDimensions@UnDecorator@@CAHXZ,UnDecorator::getNumberOfDimensions
0x00436C1F,1894,undname.obj,0,?getOperatorName@UnDecorator@@CA?AVDName@@_NPA_N@Z,UnDecorator::getOperatorName
0x00437385,187,undname.obj,0,?getPointerToMember@UnDecorator@@CA?AVDName@@XZ,UnDecorator::getPointerToMember
0x00437440,27,undname.obj,0,?getPointerType@UnDecorator@@CA?AVDName@@ABV2@0@Z,UnDecorator::getPointerType
0x0043745B,27,undname.obj,0,?getPointerTypeArray@UnDecorator@@CA?AVDName@@ABV2@0@Z,UnDecorator::getPointerTypeArray
0x00437476,591,undname.obj,0,?getPrimaryDataType@UnDecorator@@CA?AVDName@@ABV2@@Z,UnDecorator::getPrimaryDataType
0x004376C5,365,undname.obj,0,?getPtrRefDataType@UnDecorator@@CA?AVDName@@ABV2@H@Z,UnDecorator::getPtrRefDataType
0x00437832,273,undname.obj,0,?getPtrRefType@UnDecorator@@CA?AVDName@@ABV2@0W4IndirectionKind@@@Z,UnDecorator::getPtrRefType
0x00437943,28,undname.obj,0,?getReferenceType@UnDecorator@@CA?AVDName@@ABV2@0W4IndirectionKind@@@Z,UnDecorator::getReferenceType
0x0043795F,296,undname.obj,0,?getRestrictionSpec@UnDecorator@@CA?AVDName@@XZ,UnDecorator::getRestrictionSpec
0x00437A87,47,undname.obj,0,?getReturnType@UnDecorator@@CA?AVDName@@PAV2@@Z,UnDecorator::getReturnType
0x00437AB6,946,undname.obj,0,?getScope@UnDecorator@@CA?AVDName@@XZ,UnDecorator::getScope
0x00437E68,235,undname.obj,0,?getScopedName@UnDecorator@@CA?AVDName@@XZ,UnDecorator::getScopedName
0x00437F53,81,undname.obj,0,?getSignedDimension@UnDecorator@@CA?AVDName@@XZ,UnDecorator::getSignedDimension
0x00437FA4,17,undname.obj,0,?getStorageConvention@UnDecorator@@CA?AVDName@@XZ,UnDecorator::getStorageConvention
0x00437FB5,45,undname.obj,0,?getString@DName@@QBEPADPAD0@Z,DName::getString
0x00437FE2,85,undname.obj,0,?getString@DName@@QBEPADPADH@Z,DName::getString
0x00438037,70,undname.obj,0,?getString@DNameStatusNode@@UBEPADPAD0@Z,DNameStatusNode::getString
0x0043807D,21,undname.obj,0,?getString@charNode@@UBEPADPAD0@Z,charNode::getString
0x00438092,23,undname.obj,0,?getString@pDNameNode@@UBEPADPAD0@Z,pDNameNode::getString
0x004380A9,70,undname.obj,0,?getString@pairNode@@UBEPADPAD0@Z,pairNode::getString
0x004380EF,27,undname.obj,0,?getString@pcharNode@@UBEPADPAD0@Z,pcharNode::getString
0x0043810A,184,undname.obj,0,?getStringEncoding@UnDecorator@@CA?AVDName@@W4PrefixKind@@H@Z,UnDecorator::getStringEncoding
0x004381C2,42,undname.obj,0,?getStringHelper@@YAPADPADPBD1H@Z,getStringHelper
0x004381EC,87,undname.obj,0,?getStringObject@UnDecorator@@CA?AVDName@@XZ,UnDecorator::getStringObject
0x00438243,72,undname.obj,0,?getSymbolName@UnDecorator@@CA?AVDName@@XZ,UnDecorator::getSymbolName
0x0043828B,444,undname.obj,0,?getTemplateArgumentList@UnDecorator@@CA?AVDName@@XZ,UnDecorator::getTemplateArgumentList
0x00438447,353,undname.obj,0,?getTemplateName@UnDecorator@@CA?AVDName@@_N@Z,UnDecorator::getTemplateName
0x004385A8,948,undname.obj,0,?getTemplateNonTypeArgument@UnDecorator@@CA?AVDName@@XZ,UnDecorator::getTemplateNonTypeArgument
0x0043895C,262,undname.obj,0,?getTemplateTypeArgument@UnDecorator@@CA?AVDName@@XZ,UnDecorator::getTemplateTypeArgument
0x00438A62,47,undname.obj,0,?getThisType@UnDecorator@@CA?AVDName@@XZ,UnDecorator::getThisType
0x00438A91,35,undname.obj,0,?getThrowTypes@UnDecorator@@CA?AVDName@@XZ,UnDecorator::getThrowTypes
0x00438AB4,864,undname.obj,0,?getTypeEncoding@UnDecorator@@CAHXZ,UnDecorator::getTypeEncoding
0x00438E14,287,undname.obj,0,?getUndecoratedName@UnDecorator@@QAEPADPADH@Z,UnDecorator::getUndecoratedName
0x00438F33,175,undname.obj,0,?getUnionObject@UnDecorator@@CA?AVDName@@XZ,UnDecorator::getUnionObject
0x00438FE2,86,undname.obj,0,?getVCallThunkType@UnDecorator@@CA?AVDName@@XZ,UnDecorator::getVCallThunkType
0x00439038,110,undname.obj,0,?getValue@UnDecorator@@CA?AV?$optional@_K@std@@XZ,UnDecorator::getValue
0x004390A6,280,undname.obj,0,?getValueObject@UnDecorator@@CA?AVDName@@XZ,UnDecorator::getValueObject
0x004391BE,21,undname.obj,0,?getVbTableType@UnDecorator@@CA?AVDName@@ABV2@@Z,UnDecorator::getVbTableType
0x004391D3,97,undname.obj,0,?getVdispMapType@UnDecorator@@CA?AVDName@@ABV2@@Z,UnDecorator::getVdispMapType
0x00439234,342,undname.obj,0,?getVfTableType@UnDecorator@@CA?AVDName@@ABV2@@Z,UnDecorator::getVfTableType
0x0043938A,533,undname.obj,0,?getZName@UnDecorator@@CA?AVDName@@_N0@Z,UnDecorator::getZName
0x0043959F,11,undname.obj,0,?haveTemplateParameters@UnDecorator@@SAHXZ,UnDecorator::haveTemplateParameters
0x004395AA,10,undname.obj,0,?isArray@DName@@QBEHXZ,DName::isArray
0x004395B4,10,undname.obj,0,?isComArray@DName@@QBEHXZ,DName::isComArray
0x004395BE,8,undname.obj,0,?isEmpty@DName@@QBEHXZ,DName::isEmpty
0x004395C6,9,undname.obj,0,?isFull@Replicator@@QBEHXZ,Replicator::isFull
0x004395CF,10,undname.obj,0,?isNoTE@DName@@QBEHXZ,DName::isNoTE
0x004395D9,10,undname.obj,0,?isPinPtr@DName@@QBEHXZ,DName::isPinPtr
0x004395E3,10,undname.obj,0,?isPtrRef@DName@@QBEHXZ,DName::isPtrRef
0x004395ED,17,undname.obj,0,?isUDC@DName@@QBEHXZ,DName::isUDC
0x004395FE,17,undname.obj,0,?isUDTThunk@DName@@QBEHXZ,DName::isUDTThunk
0x0043960F,10,undname.obj,0,?isVCallThunk@DName@@QBEHXZ,DName::isVCallThunk
0x00439619,10,undname.obj,0,?isValid@DName@@QBEHXZ,DName::isValid
0x00439623,31,undname.obj,0,?length@DName@@QBEHXZ,DName::length
0x00439642,4,undname.obj,0,?length@DNameStatusNode@@UBEHXZ,DNameStatusNode::length
0x00439646,4,undname.obj,0,?length@charNode@@UBEHXZ,charNode::length
0x0043964A,14,undname.obj,0,?length@pDNameNode@@UBEHXZ,pDNameNode::length
0x00439658,73,undname.obj,0,?length@pairNode@@UBEHXZ,pairNode::length
0x004396A1,4,undname.obj,0,?length@pcharNode@@UBEHXZ,pcharNode::length
0x004396A5,28,undname.obj,0,?make@DNameStatusNode@@SAPBV1@W4DNameStatus@@@Z,DNameStatusNode::make
0x004396C1,250,undname.obj,0,?parseDecoratedName@UnDecorator@@CA?AVDName@@XZ,UnDecorator::parseDecoratedName
0x004397BB,4,undname.obj,0,?raw_length@DNameStatusNode@@UBEHXZ,DNameStatusNode::raw_length
0x004397BF,4,undname.obj,0,?raw_length@charNode@@UBEHXZ,charNode::raw_length
0x004397C3,4,undname.obj,0,?raw_length@pDNameNode@@UBEHXZ,pDNameNode::raw_length
0x004397C7,4,undname.obj,0,?raw_length@pairNode@@UBEHXZ,pairNode::raw_length
0x004397CB,4,undname.obj,0,?raw_length@pcharNode@@UBEHXZ,pcharNode::raw_length
0x004397CF,8,undname.obj,0,?setIsArray@DName@@QAEXXZ,DName::setIsArray
0x004397D7,8,undname.obj,0,?setIsComArray@DName@@QAEXXZ,DName::setIsComArray
0x004397DF,8,undname.obj,0,?setIsNoTE@DName@@QAEXXZ,DName::setIsNoTE
0x004397E7,8,undname.obj,0,?setIsPinPtr@DName@@QAEXXZ,DName::setIsPinPtr
0x004397EF,13,undname.obj,0,?setIsUDC@DName@@QAEXXZ,DName::setIsUDC
0x004397FC,8,undname.obj,0,?setIsVCallThunk@DName@@QAEXXZ,DName::setIsVCallThunk
0x00439804,10,undname.obj,0,?setPtrRef@DName@@QAEAAV1@XZ,DName::setPtrRef
0x0043980E,5,undname.obj,0,?status@DName@@QBE?AW4DNameStatus@@XZ,DName::status
0x0043987A,35,undname.obj,0,___unDName,__unDName
0x0043989D,159,undname.obj,0,___unDNameEx,__unDNameEx
0x0043993C,45,undname.obj,0,__vsprintf_s_l,_vsprintf_s_l
0x00439969,28,undname.obj,0,_sprintf_s,sprintf_s
0x00439985,157,undname.obj,0,_unDNameGenerateCHPE,unDNameGenerateCHPE
0x00439A22,13,winapi_downlevel.obj,0,??$__crt_interlocked_exchange_pointer@UHINSTANCE__@@PAU1@@@YAPAUHINSTANCE__@@PDSAU0@QAU0@@Z,"__crt_interlocked_exchange_pointer<HINSTANCE__,HINSTANCE__ *>"
0x00439A2F,13,winapi_downlevel.obj,0,??$__crt_interlocked_exchange_pointer@UHINSTANCE__@@PAX@@YAPAUHINSTANCE__@@PDSAU0@QAX@Z,"__crt_interlocked_exchange_pointer<HINSTANCE__,void *>"
0x00439A3C,13,winapi_downlevel.obj,0,??$__crt_interlocked_exchange_pointer@XPAX@@YAPAXPDSAXQAX@Z,"__crt_interlocked_exchange_pointer<void,void *>"
0x00439A49,10,winapi_downlevel.obj,0,??$__crt_interlocked_read_pointer@UHINSTANCE__@@@@YAPAUHINSTANCE__@@PDSAU0@@Z,__crt_interlocked_read_pointer<HINSTANCE__>
0x00439A53,10,winapi_downlevel.obj,0,??$__crt_interlocked_read_pointer@X@@YAPAXPDSAX@Z,__crt_interlocked_read_pointer<void>
0x00439C82,59,winapi_downlevel.obj,0,___vcrt_FlsAlloc,__vcrt_FlsAlloc
0x00439CBD,59,winapi_downlevel.obj,0,___vcrt_FlsFree,__vcrt_FlsFree
0x00439CF8,59,winapi_downlevel.obj,0,___vcrt_FlsGetValue,__vcrt_FlsGetValue
0x00439D33,62,winapi_downlevel.obj,0,___vcrt_FlsSetValue,__vcrt_FlsSetValue
0x00439D71,71,winapi_downlevel.obj,0,___vcrt_InitializeCriticalSectionEx,__vcrt_InitializeCriticalSectionEx
0x00439DCC,18,unexpected.obj,0,__get_unexpected,_get_unexpected
0x00439DDE,30,unexpected.obj,0,_set_unexpected,set_unexpected
0x00439DFC,29,unexpected.obj,0,_unexpected,unexpected
0x00439E19,29,ehstate.obj,0,?GetCurrentState@__FrameHandler3@@SAHPAUEHRegistrationNode@@PAXPBU_s_FuncInfo@@@Z,__FrameHandler3::GetCurrentState
0x00439E36,14,ehstate.obj,0,?SetState@__FrameHandler3@@SAXPAUEHRegistrationNode@@PBU_s_FuncInfo@@H@Z,__FrameHandler3::SetState
0x00439E50,1396,memmove.obj,0,_memmove,memmove
0x0043A3D0,33,exsup.obj,0,__global_unwind2,__global_unwind2
0x0043A450,151,exsup.obj,0,__local_unwind2,__local_unwind2
0x0043A4F0,43,exsup.obj,0,__abnormal_termination,__abnormal_termination
0x0043A520,12,exsup.obj,0,__NLG_Notify1,_NLG_Notify1
0x0043A530,31,exsup.obj,0,__NLG_Notify,_NLG_Notify
0x0043A550,3,exsup.obj,0,__NLG_Call,_NLG_Call
0x0043A553,35,output.obj,0,??$?0ABV?$stream_output_adapter@D@__crt_stdio_output@@AB_KABQBDABQAU__crt_locale_pointers@@ABQAD@?$format_validation_base@DV?$stream_output_adapter@D@__crt_stdio_output@@@__crt_stdio_output@@IAE@ABV?$stream_output_adapter@D@1@AB_KABQBDABQAU__crt_locale_pointers@@ABQAD@Z,"__crt_stdio_output::format_validation_base<char,__crt_stdio_output::stream_output_adapter<char> >::format_validation_base<char,__crt_stdio_output::stream_output_adapter<char> ><__crt_stdio_output::stream_output_adapter<char> const &,unsigned __int64 const &,char const * const &,__crt_locale_pointers * const &,char * const &>"
0x0043A576,72,output.obj,0,??$?0ABV?$stream_output_adapter@D@__crt_stdio_output@@AB_KABQBDABQAU__crt_locale_pointers@@ABQAD@?$positional_parameter_base@DV?$stream_output_adapter@D@__crt_stdio_output@@@__crt_stdio_output@@IAE@ABV?$stream_output_adapter@D@1@AB_KABQBDABQAU__crt_locale_pointers@@ABQAD@Z,"__crt_stdio_output::positional_parameter_base<char,__crt_stdio_output::stream_output_adapter<char> >::positional_parameter_base<char,__crt_stdio_output::stream_output_adapter<char> ><__crt_stdio_output::stream_output_adapter<char> const &,unsigned __int64 const &,char const * const &,__crt_locale_pointers * const &,char * const &>"
0x0043A5BE,53,output.obj,0,??$?0ABV?$stream_output_adapter@D@__crt_stdio_output@@AB_KABQBDABQAU__crt_locale_pointers@@ABQAD@?$standard_base@DV?$stream_output_adapter@D@__crt_stdio_output@@@__crt_stdio_output@@IAE@ABV?$stream_output_adapter@D@1@AB_KABQBDABQAU__crt_locale_pointers@@ABQAD@Z,"__crt_stdio_output::standard_base<char,__crt_stdio_output::stream_output_adapter<char> >::standard_base<char,__crt_stdio_output::stream_output_adapter<char> ><__crt_stdio_output::stream_output_adapter<char> const &,unsigned __int64 const &,char const * const &,__crt_locale_pointers * const &,char * const &>"
0x0043A5F3,35,output.obj,0,??$?0ABV?$stream_output_adapter@_W@__crt_stdio_output@@AB_KABQB_WABQAU__crt_locale_pointers@@ABQAD@?$format_validation_base@_WV?$stream_output_adapter@_W@__crt_stdio_output@@@__crt_stdio_output@@IAE@ABV?$stream_output_adapter@_W@1@AB_KABQB_WABQAU__crt_locale_pointers@@ABQAD@Z,"__crt_stdio_output::format_validation_base<wchar_t,__crt_stdio_output::stream_output_adapter<wchar_t> >::format_validation_base<wchar_t,__crt_stdio_output::stream_output_adapter<wchar_t> ><__crt_stdio_output::stream_output_adapter<wchar_t> const &,unsigned __int64 const &,wchar_t const * const &,__crt_locale_pointers * const &,char * const &>"
0x0043A616,72,output.obj,0,??$?0ABV?$stream_output_adapter@_W@__crt_stdio_output@@AB_KABQB_WABQAU__crt_locale_pointers@@ABQAD@?$positional_parameter_base@_WV?$stream_output_adapter@_W@__crt_stdio_output@@@__crt_stdio_output@@IAE@ABV?$stream_output_adapter@_W@1@AB_KABQB_WABQAU__crt_locale_pointers@@ABQAD@Z,"__crt_stdio_output::positional_parameter_base<wchar_t,__crt_stdio_output::stream_output_adapter<wchar_t> >::positional_parameter_base<wchar_t,__crt_stdio_output::stream_output_adapter<wchar_t> ><__crt_stdio_output::stream_output_adapter<wchar_t> const &,unsigned __int64 const &,wchar_t const * const &,__crt_locale_pointers * const &,char * const &>"
0x0043A65E,53,output.obj,0,??$?0ABV?$stream_output_adapter@_W@__crt_stdio_output@@AB_KABQB_WABQAU__crt_locale_pointers@@ABQAD@?$standard_base@_WV?$stream_output_adapter@_W@__crt_stdio_output@@@__crt_stdio_output@@IAE@ABV?$stream_output_adapter@_W@1@AB_KABQB_WABQAU__crt_locale_pointers@@ABQAD@Z,"__crt_stdio_output::standard_base<wchar_t,__crt_stdio_output::stream_output_adapter<wchar_t> >::standard_base<wchar_t,__crt_stdio_output::stream_output_adapter<wchar_t> ><__crt_stdio_output::stream_output_adapter<wchar_t> const &,unsigned __int64 const &,wchar_t const * const &,__crt_locale_pointers * const &,char * const &>"
0x0043A693,35,output.obj,0,??$?0ABV?$string_output_adapter@D@__crt_stdio_output@@AB_KABQBDABQAU__crt_locale_pointers@@ABQAD@?$format_validation_base@DV?$string_output_adapter@D@__crt_stdio_output@@@__crt_stdio_output@@IAE@ABV?$string_output_adapter@D@1@AB_KABQBDABQAU__crt_locale_pointers@@ABQAD@Z,"__crt_stdio_output::format_validation_base<char,__crt_stdio_output::string_output_adapter<char> >::format_validation_base<char,__crt_stdio_output::string_output_adapter<char> ><__crt_stdio_output::string_output_adapter<char> const &,unsigned __int64 const &,char const * const &,__crt_locale_pointers * const &,char * const &>"
0x0043A6B6,72,output.obj,0,??$?0ABV?$string_output_adapter@D@__crt_stdio_output@@AB_KABQBDABQAU__crt_locale_pointers@@ABQAD@?$positional_parameter_base@DV?$string_output_adapter@D@__crt_stdio_output@@@__crt_stdio_output@@IAE@ABV?$string_output_adapter@D@1@AB_KABQBDABQAU__crt_locale_pointers@@ABQAD@Z,"__crt_stdio_output::positional_parameter_base<char,__crt_stdio_output::string_output_adapter<char> >::positional_parameter_base<char,__crt_stdio_output::string_output_adapter<char> ><__crt_stdio_output::string_output_adapter<char> const &,unsigned __int64 const &,char const * const &,__crt_locale_pointers * const &,char * const &>"
0x0043A6FE,53,output.obj,0,??$?0ABV?$string_output_adapter@D@__crt_stdio_output@@AB_KABQBDABQAU__crt_locale_pointers@@ABQAD@?$standard_base@DV?$string_output_adapter@D@__crt_stdio_output@@@__crt_stdio_output@@IAE@ABV?$string_output_adapter@D@1@AB_KABQBDABQAU__crt_locale_pointers@@ABQAD@Z,"__crt_stdio_output::standard_base<char,__crt_stdio_output::string_output_adapter<char> >::standard_base<char,__crt_stdio_output::string_output_adapter<char> ><__crt_stdio_output::string_output_adapter<char> const &,unsigned __int64 const &,char const * const &,__crt_locale_pointers * const &,char * const &>"
0x0043A733,35,output.obj,0,??$?0ABV?$string_output_adapter@_W@__crt_stdio_output@@AB_KABQB_WABQAU__crt_locale_pointers@@ABQAD@?$format_validation_base@_WV?$string_output_adapter@_W@__crt_stdio_output@@@__crt_stdio_output@@IAE@ABV?$string_output_adapter@_W@1@AB_KABQB_WABQAU__crt_locale_pointers@@ABQAD@Z,"__crt_stdio_output::format_validation_base<wchar_t,__crt_stdio_output::string_output_adapter<wchar_t> >::format_validation_base<wchar_t,__crt_stdio_output::string_output_adapter<wchar_t> ><__crt_stdio_output::string_output_adapter<wchar_t> const &,unsigned __int64 const &,wchar_t const * const &,__crt_locale_pointers * const &,char * const &>"
0x0043A756,72,output.obj,0,??$?0ABV?$string_output_adapter@_W@__crt_stdio_output@@AB_KABQB_WABQAU__crt_locale_pointers@@ABQAD@?$positional_parameter_base@_WV?$string_output_adapter@_W@__crt_stdio_output@@@__crt_stdio_output@@IAE@ABV?$string_output_adapter@_W@1@AB_KABQB_WABQAU__crt_locale_pointers@@ABQAD@Z,"__crt_stdio_output::positional_parameter_base<wchar_t,__crt_stdio_output::string_output_adapter<wchar_t> >::positional_parameter_base<wchar_t,__crt_stdio_output::string_output_adapter<wchar_t> ><__crt_stdio_output::string_output_adapter<wchar_t> const &,unsigned __int64 const &,wchar_t const * const &,__crt_locale_pointers * const &,char * const &>"
0x0043A79E,53,output.obj,0,??$?0ABV?$string_output_adapter@_W@__crt_stdio_output@@AB_KABQB_WABQAU__crt_locale_pointers@@ABQAD@?$standard_base@_WV?$string_output_adapter@_W@__crt_stdio_output@@@__crt_stdio_output@@IAE@ABV?$string_output_adapter@_W@1@AB_KABQB_WABQAU__crt_locale_pointers@@ABQAD@Z,"__crt_stdio_output::standard_base<wchar_t,__crt_stdio_output::string_output_adapter<wchar_t> >::standard_base<wchar_t,__crt_stdio_output::string_output_adapter<wchar_t> ><__crt_stdio_output::string_output_adapter<wchar_t> const &,unsigned __int64 const &,wchar_t const * const &,__crt_locale_pointers * const &,char * const &>"
0x0043AAD9,13,output.obj,0,??$__crt_interlocked_read@J@@YAJPDJ@Z,__crt_interlocked_read<long>
0x0043B9A5,24,output.obj,0,??$count@D@formatting_buffer@__crt_stdio_output@@QBEIXZ,__crt_stdio_output::formatting_buffer::count<char>
0x0043B9BD,25,output.obj,0,??$count@_W@formatting_buffer@__crt_stdio_output@@QBEIXZ,__crt_stdio_output::formatting_buffer::count<wchar_t>
0x0043B9D6,13,output.obj,0,??$data@D@formatting_buffer@__crt_stdio_output@@QAEPADXZ,__crt_stdio_output::formatting_buffer::data<char>
0x0043B9E3,13,output.obj,0,??$data@_W@formatting_buffer@__crt_stdio_output@@QAEPA_WXZ,__crt_stdio_output::formatting_buffer::data<wchar_t>
0x0043B9F0,125,output.obj,0,??$ensure_buffer_is_big_enough@D@formatting_buffer@__crt_stdio_output@@QAE_NI@Z,__crt_stdio_output::formatting_buffer::ensure_buffer_is_big_enough<char>
0x0043BA6D,126,output.obj,0,??$ensure_buffer_is_big_enough@_W@formatting_buffer@__crt_stdio_output@@QAE_NI@Z,__crt_stdio_output::formatting_buffer::ensure_buffer_is_big_enough<wchar_t>
0x0043BAEB,121,output.obj,0,??$extract_argument_from_va_list@C_J@?$positional_parameter_base@DV?$stream_output_adapter@D@__crt_stdio_output@@@__crt_stdio_output@@IAE_NAA_J@Z,"__crt_stdio_output::positional_parameter_base<char,__crt_stdio_output::stream_output_adapter<char> >::extract_argument_from_va_list<signed char,__int64>"
0x0043BB64,121,output.obj,0,??$extract_argument_from_va_list@C_J@?$positional_parameter_base@DV?$string_output_adapter@D@__crt_stdio_output@@@__crt_stdio_output@@IAE_NAA_J@Z,"__crt_stdio_output::positional_parameter_base<char,__crt_stdio_output::string_output_adapter<char> >::extract_argument_from_va_list<signed char,__int64>"
0x0043BBDD,121,output.obj,0,??$extract_argument_from_va_list@C_J@?$positional_parameter_base@_WV?$stream_output_adapter@_W@__crt_stdio_output@@@__crt_stdio_output@@IAE_NAA_J@Z,"__crt_stdio_output::positional_parameter_base<wchar_t,__crt_stdio_output::stream_output_adapter<wchar_t> >::extract_argument_from_va_list<signed char,__int64>"
0x0043BC56,121,output.obj,0,??$extract_argument_from_va_list@C_J@?$positional_parameter_base@_WV?$string_output_adapter@_W@__crt_stdio_output@@@__crt_stdio_output@@IAE_NAA_J@Z,"__crt_stdio_output::positional_parameter_base<wchar_t,__crt_stdio_output::string_output_adapter<wchar_t> >::extract_argument_from_va_list<signed char,__int64>"
0x0043BCCF,31,output.obj,0,??$extract_argument_from_va_list@C_J@?$standard_base@DV?$stream_output_adapter@D@__crt_stdio_output@@@__crt_stdio_output@@IAE_NAA_J@Z,"__crt_stdio_output::standard_base<char,__crt_stdio_output::stream_output_adapter<char> >::extract_argument_from_va_list<signed char,__int64>"
0x0043BCEE,31,output.obj,0,??$extract_argument_from_va_list@C_J@?$standard_base@DV?$string_output_adapter@D@__crt_stdio_output@@@__crt_stdio_output@@IAE_NAA_J@Z,"__crt_stdio_output::standard_base<char,__crt_stdio_output::string_output_adapter<char> >::extract_argument_from_va_list<signed char,__int64>"
0x0043BD0D,31,output.obj,0,??$extract_argument_from_va_list@C_J@?$standard_base@_WV?$stream_output_adapter@_W@__crt_stdio_output@@@__crt_stdio_output@@IAE_NAA_J@Z,"__crt_stdio_output::standard_base<wchar_t,__crt_stdio_output::stream_output_adapter<wchar_t> >::extract_argument_from_va_list<signed char,__int64>"
0x0043BD2C,31,output.obj,0,??$extract_argument_from_va_list@C_J@?$standard_base@_WV?$string_output_adapter@_W@__crt_stdio_output@@@__crt_stdio_output@@IAE_NAA_J@Z,"__crt_stdio_output::standard_base<wchar_t,__crt_stdio_output::string_output_adapter<wchar_t> >::extract_argument_from_va_list<signed char,__int64>"
0x0043BD4B,121,output.obj,0,??$extract_argument_from_va_list@E_J@?$positional_parameter_base@DV?$stream_output_adapter@D@__crt_stdio_output@@@__crt_stdio_output@@IAE_NAA_J@Z,"__crt_stdio_output::positional_parameter_base<char,__crt_stdio_output::stream_output_adapter<char> >::extract_argument_from_va_list<unsigned char,__int64>"
0x0043BDC4,121,output.obj,0,??$extract_argument_from_va_list@E_J@?$positional_parameter_base@DV?$string_output_adapter@D@__crt_stdio_output@@@__crt_stdio_output@@IAE_NAA_J@Z,"__crt_stdio_output::positional_parameter_base<char,__crt_stdio_output::string_output_adapter<char> >::extract_argument_from_va_list<unsigned char,__int64>"
0x0043BE3D,121,output.obj,0,??$extract_argument_from_va_list@E_J@?$positional_parameter_base@_WV?$stream_output_adapter@_W@__crt_stdio_output@@@__crt_stdio_output@@IAE_NAA_J@Z,"__crt_stdio_output::positional_parameter_base<wchar_t,__crt_stdio_output::stream_output_adapter<wchar_t> >::extract_argument_from_va_list<unsigned char,__int64>"
0x0043BEB6,121,output.obj,0,??$extract_argument_from_va_list@E_J@?$positional_parameter_base@_WV?$string_output_adapter@_W@__crt_stdio_output@@@__crt_stdio_output@@IAE_NAA_J@Z,"__crt_stdio_output::positional_parameter_base<wchar_t,__crt_stdio_output::string_output_adapter<wchar_t> >::extract_argument_from_va_list<unsigned char,__int64>"
0x0043BF2F,31,output.obj,0,??$extract_argument_from_va_list@E_J@?$standard_base@DV?$stream_output_adapter@D@__crt_stdio_output@@@__crt_stdio_output@@IAE_NAA_J@Z,"__crt_stdio_output::standard_base<char,__crt_stdio_output::stream_output_adapter<char> >::extract_argument_from_va_list<unsigned char,__int64>"
0x0043BF4E,31,output.obj,0,??$extract_argument_from_va_list@E_J@?$standard_base@DV?$string_output_adapter@D@__crt_stdio_output@@@__crt_stdio_output@@IAE_NAA_J@Z,"__crt_stdio_output::standard_base<char,__crt_stdio_output::string_output_adapter<char> >::extract_argument_from_va_list<unsigned char,__int64>"
0x0043BF6D,31,output.obj,0,??$extract_argument_from_va_list@E_J@?$standard_base@_WV?$stream_output_adapter@_W@__crt_stdio_output@@@__crt_stdio_output@@IAE_NAA_J@Z,"__crt_stdio_output::standard_base<wchar_t,__crt_stdio_output::stream_output_adapter<wchar_t> >::extract_argument_from_va_list<unsigned char,__int64>"
0x0043BF8C,31,output.obj,0,??$extract_argument_from_va_list@E_J@?$standard_base@_WV?$string_output_adapter@_W@__crt_stdio_output@@@__crt_stdio_output@@IAE_NAA_J@Z,"__crt_stdio_output::standard_base<wchar_t,__crt_stdio_output::string_output_adapter<wchar_t> >::extract_argument_from_va_list<unsigned char,__int64>"
0x0043BFAB,121,output.obj,0,??$extract_argument_from_va_list@F_J@?$positional_parameter_base@DV?$stream_output_adapter@D@__crt_stdio_output@@@__crt_stdio_output@@IAE_NAA_J@Z,"__crt_stdio_output::positional_parameter_base<char,__crt_stdio_output::stream_output_adapter<char> >::extract_argument_from_va_list<short,__int64>"
0x0043C024,121,output.obj,0,??$extract_argument_from_va_list@F_J@?$positional_parameter_base@DV?$string_output_adapter@D@__crt_stdio_output@@@__crt_stdio_output@@IAE_NAA_J@Z,"__crt_stdio_output::positional_parameter_base<char,__crt_stdio_output::string_output_adapter<char> >::extract_argument_from_va_list<short,__int64>"
0x0043C09D,121,output.obj,0,??$extract_argument_from_va_list@F_J@?$positional_parameter_base@_WV?$stream_output_adapter@_W@__crt_stdio_output@@@__crt_stdio_output@@IAE_NAA_J@Z,"__crt_stdio_output::positional_parameter_base<wchar_t,__crt_stdio_output::stream_output_adapter<wchar_t> >::extract_argument_from_va_list<short,__int64>"
0x0043C116,121,output.obj,0,??$extract_argument_from_va_list@F_J@?$positional_parameter_base@_WV?$string_output_adapter@_W@__crt_stdio_output@@@__crt_stdio_output@@IAE_NAA_J@Z,"__crt_stdio_output::positional_parameter_base<wchar_t,__crt_stdio_output::string_output_adapter<wchar_t> >::extract_argument_from_va_list<short,__int64>"
0x0043C18F,31,output.obj,0,??$extract_argument_from_va_list@F_J@?$standard_base@DV?$stream_output_adapter@D@__crt_stdio_output@@@__crt_stdio_output@@IAE_NAA_J@Z,"__crt_stdio_output::standard_base<char,__crt_stdio_output::stream_output_adapter<char> >::extract_argument_from_va_list<short,__int64>"
0x0043C1AE,31,output.obj,0,??$extract_argument_from_va_list@F_J@?$standard_base@DV?$string_output_adapter@D@__crt_stdio_output@@@__crt_stdio_output@@IAE_NAA_J@Z,"__crt_stdio_output::standard_base<char,__crt_stdio_output::string_output_adapter<char> >::extract_argument_from_va_list<short,__int64>"
0x0043C1CD,31,output.obj,0,??$extract_argument_from_va_list@F_J@?$standard_base@_WV?$stream_output_adapter@_W@__crt_stdio_output@@@__crt_stdio_output@@IAE_NAA_J@Z,"__crt_stdio_output::standard_base<wchar_t,__crt_stdio_output::stream_output_adapter<wchar_t> >::extract_argument_from_va_list<short,__int64>"
0x0043C1EC,31,output.obj,0,??$extract_argument_from_va_list@F_J@?$standard_base@_WV?$string_output_adapter@_W@__crt_stdio_output@@@__crt_stdio_output@@IAE_NAA_J@Z,"__crt_stdio_output::standard_base<wchar_t,__crt_stdio_output::string_output_adapter<wchar_t> >::extract_argument_from_va_list<short,__int64>"
0x0043C20B,120,output.obj,0,??$extract_argument_from_va_list@GD@?$positional_parameter_base@DV?$stream_output_adapter@D@__crt_stdio_output@@@__crt_stdio_output@@IAE_NAAD@Z,"__crt_stdio_output::positional_parameter_base<char,__crt_stdio_output::stream_output_adapter<char> >::extract_argument_from_va_list<unsigned short,char>"
0x0043C283,120,output.obj,0,??$extract_argument_from_va_list@GD@?$positional_parameter_base@DV?$string_output_adapter@D@__crt_stdio_output@@@__crt_stdio_output@@IAE_NAAD@Z,"__crt_stdio_output::positional_parameter_base<char,__crt_stdio_output::string_output_adapter<char> >::extract_argument_from_va_list<unsigned short,char>"
0x0043C2FB,26,output.obj,0,??$extract_argument_from_va_list@GD@?$standard_base@DV?$stream_output_adapter@D@__crt_stdio_output@@@__crt_stdio_output@@IAE_NAAD@Z,"__crt_stdio_output::standard_base<char,__crt_stdio_output::stream_output_adapter<char> >::extract_argument_from_va_list<unsigned short,char>"
0x0043C315,26,output.obj,0,??$extract_argument_from_va_list@GD@?$standard_base@DV?$string_output_adapter@D@__crt_stdio_output@@@__crt_stdio_output@@IAE_NAAD@Z,"__crt_stdio_output::standard_base<char,__crt_stdio_output::string_output_adapter<char> >::extract_argument_from_va_list<unsigned short,char>"
0x0043C32F,121,output.obj,0,??$extract_argument_from_va_list@G_J@?$positional_parameter_base@DV?$stream_output_adapter@D@__crt_stdio_output@@@__crt_stdio_output@@IAE_NAA_J@Z,"__crt_stdio_output::positional_parameter_base<char,__crt_stdio_output::stream_output_adapter<char> >::extract_argument_from_va_list<unsigned short,__int64>"
0x0043C3A8,121,output.obj,0,??$extract_argument_from_va_list@G_J@?$positional_parameter_base@DV?$string_output_adapter@D@__crt_stdio_output@@@__crt_stdio_output@@IAE_NAA_J@Z,"__crt_stdio_output::positional_parameter_base<char,__crt_stdio_output::string_output_adapter<char> >::extract_argument_from_va_list<unsigned short,__int64>"
0x0043C421,121,output.obj,0,??$extract_argument_from_va_list@G_J@?$positional_parameter_base@_WV?$stream_output_adapter@_W@__crt_stdio_output@@@__crt_stdio_output@@IAE_NAA_J@Z,"__crt_stdio_output::positional_parameter_base<wchar_t,__crt_stdio_output::stream_output_adapter<wchar_t> >::extract_argument_from_va_list<unsigned short,__int64>"
0x0043C49A,121,output.obj,0,??$extract_argument_from_va_list@G_J@?$positional_parameter_base@_WV?$string_output_adapter@_W@__crt_stdio_output@@@__crt_stdio_output@@IAE_NAA_J@Z,"__crt_stdio_output::positional_parameter_base<wchar_t,__crt_stdio_output::string_output_adapter<wchar_t> >::extract_argument_from_va_list<unsigned short,__int64>"
0x0043C513,31,output.obj,0,??$extract_argument_from_va_list@G_J@?$standard_base@DV?$stream_output_adapter@D@__crt_stdio_output@@@__crt_stdio_output@@IAE_NAA_J@Z,"__crt_stdio_output::standard_base<char,__crt_stdio_output::stream_output_adapter<char> >::extract_argument_from_va_list<unsigned short,__int64>"
0x0043C532,31,output.obj,0,??$extract_argument_from_va_list@G_J@?$standard_base@DV?$string_output_adapter@D@__crt_stdio_output@@@__crt_stdio_output@@IAE_NAA_J@Z,"__crt_stdio_output::standard_base<char,__crt_stdio_output::string_output_adapter<char> >::extract_argument_from_va_list<unsigned short,__int64>"
0x0043C551,31,output.obj,0,??$extract_argument_from_va_list@G_J@?$standard_base@_WV?$stream_output_adapter@_W@__crt_stdio_output@@@__crt_stdio_output@@IAE_NAA_J@Z,"__crt_stdio_output::standard_base<wchar_t,__crt_stdio_output::stream_output_adapter<wchar_t> >::extract_argument_from_va_list<unsigned short,__int64>"
0x0043C570,31,output.obj,0,??$extract_argument_from_va_list@G_J@?$standard_base@_WV?$string_output_adapter@_W@__crt_stdio_output@@@__crt_stdio_output@@IAE_NAA_J@Z,"__crt_stdio_output::standard_base<wchar_t,__crt_stdio_output::string_output_adapter<wchar_t> >::extract_argument_from_va_list<unsigned short,__int64>"
0x0043C58F,119,output.obj,0,??$extract_argument_from_va_list@H_J@?$positional_parameter_base@DV?$stream_output_adapter@D@__crt_stdio_output@@@__crt_stdio_output@@IAE_NAA_J@Z,"__crt_stdio_output::positional_parameter_base<char,__crt_stdio_output::stream_output_adapter<char> >::extract_argument_from_va_list<int,__int64>"
0x0043C606,119,output.obj,0,??$extract_argument_from_va_list@H_J@?$positional_parameter_base@DV?$string_output_adapter@D@__crt_stdio_output@@@__crt_stdio_output@@IAE_NAA_J@Z,"__crt_stdio_output::positional_parameter_base<char,__crt_stdio_output::string_output_adapter<char> >::extract_argument_from_va_list<int,__int64>"
0x0043C67D,119,output.obj,0,??$extract_argument_from_va_list@H_J@?$positional_parameter_base@_WV?$stream_output_adapter@_W@__crt_stdio_output@@@__crt_stdio_output@@IAE_NAA_J@Z,"__crt_stdio_output::positional_parameter_base<wchar_t,__crt_stdio_output::stream_output_adapter<wchar_t> >::extract_argument_from_va_list<int,__int64>"
0x0043C6F4,119,output.obj,0,??$extract_argument_from_va_list@H_J@?$positional_parameter_base@_WV?$string_output_adapter@_W@__crt_stdio_output@@@__crt_stdio_output@@IAE_NAA_J@Z,"__crt_stdio_output::positional_parameter_base<wchar_t,__crt_stdio_output::string_output_adapter<wchar_t> >::extract_argument_from_va_list<int,__int64>"
0x0043C76B,30,output.obj,0,??$extract_argument_from_va_list@H_J@?$standard_base@DV?$stream_output_adapter@D@__crt_stdio_output@@@__crt_stdio_output@@IAE_NAA_J@Z,"__crt_stdio_output::standard_base<char,__crt_stdio_output::stream_output_adapter<char> >::extract_argument_from_va_list<int,__int64>"
0x0043C789,30,output.obj,0,??$extract_argument_from_va_list@H_J@?$standard_base@DV?$string_output_adapter@D@__crt_stdio_output@@@__crt_stdio_output@@IAE_NAA_J@Z,"__crt_stdio_output::standard_base<char,__crt_stdio_output::string_output_adapter<char> >::extract_argument_from_va_list<int,__int64>"
0x0043C7A7,30,output.obj,0,??$extract_argument_from_va_list@H_J@?$standard_base@_WV?$stream_output_adapter@_W@__crt_stdio_output@@@__crt_stdio_output@@IAE_NAA_J@Z,"__crt_stdio_output::standard_base<wchar_t,__crt_stdio_output::stream_output_adapter<wchar_t> >::extract_argument_from_va_list<int,__int64>"
0x0043C7C5,30,output.obj,0,??$extract_argument_from_va_list@H_J@?$standard_base@_WV?$string_output_adapter@_W@__crt_stdio_output@@@__crt_stdio_output@@IAE_NAA_J@Z,"__crt_stdio_output::standard_base<wchar_t,__crt_stdio_output::string_output_adapter<wchar_t> >::extract_argument_from_va_list<int,__int64>"
0x0043C7E3,128,output.obj,0,??$extract_argument_from_va_list@I_J@?$positional_parameter_base@DV?$stream_output_adapter@D@__crt_stdio_output@@@__crt_stdio_output@@IAE_NAA_J@Z,"__crt_stdio_output::positional_parameter_base<char,__crt_stdio_output::stream_output_adapter<char> >::extract_argument_from_va_list<unsigned int,__int64>"
0x0043C863,128,output.obj,0,??$extract_argument_from_va_list@I_J@?$positional_parameter_base@DV?$string_output_adapter@D@__crt_stdio_output@@@__crt_stdio_output@@IAE_NAA_J@Z,"__crt_stdio_output::positional_parameter_base<char,__crt_stdio_output::string_output_adapter<char> >::extract_argument_from_va_list<unsigned int,__int64>"
0x0043C8E3,128,output.obj,0,??$extract_argument_from_va_list@I_J@?$positional_parameter_base@_WV?$stream_output_adapter@_W@__crt_stdio_output@@@__crt_stdio_output@@IAE_NAA_J@Z,"__crt_stdio_output::positional_parameter_base<wchar_t,__crt_stdio_output::stream_output_adapter<wchar_t> >::extract_argument_from_va_list<unsigned int,__int64>"
0x0043C963,128,output.obj,0,??$extract_argument_from_va_list@I_J@?$positional_parameter_base@_WV?$string_output_adapter@_W@__crt_stdio_output@@@__crt_stdio_output@@IAE_NAA_J@Z,"__crt_stdio_output::positional_parameter_base<wchar_t,__crt_stdio_output::string_output_adapter<wchar_t> >::extract_argument_from_va_list<unsigned int,__int64>"
0x0043C9E3,30,output.obj,0,??$extract_argument_from_va_list@I_J@?$standard_base@DV?$stream_output_adapter@D@__crt_stdio_output@@@__crt_stdio_output@@IAE_NAA_J@Z,"__crt_stdio_output::standard_base<char,__crt_stdio_output::stream_output_adapter<char> >::extract_argument_from_va_list<unsigned int,__int64>"
0x0043CA01,30,output.obj,0,??$extract_argument_from_va_list@I_J@?$standard_base@DV?$string_output_adapter@D@__crt_stdio_output@@@__crt_stdio_output@@IAE_NAA_J@Z,"__crt_stdio_output::standard_base<char,__crt_stdio_output::string_output_adapter<char> >::extract_argument_from_va_list<unsigned int,__int64>"
0x0043CA1F,30,output.obj,0,??$extract_argument_from_va_list@I_J@?$standard_base@_WV?$stream_output_adapter@_W@__crt_stdio_output@@@__crt_stdio_output@@IAE_NAA_J@Z,"__crt_stdio_output::standard_base<wchar_t,__crt_stdio_output::stream_output_adapter<wchar_t> >::extract_argument_from_va_list<unsigned int,__int64>"
0x0043CA3D,30,output.obj,0,??$extract_argument_from_va_list@I_J@?$standard_base@_WV?$string_output_adapter@_W@__crt_stdio_output@@@__crt_stdio_output@@IAE_NAA_J@Z,"__crt_stdio_output::standard_base<wchar_t,__crt_stdio_output::string_output_adapter<wchar_t> >::extract_argument_from_va_list<unsigned int,__int64>"
0x0043CA5B,120,output.obj,0,??$extract_argument_from_va_list@PADPAD@?$positional_parameter_base@DV?$stream_output_adapter@D@__crt_stdio_output@@@__crt_stdio_output@@IAE_NAAPAD@Z,"__crt_stdio_output::positional_parameter_base<char,__crt_stdio_output::stream_output_adapter<char> >::extract_argument_from_va_list<char *,char *>"
0x0043CAD3,120,output.obj,0,??$extract_argument_from_va_list@PADPAD@?$positional_parameter_base@DV?$string_output_adapter@D@__crt_stdio_output@@@__crt_stdio_output@@IAE_NAAPAD@Z,"__crt_stdio_output::positional_parameter_base<char,__crt_stdio_output::string_output_adapter<char> >::extract_argument_from_va_list<char *,char *>"
0x0043CB4B,120,output.obj,0,??$extract_argument_from_va_list@PADPAD@?$positional_parameter_base@_WV?$stream_output_adapter@_W@__crt_stdio_output@@@__crt_stdio_output@@IAE_NAAPAD@Z,"__crt_stdio_output::positional_parameter_base<wchar_t,__crt_stdio_output::stream_output_adapter<wchar_t> >::extract_argument_from_va_list<char *,char *>"
0x0043CBC3,120,output.obj,0,??$extract_argument_from_va_list@PADPAD@?$positional_parameter_base@_WV?$string_output_adapter@_W@__crt_stdio_output@@@__crt_stdio_output@@IAE_NAAPAD@Z,"__crt_stdio_output::positional_parameter_base<wchar_t,__crt_stdio_output::string_output_adapter<wchar_t> >::extract_argument_from_va_list<char *,char *>"
0x0043CC3B,26,output.obj,0,??$extract_argument_from_va_list@PADPAD@?$standard_base@DV?$stream_output_adapter@D@__crt_stdio_output@@@__crt_stdio_output@@IAE_NAAPAD@Z,"__crt_stdio_output::standard_base<char,__crt_stdio_output::stream_output_adapter<char> >::extract_argument_from_va_list<char *,char *>"
0x0043CC55,26,output.obj,0,??$extract_argument_from_va_list@PADPAD@?$standard_base@DV?$string_output_adapter@D@__crt_stdio_output@@@__crt_stdio_output@@IAE_NAAPAD@Z,"__crt_stdio_output::standard_base<char,__crt_stdio_output::string_output_adapter<char> >::extract_argument_from_va_list<char *,char *>"
0x0043CC6F,26,output.obj,0,??$extract_argument_from_va_list@PADPAD@?$standard_base@_WV?$stream_output_adapter@_W@__crt_stdio_output@@@__crt_stdio_output@@IAE_NAAPAD@Z,"__crt_stdio_output::standard_base<wchar_t,__crt_stdio_output::stream_output_adapter<wchar_t> >::extract_argument_from_va_list<char *,char *>"
0x0043CC89,26,output.obj,0,??$extract_argument_from_va_list@PADPAD@?$standard_base@_WV?$string_output_adapter@_W@__crt_stdio_output@@@__crt_stdio_output@@IAE_NAAPAD@Z,"__crt_stdio_output::standard_base<wchar_t,__crt_stdio_output::string_output_adapter<wchar_t> >::extract_argument_from_va_list<char *,char *>"
0x0043CCA3,26,output.obj,0,??$extract_argument_from_va_list@PAUansi_string@?1??type_case_Z@?$output_processor@DV?$stream_output_adapter@D@__crt_stdio_output@@V?$format_validation_base@DV?$stream_output_adapter@D@__crt_stdio_output@@@2@@__crt_stdio_output@@AAE_NXZ@PAU1?1??234@AAE_NXZ@@?$standard_base@DV?$stream_output_adapter@D@__crt_stdio_output@@@__crt_stdio_output@@IAE_NAAPAUansi_string@?1??type_case_Z@?$output_processor@DV?$stream_output_adapter@D@__crt_stdio_output@@V?$format_validation_base@DV?$stream_output_adapter@D@__crt_stdio_output@@@2@@1@AAE_NXZ@@Z,"__crt_stdio_output::standard_base<char,__crt_stdio_output::stream_output_adapter<char> >::extract_argument_from_va_list<`__crt_stdio_output::output_processor<char,__crt_stdio_output::stream_output_adapter<char>,__crt_stdio_output::format_validation_base<char,__crt_stdio_output::stream_output_adapter<char> > >::type_case_Z'::`2'::ansi_string *,`__crt_stdio_output::output_processor<char,__crt_stdio_output::stream_output_adapter<char>,__crt_stdio_output::format_validation_base<char,__crt_stdio_output::stream_output_adapter<char> > >::type_case_Z'::`2'::ansi_string *>"
0x0043CCBD,120,output.obj,0,??$extract_argument_from_va_list@PAUansi_string@?1??type_case_Z@?$output_processor@DV?$stream_output_adapter@D@__crt_stdio_output@@V?$positional_parameter_base@DV?$stream_output_adapter@D@__crt_stdio_output@@@2@@__crt_stdio_output@@AAE_NXZ@PAU1?1??234@AAE_NXZ@@?$positional_parameter_base@DV?$stream_output_adapter@D@__crt_stdio_output@@@__crt_stdio_output@@IAE_NAAPAUansi_string@?1??type_case_Z@?$output_processor@DV?$stream_output_adapter@D@__crt_stdio_output@@V?$positional_parameter_base@DV?$stream_output_adapter@D@__crt_stdio_output@@@2@@1@AAE_NXZ@@Z,"__crt_stdio_output::positional_parameter_base<char,__crt_stdio_output::stream_output_adapter<char> >::extract_argument_from_va_list<`__crt_stdio_output::output_processor<char,__crt_stdio_output::stream_output_adapter<char>,__crt_stdio_output::positional_parameter_base<char,__crt_stdio_output::stream_output_adapter<char> > >::type_case_Z'::`2'::ansi_string *,`__crt_stdio_output::output_processor<char,__crt_stdio_output::stream_output_adapter<char>,__crt_stdio_output::positional_parameter_base<char,__crt_stdio_output::stream_output_adapter<char> > >::type_case_Z'::`2'::ansi_string *>"
0x0043CD35,26,output.obj,0,??$extract_argument_from_va_list@PAUansi_string@?1??type_case_Z@?$output_processor@DV?$stream_output_adapter@D@__crt_stdio_output@@V?$positional_parameter_base@DV?$stream_output_adapter@D@__crt_stdio_output@@@2@@__crt_stdio_output@@AAE_NXZ@PAU1?1??234@AAE_NXZ@@?$standard_base@DV?$stream_output_adapter@D@__crt_stdio_output@@@__crt_stdio_output@@IAE_NAAPAUansi_string@?1??type_case_Z@?$output_processor@DV?$stream_output_adapter@D@__crt_stdio_output@@V?$positional_parameter_base@DV?$stream_output_adapter@D@__crt_stdio_output@@@2@@1@AAE_NXZ@@Z,"__crt_stdio_output::standard_base<char,__crt_stdio_output::stream_output_adapter<char> >::extract_argument_from_va_list<`__crt_stdio_output::output_processor<char,__crt_stdio_output::stream_output_adapter<char>,__crt_stdio_output::positional_parameter_base<char,__crt_stdio_output::stream_output_adapter<char> > >::type_case_Z'::`2'::ansi_string *,`__crt_stdio_output::output_processor<char,__crt_stdio_output::stream_output_adapter<char>,__crt_stdio_output::positional_parameter_base<char,__crt_stdio_output::stream_output_adapter<char> > >::type_case_Z'::`2'::ansi_string *>"
0x0043CD4F,26,output.obj,0,??$extract_argument_from_va_list@PAUansi_string@?1??type_case_Z@?$output_processor@DV?$stream_output_adapter@D@__crt_stdio_output@@V?$standard_base@DV?$stream_output_adapter@D@__crt_stdio_output@@@2@@__crt_stdio_output@@AAE_NXZ@PAU1?1??234@AAE_NXZ@@?$standard_base@DV?$stream_output_adapter@D@__crt_stdio_output@@@__crt_stdio_output@@IAE_NAAPAUansi_string@?1??type_case_Z@?$output_processor@DV?$stream_output_adapter@D@__crt_stdio_output@@V?$standard_base@DV?$stream_output_adapter@D@__crt_stdio_output@@@2@@1@AAE_NXZ@@Z,"__crt_stdio_output::standard_base<char,__crt_stdio_output::stream_output_adapter<char> >::extract_argument_from_va_list<`__crt_stdio_output::output_processor<char,__crt_stdio_output::stream_output_adapter<char>,__crt_stdio_output::standard_base<char,__crt_stdio_output::stream_output_adapter<char> > >::type_case_Z'::`2'::ansi_string *,`__crt_stdio_output::output_processor<char,__crt_stdio_output::stream_output_adapter<char>,__crt_stdio_output::standard_base<char,__crt_stdio_output::stream_output_adapter<char> > >::type_case_Z'::`2'::ansi_string *>"
0x0043CD69,26,output.obj,0,??$extract_argument_from_va_list@PAUansi_string@?1??type_case_Z@?$output_processor@DV?$string_output_adapter@D@__crt_stdio_output@@V?$format_validation_base@DV?$string_output_adapter@D@__crt_stdio_output@@@2@@__crt_stdio_output@@AAE_NXZ@PAU1?1??234@AAE_NXZ@@?$standard_base@DV?$string_output_adapter@D@__crt_stdio_output@@@__crt_stdio_output@@IAE_NAAPAUansi_string@?1??type_case_Z@?$output_processor@DV?$string_output_adapter@D@__crt_stdio_output@@V?$format_validation_base@DV?$string_output_adapter@D@__crt_stdio_output@@@2@@1@AAE_NXZ@@Z,"__crt_stdio_output::standard_base<char,__crt_stdio_output::string_output_adapter<char> >::extract_argument_from_va_list<`__crt_stdio_output::output_processor<char,__crt_stdio_output::string_output_adapter<char>,__crt_stdio_output::format_validation_base<char,__crt_stdio_output::string_output_adapter<char> > >::type_case_Z'::`2'::ansi_string *,`__crt_stdio_output::output_processor<char,__crt_stdio_output::string_output_adapter<char>,__crt_stdio_output::format_validation_base<char,__crt_stdio_output::string_output_adapter<char> > >::type_case_Z'::`2'::ansi_string *>"
0x0043CD83,120,output.obj,0,??$extract_argument_from_va_list@PAUansi_string@?1??type_case_Z@?$output_processor@DV?$string_output_adapter@D@__crt_stdio_output@@V?$positional_parameter_base@DV?$string_output_adapter@D@__crt_stdio_output@@@2@@__crt_stdio_output@@AAE_NXZ@PAU1?1??234@AAE_NXZ@@?$positional_parameter_base@DV?$string_output_adapter@D@__crt_stdio_output@@@__crt_stdio_output@@IAE_NAAPAUansi_string@?1??type_case_Z@?$output_processor@DV?$string_output_adapter@D@__crt_stdio_output@@V?$positional_parameter_base@DV?$string_output_adapter@D@__crt_stdio_output@@@2@@1@AAE_NXZ@@Z,"__crt_stdio_output::positional_parameter_base<char,__crt_stdio_output::string_output_adapter<char> >::extract_argument_from_va_list<`__crt_stdio_output::output_processor<char,__crt_stdio_output::string_output_adapter<char>,__crt_stdio_output::positional_parameter_base<char,__crt_stdio_output::string_output_adapter<char> > >::type_case_Z'::`2'::ansi_string *,`__crt_stdio_output::output_processor<char,__crt_stdio_output::string_output_adapter<char>,__crt_stdio_output::positional_parameter_base<char,__crt_stdio_output::string_output_adapter<char> > >::type_case_Z'::`2'::ansi_string *>"
0x0043CDFB,26,output.obj,0,??$extract_argument_from_va_list@PAUansi_string@?1??type_case_Z@?$output_processor@DV?$string_output_adapter@D@__crt_stdio_output@@V?$positional_parameter_base@DV?$string_output_adapter@D@__crt_stdio_output@@@2@@__crt_stdio_output@@AAE_NXZ@PAU1?1??234@AAE_NXZ@@?$standard_base@DV?$string_output_adapter@D@__crt_stdio_output@@@__crt_stdio_output@@IAE_NAAPAUansi_string@?1??type_case_Z@?$output_processor@DV?$string_output_adapter@D@__crt_stdio_output@@V?$positional_parameter_base@DV?$string_output_adapter@D@__crt_stdio_output@@@2@@1@AAE_NXZ@@Z,"__crt_stdio_output::standard_base<char,__crt_stdio_output::string_output_adapter<char> >::extract_argument_from_va_list<`__crt_stdio_output::output_processor<char,__crt_stdio_output::string_output_adapter<char>,__crt_stdio_output::positional_parameter_base<char,__crt_stdio_output::string_output_adapter<char> > >::type_case_Z'::`2'::ansi_string *,`__crt_stdio_output::output_processor<char,__crt_stdio_output::string_output_adapter<char>,__crt_stdio_output::positional_parameter_base<char,__crt_stdio_output::string_output_adapter<char> > >::type_case_Z'::`2'::ansi_string *>"
0x0043CE15,26,output.obj,0,??$extract_argument_from_va_list@PAUansi_string@?1??type_case_Z@?$output_processor@DV?$string_output_adapter@D@__crt_stdio_output@@V?$standard_base@DV?$string_output_adapter@D@__crt_stdio_output@@@2@@__crt_stdio_output@@AAE_NXZ@PAU1?1??234@AAE_NXZ@@?$standard_base@DV?$string_output_adapter@D@__crt_stdio_output@@@__crt_stdio_output@@IAE_NAAPAUansi_string@?1??type_case_Z@?$output_processor@DV?$string_output_adapter@D@__crt_stdio_output@@V?$standard_base@DV?$string_output_adapter@D@__crt_stdio_output@@@2@@1@AAE_NXZ@@Z,"__crt_stdio_output::standard_base<char,__crt_stdio_output::string_output_adapter<char> >::extract_argument_from_va_list<`__crt_stdio_output::output_processor<char,__crt_stdio_output::string_output_adapter<char>,__crt_stdio_output::standard_base<char,__crt_stdio_output::string_output_adapter<char> > >::type_case_Z'::`2'::ansi_string *,`__crt_stdio_output::output_processor<char,__crt_stdio_output::string_output_adapter<char>,__crt_stdio_output::standard_base<char,__crt_stdio_output::string_output_adapter<char> > >::type_case_Z'::`2'::ansi_string *>"
0x0043CE2F,26,output.obj,0,??$extract_argument_from_va_list@PAUansi_string@?1??type_case_Z@?$output_processor@_WV?$stream_output_adapter@_W@__crt_stdio_output@@V?$format_validation_base@_WV?$stream_output_adapter@_W@__crt_stdio_output@@@2@@__crt_stdio_output@@AAE_NXZ@PAU1?1??234@AAE_NXZ@@?$standard_base@_WV?$stream_output_adapter@_W@__crt_stdio_output@@@__crt_stdio_output@@IAE_NAAPAUansi_string@?1??type_case_Z@?$output_processor@_WV?$stream_output_adapter@_W@__crt_stdio_output@@V?$format_validation_base@_WV?$stream_output_adapter@_W@__crt_stdio_output@@@2@@1@AAE_NXZ@@Z,"__crt_stdio_output::standard_base<wchar_t,__crt_stdio_output::stream_output_adapter<wchar_t> >::extract_argument_from_va_list<`__crt_stdio_output::output_processor<wchar_t,__crt_stdio_output::stream_output_adapter<wchar_t>,__crt_stdio_output::format_validation_base<wchar_t,__crt_stdio_output::stream_output_adapter<wchar_t> > >::type_case_Z'::`2'::ansi_string *,`__crt_stdio_output::output_processor<wchar_t,__crt_stdio_output::stream_output_adapter<wchar_t>,__crt_stdio_output::format_validation_base<wchar_t,__crt_stdio_output::stream_output_adapter<wchar_t> > >::type_case_Z'::`2'::ansi_string *>"
0x0043CE49,120,output.obj,0,??$extract_argument_from_va_list@PAUansi_string@?1??type_case_Z@?$output_processor@_WV?$stream_output_adapter@_W@__crt_stdio_output@@V?$positional_parameter_base@_WV?$stream_output_adapter@_W@__crt_stdio_output@@@2@@__crt_stdio_output@@AAE_NXZ@PAU1?1??234@AAE_NXZ@@?$positional_parameter_base@_WV?$stream_output_adapter@_W@__crt_stdio_output@@@__crt_stdio_output@@IAE_NAAPAUansi_string@?1??type_case_Z@?$output_processor@_WV?$stream_output_adapter@_W@__crt_stdio_output@@V?$positional_parameter_base@_WV?$stream_output_adapter@_W@__crt_stdio_output@@@2@@1@AAE_NXZ@@Z,"__crt_stdio_output::positional_parameter_base<wchar_t,__crt_stdio_output::stream_output_adapter<wchar_t> >::extract_argument_from_va_list<`__crt_stdio_output::output_processor<wchar_t,__crt_stdio_output::stream_output_adapter<wchar_t>,__crt_stdio_output::positional_parameter_base<wchar_t,__crt_stdio_output::stream_output_adapter<wchar_t> > >::type_case_Z'::`2'::ansi_string *,`__crt_stdio_output::output_processor<wchar_t,__crt_stdio_output::stream_output_adapter<wchar_t>,__crt_stdio_output::positional_parameter_base<wchar_t,__crt_stdio_output::stream_output_adapter<wchar_t> > >::type_case_Z'::`2'::ansi_string *>"
0x0043CEC1,26,output.obj,0,??$extract_argument_from_va_list@PAUansi_string@?1??type_case_Z@?$output_processor@_WV?$stream_output_adapter@_W@__crt_stdio_output@@V?$positional_parameter_base@_WV?$stream_output_adapter@_W@__crt_stdio_output@@@2@@__crt_stdio_output@@AAE_NXZ@PAU1?1??234@AAE_NXZ@@?$standard_base@_WV?$stream_output_adapter@_W@__crt_stdio_output@@@__crt_stdio_output@@IAE_NAAPAUansi_string@?1??type_case_Z@?$output_processor@_WV?$stream_output_adapter@_W@__crt_stdio_output@@V?$positional_parameter_base@_WV?$stream_output_adapter@_W@__crt_stdio_output@@@2@@1@AAE_NXZ@@Z,"__crt_stdio_output::standard_base<wchar_t,__crt_stdio_output::stream_output_adapter<wchar_t> >::extract_argument_from_va_list<`__crt_stdio_output::output_processor<wchar_t,__crt_stdio_output::stream_output_adapter<wchar_t>,__crt_stdio_output::positional_parameter_base<wchar_t,__crt_stdio_output::stream_output_adapter<wchar_t> > >::type_case_Z'::`2'::ansi_string *,`__crt_stdio_output::output_processor<wchar_t,__crt_stdio_output::stream_output_adapter<wchar_t>,__crt_stdio_output::positional_parameter_base<wchar_t,__crt_stdio_output::stream_output_adapter<wchar_t> > >::type_case_Z'::`2'::ansi_string *>"
0x0043CEDB,26,output.obj,0,??$extract_argument_from_va_list@PAUansi_string@?1??type_case_Z@?$output_processor@_WV?$stream_output_adapter@_W@__crt_stdio_output@@V?$standard_base@_WV?$stream_output_adapter@_W@__crt_stdio_output@@@2@@__crt_stdio_output@@AAE_NXZ@PAU1?1??234@AAE_NXZ@@?$standard_base@_WV?$stream_output_adapter@_W@__crt_stdio_output@@@__crt_stdio_output@@IAE_NAAPAUansi_string@?1??type_case_Z@?$output_processor@_WV?$stream_output_adapter@_W@__crt_stdio_output@@V?$standard_base@_WV?$stream_output_adapter@_W@__crt_stdio_output@@@2@@1@AAE_NXZ@@Z,"__crt_stdio_output::standard_base<wchar_t,__crt_stdio_output::stream_output_adapter<wchar_t> >::extract_argument_from_va_list<`__crt_stdio_output::output_processor<wchar_t,__crt_stdio_output::stream_output_adapter<wchar_t>,__crt_stdio_output::standard_base<wchar_t,__crt_stdio_output::stream_output_adapter<wchar_t> > >::type_case_Z'::`2'::ansi_string *,`__crt_stdio_output::output_processor<wchar_t,__crt_stdio_output::stream_output_adapter<wchar_t>,__crt_stdio_output::standard_base<wchar_t,__crt_stdio_output::stream_output_adapter<wchar_t> > >::type_case_Z'::`2'::ansi_string *>"
0x0043CEF5,26,output.obj,0,??$extract_argument_from_va_list@PAUansi_string@?1??type_case_Z@?$output_processor@_WV?$string_output_adapter@_W@__crt_stdio_output@@V?$format_validation_base@_WV?$string_output_adapter@_W@__crt_stdio_output@@@2@@__crt_stdio_output@@AAE_NXZ@PAU1?1??234@AAE_NXZ@@?$standard_base@_WV?$string_output_adapter@_W@__crt_stdio_output@@@__crt_stdio_output@@IAE_NAAPAUansi_string@?1??type_case_Z@?$output_processor@_WV?$string_output_adapter@_W@__crt_stdio_output@@V?$format_validation_base@_WV?$string_output_adapter@_W@__crt_stdio_output@@@2@@1@AAE_NXZ@@Z,"__crt_stdio_output::standard_base<wchar_t,__crt_stdio_output::string_output_adapter<wchar_t> >::extract_argument_from_va_list<`__crt_stdio_output::output_processor<wchar_t,__crt_stdio_output::string_output_adapter<wchar_t>,__crt_stdio_output::format_validation_base<wchar_t,__crt_stdio_output::string_output_adapter<wchar_t> > >::type_case_Z'::`2'::ansi_string *,`__crt_stdio_output::output_processor<wchar_t,__crt_stdio_output::string_output_adapter<wchar_t>,__crt_stdio_output::format_validation_base<wchar_t,__crt_stdio_output::string_output_adapter<wchar_t> > >::type_case_Z'::`2'::ansi_string *>"
0x0043CF0F,120,output.obj,0,??$extract_argument_from_va_list@PAUansi_string@?1??type_case_Z@?$output_processor@_WV?$string_output_adapter@_W@__crt_stdio_output@@V?$positional_parameter_base@_WV?$string_output_adapter@_W@__crt_stdio_output@@@2@@__crt_stdio_output@@AAE_NXZ@PAU1?1??234@AAE_NXZ@@?$positional_parameter_base@_WV?$string_output_adapter@_W@__crt_stdio_output@@@__crt_stdio_output@@IAE_NAAPAUansi_string@?1??type_case_Z@?$output_processor@_WV?$string_output_adapter@_W@__crt_stdio_output@@V?$positional_parameter_base@_WV?$string_output_adapter@_W@__crt_stdio_output@@@2@@1@AAE_NXZ@@Z,"__crt_stdio_output::positional_parameter_base<wchar_t,__crt_stdio_output::string_output_adapter<wchar_t> >::extract_argument_from_va_list<`__crt_stdio_output::output_processor<wchar_t,__crt_stdio_output::string_output_adapter<wchar_t>,__crt_stdio_output::positional_parameter_base<wchar_t,__crt_stdio_output::string_output_adapter<wchar_t> > >::type_case_Z'::`2'::ansi_string *,`__crt_stdio_output::output_processor<wchar_t,__crt_stdio_output::string_output_adapter<wchar_t>,__crt_stdio_output::positional_parameter_base<wchar_t,__crt_stdio_output::string_output_adapter<wchar_t> > >::type_case_Z'::`2'::ansi_string *>"
0x0043CF87,26,output.obj,0,??$extract_argument_from_va_list@PAUansi_string@?1??type_case_Z@?$output_processor@_WV?$string_output_adapter@_W@__crt_stdio_output@@V?$positional_parameter_base@_WV?$string_output_adapter@_W@__crt_stdio_output@@@2@@__crt_stdio_output@@AAE_NXZ@PAU1?1??234@AAE_NXZ@@?$standard_base@_WV?$string_output_adapter@_W@__crt_stdio_output@@@__crt_stdio_output@@IAE_NAAPAUansi_string@?1??type_case_Z@?$output_processor@_WV?$string_output_adapter@_W@__crt_stdio_output@@V?$positional_parameter_base@_WV?$string_output_adapter@_W@__crt_stdio_output@@@2@@1@AAE_NXZ@@Z,"__crt_stdio_output::standard_base<wchar_t,__crt_stdio_output::string_output_adapter<wchar_t> >::extract_argument_from_va_list<`__crt_stdio_output::output_processor<wchar_t,__crt_stdio_output::string_output_adapter<wchar_t>,__crt_stdio_output::positional_parameter_base<wchar_t,__crt_stdio_output::string_output_adapter<wchar_t> > >::type_case_Z'::`2'::ansi_string *,`__crt_stdio_output::output_processor<wchar_t,__crt_stdio_output::string_output_adapter<wchar_t>,__crt_stdio_output::positional_parameter_base<wchar_t,__crt_stdio_output::string_output_adapter<wchar_t> > >::type_case_Z'::`2'::ansi_string *>"
0x0043CFA1,26,output.obj,0,??$extract_argument_from_va_list@PAUansi_string@?1??type_case_Z@?$output_processor@_WV?$string_output_adapter@_W@__crt_stdio_output@@V?$standard_base@_WV?$string_output_adapter@_W@__crt_stdio_output@@@2@@__crt_stdio_output@@AAE_NXZ@PAU1?1??234@AAE_NXZ@@?$standard_base@_WV?$string_output_adapter@_W@__crt_stdio_output@@@__crt_stdio_output@@IAE_NAAPAUansi_string@?1??type_case_Z@?$output_processor@_WV?$string_output_adapter@_W@__crt_stdio_output@@V?$standard_base@_WV?$string_output_adapter@_W@__crt_stdio_output@@@2@@1@AAE_NXZ@@Z,"__crt_stdio_output::standard_base<wchar_t,__crt_stdio_output::string_output_adapter<wchar_t> >::extract_argument_from_va_list<`__crt_stdio_output::output_processor<wchar_t,__crt_stdio_output::string_output_adapter<wchar_t>,__crt_stdio_output::standard_base<wchar_t,__crt_stdio_output::string_output_adapter<wchar_t> > >::type_case_Z'::`2'::ansi_string *,`__crt_stdio_output::output_processor<wchar_t,__crt_stdio_output::string_output_adapter<wchar_t>,__crt_stdio_output::standard_base<wchar_t,__crt_stdio_output::string_output_adapter<wchar_t> > >::type_case_Z'::`2'::ansi_string *>"
0x0043CFBB,120,output.obj,0,??$extract_argument_from_va_list@PAXPAX@?$positional_parameter_base@DV?$stream_output_adapter@D@__crt_stdio_output@@@__crt_stdio_output@@IAE_NAAPAX@Z,"__crt_stdio_output::positional_parameter_base<char,__crt_stdio_output::stream_output_adapter<char> >::extract_argument_from_va_list<void *,void *>"
0x0043D033,120,output.obj,0,??$extract_argument_from_va_list@PAXPAX@?$positional_parameter_base@DV?$string_output_adapter@D@__crt_stdio_output@@@__crt_stdio_output@@IAE_NAAPAX@Z,"__crt_stdio_output::positional_parameter_base<char,__crt_stdio_output::string_output_adapter<char> >::extract_argument_from_va_list<void *,void *>"
0x0043D0AB,120,output.obj,0,??$extract_argument_from_va_list@PAXPAX@?$positional_parameter_base@_WV?$stream_output_adapter@_W@__crt_stdio_output@@@__crt_stdio_output@@IAE_NAAPAX@Z,"__crt_stdio_output::positional_parameter_base<wchar_t,__crt_stdio_output::stream_output_adapter<wchar_t> >::extract_argument_from_va_list<void *,void *>"
0x0043D123,120,output.obj,0,??$extract_argument_from_va_list@PAXPAX@?$positional_parameter_base@_WV?$string_output_adapter@_W@__crt_stdio_output@@@__crt_stdio_output@@IAE_NAAPAX@Z,"__crt_stdio_output::positional_parameter_base<wchar_t,__crt_stdio_output::string_output_adapter<wchar_t> >::extract_argument_from_va_list<void *,void *>"
0x0043D19B,26,output.obj,0,??$extract_argument_from_va_list@PAXPAX@?$standard_base@DV?$stream_output_adapter@D@__crt_stdio_output@@@__crt_stdio_output@@IAE_NAAPAX@Z,"__crt_stdio_output::standard_base<char,__crt_stdio_output::stream_output_adapter<char> >::extract_argument_from_va_list<void *,void *>"
0x0043D1B5,26,output.obj,0,??$extract_argument_from_va_list@PAXPAX@?$standard_base@DV?$string_output_adapter@D@__crt_stdio_output@@@__crt_stdio_output@@IAE_NAAPAX@Z,"__crt_stdio_output::standard_base<char,__crt_stdio_output::string_output_adapter<char> >::extract_argument_from_va_list<void *,void *>"
0x0043D1CF,26,output.obj,0,??$extract_argument_from_va_list@PAXPAX@?$standard_base@_WV?$stream_output_adapter@_W@__crt_stdio_output@@@__crt_stdio_output@@IAE_NAAPAX@Z,"__crt_stdio_output::standard_base<wchar_t,__crt_stdio_output::stream_output_adapter<wchar_t> >::extract_argument_from_va_list<void *,void *>"
0x0043D1E9,26,output.obj,0,??$extract_argument_from_va_list@PAXPAX@?$standard_base@_WV?$string_output_adapter@_W@__crt_stdio_output@@@__crt_stdio_output@@IAE_NAAPAX@Z,"__crt_stdio_output::standard_base<wchar_t,__crt_stdio_output::string_output_adapter<wchar_t> >::extract_argument_from_va_list<void *,void *>"
0x0043D203,134,output.obj,0,??$extract_argument_from_va_list@U_CRT_DOUBLE@@U1@@?$positional_parameter_base@DV?$stream_output_adapter@D@__crt_stdio_output@@@__crt_stdio_output@@IAE_NAAU_CRT_DOUBLE@@@Z,"__crt_stdio_output::positional_parameter_base<char,__crt_stdio_output::stream_output_adapter<char> >::extract_argument_from_va_list<_CRT_DOUBLE,_CRT_DOUBLE>"
0x0043D289,134,output.obj,0,??$extract_argument_from_va_list@U_CRT_DOUBLE@@U1@@?$positional_parameter_base@DV?$string_output_adapter@D@__crt_stdio_output@@@__crt_stdio_output@@IAE_NAAU_CRT_DOUBLE@@@Z,"__crt_stdio_output::positional_parameter_base<char,__crt_stdio_output::string_output_adapter<char> >::extract_argument_from_va_list<_CRT_DOUBLE,_CRT_DOUBLE>"
0x0043D30F,134,output.obj,0,??$extract_argument_from_va_list@U_CRT_DOUBLE@@U1@@?$positional_parameter_base@_WV?$stream_output_adapter@_W@__crt_stdio_output@@@__crt_stdio_output@@IAE_NAAU_CRT_DOUBLE@@@Z,"__crt_stdio_output::positional_parameter_base<wchar_t,__crt_stdio_output::stream_output_adapter<wchar_t> >::extract_argument_from_va_list<_CRT_DOUBLE,_CRT_DOUBLE>"
0x0043D395,134,output.obj,0,??$extract_argument_from_va_list@U_CRT_DOUBLE@@U1@@?$positional_parameter_base@_WV?$string_output_adapter@_W@__crt_stdio_output@@@__crt_stdio_output@@IAE_NAAU_CRT_DOUBLE@@@Z,"__crt_stdio_output::positional_parameter_base<wchar_t,__crt_stdio_output::string_output_adapter<wchar_t> >::extract_argument_from_va_list<_CRT_DOUBLE,_CRT_DOUBLE>"
0x0043D41B,32,output.obj,0,??$extract_argument_from_va_list@U_CRT_DOUBLE@@U1@@?$standard_base@DV?$stream_output_adapter@D@__crt_stdio_output@@@__crt_stdio_output@@IAE_NAAU_CRT_DOUBLE@@@Z,"__crt_stdio_output::standard_base<char,__crt_stdio_output::stream_output_adapter<char> >::extract_argument_from_va_list<_CRT_DOUBLE,_CRT_DOUBLE>"
0x0043D43B,32,output.obj,0,??$extract_argument_from_va_list@U_CRT_DOUBLE@@U1@@?$standard_base@DV?$string_output_adapter@D@__crt_stdio_output@@@__crt_stdio_output@@IAE_NAAU_CRT_DOUBLE@@@Z,"__crt_stdio_output::standard_base<char,__crt_stdio_output::string_output_adapter<char> >::extract_argument_from_va_list<_CRT_DOUBLE,_CRT_DOUBLE>"
0x0043D45B,32,output.obj,0,??$extract_argument_from_va_list@U_CRT_DOUBLE@@U1@@?$standard_base@_WV?$stream_output_adapter@_W@__crt_stdio_output@@@__crt_stdio_output@@IAE_NAAU_CRT_DOUBLE@@@Z,"__crt_stdio_output::standard_base<wchar_t,__crt_stdio_output::stream_output_adapter<wchar_t> >::extract_argument_from_va_list<_CRT_DOUBLE,_CRT_DOUBLE>"
0x0043D47B,32,output.obj,0,??$extract_argument_from_va_list@U_CRT_DOUBLE@@U1@@?$standard_base@_WV?$string_output_adapter@_W@__crt_stdio_output@@@__crt_stdio_output@@IAE_NAAU_CRT_DOUBLE@@@Z,"__crt_stdio_output::standard_base<wchar_t,__crt_stdio_output::string_output_adapter<wchar_t> >::extract_argument_from_va_list<_CRT_DOUBLE,_CRT_DOUBLE>"
0x0043D49B,134,output.obj,0,??$extract_argument_from_va_list@_J_J@?$positional_parameter_base@DV?$stream_output_adapter@D@__crt_stdio_output@@@__crt_stdio_output@@IAE_NAA_J@Z,"__crt_stdio_output::positional_parameter_base<char,__crt_stdio_output::stream_output_adapter<char> >::extract_argument_from_va_list<__int64,__int64>"
0x0043D521,134,output.obj,0,??$extract_argument_from_va_list@_J_J@?$positional_parameter_base@DV?$string_output_adapter@D@__crt_stdio_output@@@__crt_stdio_output@@IAE_NAA_J@Z,"__crt_stdio_output::positional_parameter_base<char,__crt_stdio_output::string_output_adapter<char> >::extract_argument_from_va_list<__int64,__int64>"
0x0043D5A7,134,output.obj,0,??$extract_argument_from_va_list@_J_J@?$positional_parameter_base@_WV?$stream_output_adapter@_W@__crt_stdio_output@@@__crt_stdio_output@@IAE_NAA_J@Z,"__crt_stdio_output::positional_parameter_base<wchar_t,__crt_stdio_output::stream_output_adapter<wchar_t> >::extract_argument_from_va_list<__int64,__int64>"
0x0043D62D,134,output.obj,0,??$extract_argument_from_va_list@_J_J@?$positional_parameter_base@_WV?$string_output_adapter@_W@__crt_stdio_output@@@__crt_stdio_output@@IAE_NAA_J@Z,"__crt_stdio_output::positional_parameter_base<wchar_t,__crt_stdio_output::string_output_adapter<wchar_t> >::extract_argument_from_va_list<__int64,__int64>"
0x0043D6B3,32,output.obj,0,??$extract_argument_from_va_list@_J_J@?$standard_base@DV?$stream_output_adapter@D@__crt_stdio_output@@@__crt_stdio_output@@IAE_NAA_J@Z,"__crt_stdio_output::standard_base<char,__crt_stdio_output::stream_output_adapter<char> >::extract_argument_from_va_list<__int64,__int64>"
0x0043D6D3,32,output.obj,0,??$extract_argument_from_va_list@_J_J@?$standard_base@DV?$string_output_adapter@D@__crt_stdio_output@@@__crt_stdio_output@@IAE_NAA_J@Z,"__crt_stdio_output::standard_base<char,__crt_stdio_output::string_output_adapter<char> >::extract_argument_from_va_list<__int64,__int64>"
0x0043D6F3,32,output.obj,0,??$extract_argument_from_va_list@_J_J@?$standard_base@_WV?$stream_output_adapter@_W@__crt_stdio_output@@@__crt_stdio_output@@IAE_NAA_J@Z,"__crt_stdio_output::standard_base<wchar_t,__crt_stdio_output::stream_output_adapter<wchar_t> >::extract_argument_from_va_list<__int64,__int64>"
0x0043D713,32,output.obj,0,??$extract_argument_from_va_list@_J_J@?$standard_base@_WV?$string_output_adapter@_W@__crt_stdio_output@@@__crt_stdio_output@@IAE_NAA_J@Z,"__crt_stdio_output::standard_base<wchar_t,__crt_stdio_output::string_output_adapter<wchar_t> >::extract_argument_from_va_list<__int64,__int64>"
0x0043D733,134,output.obj,0,??$extract_argument_from_va_list@_K_J@?$positional_parameter_base@DV?$stream_output_adapter@D@__crt_stdio_output@@@__crt_stdio_output@@IAE_NAA_J@Z,"__crt_stdio_output::positional_parameter_base<char,__crt_stdio_output::stream_output_adapter<char> >::extract_argument_from_va_list<unsigned __int64,__int64>"
0x0043D7B9,134,output.obj,0,??$extract_argument_from_va_list@_K_J@?$positional_parameter_base@DV?$string_output_adapter@D@__crt_stdio_output@@@__crt_stdio_output@@IAE_NAA_J@Z,"__crt_stdio_output::positional_parameter_base<char,__crt_stdio_output::string_output_adapter<char> >::extract_argument_from_va_list<unsigned __int64,__int64>"
0x0043D83F,134,output.obj,0,??$extract_argument_from_va_list@_K_J@?$positional_parameter_base@_WV?$stream_output_adapter@_W@__crt_stdio_output@@@__crt_stdio_output@@IAE_NAA_J@Z,"__crt_stdio_output::positional_parameter_base<wchar_t,__crt_stdio_output::stream_output_adapter<wchar_t> >::extract_argument_from_va_list<unsigned __int64,__int64>"
0x0043D8C5,134,output.obj,0,??$extract_argument_from_va_list@_K_J@?$positional_parameter_base@_WV?$string_output_adapter@_W@__crt_stdio_output@@@__crt_stdio_output@@IAE_NAA_J@Z,"__crt_stdio_output::positional_parameter_base<wchar_t,__crt_stdio_output::string_output_adapter<wchar_t> >::extract_argument_from_va_list<unsigned __int64,__int64>"
0x0043D94B,32,output.obj,0,??$extract_argument_from_va_list@_K_J@?$standard_base@DV?$stream_output_adapter@D@__crt_stdio_output@@@__crt_stdio_output@@IAE_NAA_J@Z,"__crt_stdio_output::standard_base<char,__crt_stdio_output::stream_output_adapter<char> >::extract_argument_from_va_list<unsigned __int64,__int64>"
0x0043D96B,32,output.obj,0,??$extract_argument_from_va_list@_K_J@?$standard_base@DV?$string_output_adapter@D@__crt_stdio_output@@@__crt_stdio_output@@IAE_NAA_J@Z,"__crt_stdio_output::standard_base<char,__crt_stdio_output::string_output_adapter<char> >::extract_argument_from_va_list<unsigned __int64,__int64>"
0x0043D98B,32,output.obj,0,??$extract_argument_from_va_list@_K_J@?$standard_base@_WV?$stream_output_adapter@_W@__crt_stdio_output@@@__crt_stdio_output@@IAE_NAA_J@Z,"__crt_stdio_output::standard_base<wchar_t,__crt_stdio_output::stream_output_adapter<wchar_t> >::extract_argument_from_va_list<unsigned __int64,__int64>"
0x0043D9AB,32,output.obj,0,??$extract_argument_from_va_list@_K_J@?$standard_base@_WV?$string_output_adapter@_W@__crt_stdio_output@@@__crt_stdio_output@@IAE_NAA_J@Z,"__crt_stdio_output::standard_base<wchar_t,__crt_stdio_output::string_output_adapter<wchar_t> >::extract_argument_from_va_list<unsigned __int64,__int64>"
0x0043D9CB,124,output.obj,0,??$extract_argument_from_va_list@_W_W@?$positional_parameter_base@DV?$stream_output_adapter@D@__crt_stdio_output@@@__crt_stdio_output@@IAE_NAA_W@Z,"__crt_stdio_output::positional_parameter_base<char,__crt_stdio_output::stream_output_adapter<char> >::extract_argument_from_va_list<wchar_t,wchar_t>"
0x0043DA47,124,output.obj,0,??$extract_argument_from_va_list@_W_W@?$positional_parameter_base@DV?$string_output_adapter@D@__crt_stdio_output@@@__crt_stdio_output@@IAE_NAA_W@Z,"__crt_stdio_output::positional_parameter_base<char,__crt_stdio_output::string_output_adapter<char> >::extract_argument_from_va_list<wchar_t,wchar_t>"
0x0043DAC3,124,output.obj,0,??$extract_argument_from_va_list@_W_W@?$positional_parameter_base@_WV?$stream_output_adapter@_W@__crt_stdio_output@@@__crt_stdio_output@@IAE_NAA_W@Z,"__crt_stdio_output::positional_parameter_base<wchar_t,__crt_stdio_output::stream_output_adapter<wchar_t> >::extract_argument_from_va_list<wchar_t,wchar_t>"
0x0043DB3F,124,output.obj,0,??$extract_argument_from_va_list@_W_W@?$positional_parameter_base@_WV?$string_output_adapter@_W@__crt_stdio_output@@@__crt_stdio_output@@IAE_NAA_W@Z,"__crt_stdio_output::positional_parameter_base<wchar_t,__crt_stdio_output::string_output_adapter<wchar_t> >::extract_argument_from_va_list<wchar_t,wchar_t>"
0x0043DBBB,28,output.obj,0,??$extract_argument_from_va_list@_W_W@?$standard_base@DV?$stream_output_adapter@D@__crt_stdio_output@@@__crt_stdio_output@@IAE_NAA_W@Z,"__crt_stdio_output::standard_base<char,__crt_stdio_output::stream_output_adapter<char> >::extract_argument_from_va_list<wchar_t,wchar_t>"
0x0043DBD7,28,output.obj,0,??$extract_argument_from_va_list@_W_W@?$standard_base@DV?$string_output_adapter@D@__crt_stdio_output@@@__crt_stdio_output@@IAE_NAA_W@Z,"__crt_stdio_output::standard_base<char,__crt_stdio_output::string_output_adapter<char> >::extract_argument_from_va_list<wchar_t,wchar_t>"
0x0043DBF3,28,output.obj,0,??$extract_argument_from_va_list@_W_W@?$standard_base@_WV?$stream_output_adapter@_W@__crt_stdio_output@@@__crt_stdio_output@@IAE_NAA_W@Z,"__crt_stdio_output::standard_base<wchar_t,__crt_stdio_output::stream_output_adapter<wchar_t> >::extract_argument_from_va_list<wchar_t,wchar_t>"
0x0043DC0F,28,output.obj,0,??$extract_argument_from_va_list@_W_W@?$standard_base@_WV?$string_output_adapter@_W@__crt_stdio_output@@@__crt_stdio_output@@IAE_NAA_W@Z,"__crt_stdio_output::standard_base<wchar_t,__crt_stdio_output::string_output_adapter<wchar_t> >::extract_argument_from_va_list<wchar_t,wchar_t>"
0x0043DC2B,4,output.obj,0,??$get_parameter_type@D@?$positional_parameter_base@DV?$stream_output_adapter@D@__crt_stdio_output@@@__crt_stdio_output@@CA?AW4parameter_type@01@PAD@Z,"__crt_stdio_output::positional_parameter_base<char,__crt_stdio_output::stream_output_adapter<char> >::get_parameter_type<char>"
0x0043DC2F,4,output.obj,0,??$get_parameter_type@D@?$positional_parameter_base@DV?$string_output_adapter@D@__crt_stdio_output@@@__crt_stdio_output@@CA?AW4parameter_type@01@PAD@Z,"__crt_stdio_output::positional_parameter_base<char,__crt_stdio_output::string_output_adapter<char> >::get_parameter_type<char>"
0x0043DC33,4,output.obj,0,??$get_parameter_type@D@?$positional_parameter_base@_WV?$stream_output_adapter@_W@__crt_stdio_output@@@__crt_stdio_output@@CA?AW4parameter_type@01@PAD@Z,"__crt_stdio_output::positional_parameter_base<wchar_t,__crt_stdio_output::stream_output_adapter<wchar_t> >::get_parameter_type<char>"
0x0043DC37,4,output.obj,0,??$get_parameter_type@D@?$positional_parameter_base@_WV?$string_output_adapter@_W@__crt_stdio_output@@@__crt_stdio_output@@CA?AW4parameter_type@01@PAD@Z,"__crt_stdio_output::positional_parameter_base<wchar_t,__crt_stdio_output::string_output_adapter<wchar_t> >::get_parameter_type<char>"
0x0043DC3B,4,output.obj,0,??$get_parameter_type@Uansi_string@?1??type_case_Z@?$output_processor@DV?$stream_output_adapter@D@__crt_stdio_output@@V?$positional_parameter_base@DV?$stream_output_adapter@D@__crt_stdio_output@@@2@@__crt_stdio_output@@AAE_NXZ@@?$positional_parameter_base@DV?$stream_output_adapter@D@__crt_stdio_output@@@__crt_stdio_output@@CA?AW4parameter_type@01@PAUansi_string@?1??type_case_Z@?$output_processor@DV?$stream_output_adapter@D@__crt_stdio_output@@V?$positional_parameter_base@DV?$stream_output_adapter@D@__crt_stdio_output@@@2@@1@AAE_NXZ@@Z,"__crt_stdio_output::positional_parameter_base<char,__crt_stdio_output::stream_output_adapter<char> >::get_parameter_type<`__crt_stdio_output::output_processor<char,__crt_stdio_output::stream_output_adapter<char>,__crt_stdio_output::positional_parameter_base<char,__crt_stdio_output::stream_output_adapter<char> > >::type_case_Z'::`2'::ansi_string>"
0x0043DC3F,4,output.obj,0,??$get_parameter_type@Uansi_string@?1??type_case_Z@?$output_processor@DV?$string_output_adapter@D@__crt_stdio_output@@V?$positional_parameter_base@DV?$string_output_adapter@D@__crt_stdio_output@@@2@@__crt_stdio_output@@AAE_NXZ@@?$positional_parameter_base@DV?$string_output_adapter@D@__crt_stdio_output@@@__crt_stdio_output@@CA?AW4parameter_type@01@PAUansi_string@?1??type_case_Z@?$output_processor@DV?$string_output_adapter@D@__crt_stdio_output@@V?$positional_parameter_base@DV?$string_output_adapter@D@__crt_stdio_output@@@2@@1@AAE_NXZ@@Z,"__crt_stdio_output::positional_parameter_base<char,__crt_stdio_output::string_output_adapter<char> >::get_parameter_type<`__crt_stdio_output::output_processor<char,__crt_stdio_output::string_output_adapter<char>,__crt_stdio_output::positional_parameter_base<char,__crt_stdio_output::string_output_adapter<char> > >::type_case_Z'::`2'::ansi_string>"
0x0043DC43,4,output.obj,0,??$get_parameter_type@Uansi_string@?1??type_case_Z@?$output_processor@_WV?$stream_output_adapter@_W@__crt_stdio_output@@V?$positional_parameter_base@_WV?$stream_output_adapter@_W@__crt_stdio_output@@@2@@__crt_stdio_output@@AAE_NXZ@@?$positional_parameter_base@_WV?$stream_output_adapter@_W@__crt_stdio_output@@@__crt_stdio_output@@CA?AW4parameter_type@01@PAUansi_string@?1??type_case_Z@?$output_processor@_WV?$stream_output_adapter@_W@__crt_stdio_output@@V?$positional_parameter_base@_WV?$stream_output_adapter@_W@__crt_stdio_output@@@2@@1@AAE_NXZ@@Z,"__crt_stdio_output::positional_parameter_base<wchar_t,__crt_stdio_output::stream_output_adapter<wchar_t> >::get_parameter_type<`__crt_stdio_output::output_processor<wchar_t,__crt_stdio_output::stream_output_adapter<wchar_t>,__crt_stdio_output::positional_parameter_base<wchar_t,__crt_stdio_output::stream_output_adapter<wchar_t> > >::type_case_Z'::`2'::ansi_string>"
0x0043DC47,4,output.obj,0,??$get_parameter_type@Uansi_string@?1??type_case_Z@?$output_processor@_WV?$string_output_adapter@_W@__crt_stdio_output@@V?$positional_parameter_base@_WV?$string_output_adapter@_W@__crt_stdio_output@@@2@@__crt_stdio_output@@AAE_NXZ@@?$positional_parameter_base@_WV?$string_output_adapter@_W@__crt_stdio_output@@@__crt_stdio_output@@CA?AW4parameter_type@01@PAUansi_string@?1??type_case_Z@?$output_processor@_WV?$string_output_adapter@_W@__crt_stdio_output@@V?$positional_parameter_base@_WV?$string_output_adapter@_W@__crt_stdio_output@@@2@@1@AAE_NXZ@@Z,"__crt_stdio_output::positional_parameter_base<wchar_t,__crt_stdio_output::string_output_adapter<wchar_t> >::get_parameter_type<`__crt_stdio_output::output_processor<wchar_t,__crt_stdio_output::string_output_adapter<wchar_t>,__crt_stdio_output::positional_parameter_base<wchar_t,__crt_stdio_output::string_output_adapter<wchar_t> > >::type_case_Z'::`2'::ansi_string>"
0x0043DC4B,4,output.obj,0,??$get_parameter_type@X@?$positional_parameter_base@DV?$stream_output_adapter@D@__crt_stdio_output@@@__crt_stdio_output@@CA?AW4parameter_type@01@PAX@Z,"__crt_stdio_output::positional_parameter_base<char,__crt_stdio_output::stream_output_adapter<char> >::get_parameter_type<void>"
0x0043DC4F,4,output.obj,0,??$get_parameter_type@X@?$positional_parameter_base@DV?$string_output_adapter@D@__crt_stdio_output@@@__crt_stdio_output@@CA?AW4parameter_type@01@PAX@Z,"__crt_stdio_output::positional_parameter_base<char,__crt_stdio_output::string_output_adapter<char> >::get_parameter_type<void>"
0x0043DC53,4,output.obj,0,??$get_parameter_type@X@?$positional_parameter_base@_WV?$stream_output_adapter@_W@__crt_stdio_output@@@__crt_stdio_output@@CA?AW4parameter_type@01@PAX@Z,"__crt_stdio_output::positional_parameter_base<wchar_t,__crt_stdio_output::stream_output_adapter<wchar_t> >::get_parameter_type<void>"
0x0043DC57,4,output.obj,0,??$get_parameter_type@X@?$positional_parameter_base@_WV?$string_output_adapter@_W@__crt_stdio_output@@@__crt_stdio_output@@CA?AW4parameter_type@01@PAX@Z,"__crt_stdio_output::positional_parameter_base<wchar_t,__crt_stdio_output::string_output_adapter<wchar_t> >::get_parameter_type<void>"
0x0043DC5B,24,output.obj,0,??$is_character_specifier@D@?$positional_parameter_base@DV?$stream_output_adapter@D@__crt_stdio_output@@@__crt_stdio_output@@CA_ND@Z,"__crt_stdio_output::positional_parameter_base<char,__crt_stdio_output::stream_output_adapter<char> >::is_character_specifier<char>"
0x0043DC73,24,output.obj,0,??$is_character_specifier@D@?$positional_parameter_base@DV?$string_output_adapter@D@__crt_stdio_output@@@__crt_stdio_output@@CA_ND@Z,"__crt_stdio_output::positional_parameter_base<char,__crt_stdio_output::string_output_adapter<char> >::is_character_specifier<char>"
0x0043DC8B,27,output.obj,0,??$is_character_specifier@_W@?$positional_parameter_base@_WV?$stream_output_adapter@_W@__crt_stdio_output@@@__crt_stdio_output@@CA_N_W@Z,"__crt_stdio_output::positional_parameter_base<wchar_t,__crt_stdio_output::stream_output_adapter<wchar_t> >::is_character_specifier<wchar_t>"
0x0043DCA6,27,output.obj,0,??$is_character_specifier@_W@?$positional_parameter_base@_WV?$string_output_adapter@_W@__crt_stdio_output@@@__crt_stdio_output@@CA_N_W@Z,"__crt_stdio_output::positional_parameter_base<wchar_t,__crt_stdio_output::string_output_adapter<wchar_t> >::is_character_specifier<wchar_t>"
0x0043DCC1,44,output.obj,0,??$is_integral_specifier@D@?$positional_parameter_base@DV?$stream_output_adapter@D@__crt_stdio_output@@@__crt_stdio_output@@CA_ND@Z,"__crt_stdio_output::positional_parameter_base<char,__crt_stdio_output::stream_output_adapter<char> >::is_integral_specifier<char>"
0x0043DCED,44,output.obj,0,??$is_integral_specifier@D@?$positional_parameter_base@DV?$string_output_adapter@D@__crt_stdio_output@@@__crt_stdio_output@@CA_ND@Z,"__crt_stdio_output::positional_parameter_base<char,__crt_stdio_output::string_output_adapter<char> >::is_integral_specifier<char>"
0x0043DD19,59,output.obj,0,??$is_integral_specifier@_W@?$positional_parameter_base@_WV?$stream_output_adapter@_W@__crt_stdio_output@@@__crt_stdio_output@@CA_N_W@Z,"__crt_stdio_output::positional_parameter_base<wchar_t,__crt_stdio_output::stream_output_adapter<wchar_t> >::is_integral_specifier<wchar_t>"
0x0043DD54,59,output.obj,0,??$is_integral_specifier@_W@?$positional_parameter_base@_WV?$string_output_adapter@_W@__crt_stdio_output@@@__crt_stdio_output@@CA_N_W@Z,"__crt_stdio_output::positional_parameter_base<wchar_t,__crt_stdio_output::string_output_adapter<wchar_t> >::is_integral_specifier<wchar_t>"
0x0043DD8F,14,output.obj,0,??$is_pointer_specifier@D@?$positional_parameter_base@DV?$stream_output_adapter@D@__crt_stdio_output@@@__crt_stdio_output@@CA_ND@Z,"__crt_stdio_output::positional_parameter_base<char,__crt_stdio_output::stream_output_adapter<char> >::is_pointer_specifier<char>"
0x0043DD9D,14,output.obj,0,??$is_pointer_specifier@D@?$positional_parameter_base@DV?$string_output_adapter@D@__crt_stdio_output@@@__crt_stdio_output@@CA_ND@Z,"__crt_stdio_output::positional_parameter_base<char,__crt_stdio_output::string_output_adapter<char> >::is_pointer_specifier<char>"
0x0043DDAB,15,output.obj,0,??$is_pointer_specifier@_W@?$positional_parameter_base@_WV?$stream_output_adapter@_W@__crt_stdio_output@@@__crt_stdio_output@@CA_N_W@Z,"__crt_stdio_output::positional_parameter_base<wchar_t,__crt_stdio_output::stream_output_adapter<wchar_t> >::is_pointer_specifier<wchar_t>"
0x0043DDBA,15,output.obj,0,??$is_pointer_specifier@_W@?$positional_parameter_base@_WV?$string_output_adapter@_W@__crt_stdio_output@@@__crt_stdio_output@@CA_N_W@Z,"__crt_stdio_output::positional_parameter_base<wchar_t,__crt_stdio_output::string_output_adapter<wchar_t> >::is_pointer_specifier<wchar_t>"
0x0043DDC9,24,output.obj,0,??$is_string_specifier@D@?$positional_parameter_base@DV?$stream_output_adapter@D@__crt_stdio_output@@@__crt_stdio_output@@CA_ND@Z,"__crt_stdio_output::positional_parameter_base<char,__crt_stdio_output::stream_output_adapter<char> >::is_string_specifier<char>"
0x0043DDE1,24,output.obj,0,??$is_string_specifier@D@?$positional_parameter_base@DV?$string_output_adapter@D@__crt_stdio_output@@@__crt_stdio_output@@CA_ND@Z,"__crt_stdio_output::positional_parameter_base<char,__crt_stdio_output::string_output_adapter<char> >::is_string_specifier<char>"
0x0043DDF9,27,output.obj,0,??$is_string_specifier@_W@?$positional_parameter_base@_WV?$stream_output_adapter@_W@__crt_stdio_output@@@__crt_stdio_output@@CA_N_W@Z,"__crt_stdio_output::positional_parameter_base<wchar_t,__crt_stdio_output::stream_output_adapter<wchar_t> >::is_string_specifier<wchar_t>"
0x0043DE14,27,output.obj,0,??$is_string_specifier@_W@?$positional_parameter_base@_WV?$string_output_adapter@_W@__crt_stdio_output@@@__crt_stdio_output@@CA_N_W@Z,"__crt_stdio_output::positional_parameter_base<wchar_t,__crt_stdio_output::string_output_adapter<wchar_t> >::is_string_specifier<wchar_t>"
0x0043DE2F,49,output.obj,0,??$is_wide_character_specifier@D@__crt_stdio_output@@YA_N_KDW4length_modifier@0@@Z,__crt_stdio_output::is_wide_character_specifier<char>
0x0043DE60,78,output.obj,0,??$is_wide_character_specifier@_W@__crt_stdio_output@@YA_N_K_WW4length_modifier@0@@Z,__crt_stdio_output::is_wide_character_specifier<wchar_t>
0x0043DEAE,12,output.obj,0,??$peek_va_arg@C@__crt_stdio_output@@YACPAD@Z,__crt_stdio_output::peek_va_arg<signed char>
0x0043DEBA,12,output.obj,0,??$peek_va_arg@E@__crt_stdio_output@@YAEPAD@Z,__crt_stdio_output::peek_va_arg<unsigned char>
0x0043DEC6,13,output.obj,0,??$peek_va_arg@F@__crt_stdio_output@@YAFPAD@Z,__crt_stdio_output::peek_va_arg<short>
0x0043DED3,13,output.obj,0,??$peek_va_arg@G@__crt_stdio_output@@YAGPAD@Z,__crt_stdio_output::peek_va_arg<unsigned short>
0x0043DEE0,12,output.obj,0,??$peek_va_arg@H@__crt_stdio_output@@YAHPAD@Z,__crt_stdio_output::peek_va_arg<int>
0x0043DEEC,12,output.obj,0,??$peek_va_arg@I@__crt_stdio_output@@YAIPAD@Z,__crt_stdio_output::peek_va_arg<unsigned int>
0x0043DEF8,12,output.obj,0,??$peek_va_arg@PAD@__crt_stdio_output@@YAPADPAD@Z,__crt_stdio_output::peek_va_arg<char *>
0x0043DF04,12,output.obj,0,??$peek_va_arg@PAUansi_string@?1??type_case_Z@?$output_processor@DV?$stream_output_adapter@D@__crt_stdio_output@@V?$positional_parameter_base@DV?$stream_output_adapter@D@__crt_stdio_output@@@2@@__crt_stdio_output@@AAE_NXZ@@__crt_stdio_output@@YAPAUansi_string@?1??type_case_Z@?$output_processor@DV?$stream_output_adapter@D@__crt_stdio_output@@V?$positional_parameter_base@DV?$stream_output_adapter@D@__crt_stdio_output@@@2@@0@AAE_NXZ@PAD@Z,"__crt_stdio_output::peek_va_arg<`__crt_stdio_output::output_processor<char,__crt_stdio_output::stream_output_adapter<char>,__crt_stdio_output::positional_parameter_base<char,__crt_stdio_output::stream_output_adapter<char> > >::type_case_Z'::`2'::ansi_string *>"
0x0043DF10,12,output.obj,0,??$peek_va_arg@PAUansi_string@?1??type_case_Z@?$output_processor@DV?$string_output_adapter@D@__crt_stdio_output@@V?$positional_parameter_base@DV?$string_output_adapter@D@__crt_stdio_output@@@2@@__crt_stdio_output@@AAE_NXZ@@__crt_stdio_output@@YAPAUansi_string@?1??type_case_Z@?$output_processor@DV?$string_output_adapter@D@__crt_stdio_output@@V?$positional_parameter_base@DV?$string_output_adapter@D@__crt_stdio_output@@@2@@0@AAE_NXZ@PAD@Z,"__crt_stdio_output::peek_va_arg<`__crt_stdio_output::output_processor<char,__crt_stdio_output::string_output_adapter<char>,__crt_stdio_output::positional_parameter_base<char,__crt_stdio_output::string_output_adapter<char> > >::type_case_Z'::`2'::ansi_string *>"
0x0043DF1C,12,output.obj,0,??$peek_va_arg@PAUansi_string@?1??type_case_Z@?$output_processor@_WV?$stream_output_adapter@_W@__crt_stdio_output@@V?$positional_parameter_base@_WV?$stream_output_adapter@_W@__crt_stdio_output@@@2@@__crt_stdio_output@@AAE_NXZ@@__crt_stdio_output@@YAPAUansi_string@?1??type_case_Z@?$output_processor@_WV?$stream_output_adapter@_W@__crt_stdio_output@@V?$positional_parameter_base@_WV?$stream_output_adapter@_W@__crt_stdio_output@@@2@@0@AAE_NXZ@PAD@Z,"__crt_stdio_output::peek_va_arg<`__crt_stdio_output::output_processor<wchar_t,__crt_stdio_output::stream_output_adapter<wchar_t>,__crt_stdio_output::positional_parameter_base<wchar_t,__crt_stdio_output::stream_output_adapter<wchar_t> > >::type_case_Z'::`2'::ansi_string *>"
0x0043DF28,12,output.obj,0,??$peek_va_arg@PAUansi_string@?1??type_case_Z@?$output_processor@_WV?$string_output_adapter@_W@__crt_stdio_output@@V?$positional_parameter_base@_WV?$string_output_adapter@_W@__crt_stdio_output@@@2@@__crt_stdio_output@@AAE_NXZ@@__crt_stdio_output@@YAPAUansi_string@?1??type_case_Z@?$output_processor@_WV?$string_output_adapter@_W@__crt_stdio_output@@V?$positional_parameter_base@_WV?$string_output_adapter@_W@__crt_stdio_output@@@2@@0@AAE_NXZ@PAD@Z,"__crt_stdio_output::peek_va_arg<`__crt_stdio_output::output_processor<wchar_t,__crt_stdio_output::string_output_adapter<wchar_t>,__crt_stdio_output::positional_parameter_base<wchar_t,__crt_stdio_output::string_output_adapter<wchar_t> > >::type_case_Z'::`2'::ansi_string *>"
0x0043DF34,12,output.obj,0,??$peek_va_arg@PAX@__crt_stdio_output@@YAPAXPAD@Z,__crt_stdio_output::peek_va_arg<void *>
0x0043DF40,15,output.obj,0,??$peek_va_arg@U_CRT_DOUBLE@@@__crt_stdio_output@@YA?AU_CRT_DOUBLE@@PAD@Z,__crt_stdio_output::peek_va_arg<_CRT_DOUBLE>
0x0043DF4F,15,output.obj,0,??$peek_va_arg@_J@__crt_stdio_output@@YA_JPAD@Z,__crt_stdio_output::peek_va_arg<__int64>
0x0043DF5E,15,output.obj,0,??$peek_va_arg@_K@__crt_stdio_output@@YA_KPAD@Z,__crt_stdio_output::peek_va_arg<unsigned __int64>
0x0043DF6D,13,output.obj,0,??$peek_va_arg@_W@__crt_stdio_output@@YA_WPAD@Z,__crt_stdio_output::peek_va_arg<wchar_t>
0x0043DF7A,26,output.obj,0,??$puttc_nolock@ABDPAU_iobuf@@@?$__crt_char_traits@D@@SAHABD$$QAPAU_iobuf@@@Z,"__crt_char_traits<char>::puttc_nolock<char const &,_iobuf *>"
0x0043DF94,26,output.obj,0,??$puttc_nolock@AB_WPAU_iobuf@@@?$__crt_char_traits@_W@@SAGAB_W$$QAPAU_iobuf@@@Z,"__crt_char_traits<wchar_t>::puttc_nolock<wchar_t const &,_iobuf *>"
0x0043DFAE,18,output.obj,0,??$read_va_arg@C@__crt_stdio_output@@YACAAPAD@Z,__crt_stdio_output::read_va_arg<signed char>
0x0043DFC0,18,output.obj,0,??$read_va_arg@E@__crt_stdio_output@@YAEAAPAD@Z,__crt_stdio_output::read_va_arg<unsigned char>
0x0043DFD2,19,output.obj,0,??$read_va_arg@F@__crt_stdio_output@@YAFAAPAD@Z,__crt_stdio_output::read_va_arg<short>
0x0043DFE5,19,output.obj,0,??$read_va_arg@G@__crt_stdio_output@@YAGAAPAD@Z,__crt_stdio_output::read_va_arg<unsigned short>
0x0043DFF8,18,output.obj,0,??$read_va_arg@H@__crt_stdio_output@@YAHAAPAD@Z,__crt_stdio_output::read_va_arg<int>
0x0043E00A,18,output.obj,0,??$read_va_arg@I@__crt_stdio_output@@YAIAAPAD@Z,__crt_stdio_output::read_va_arg<unsigned int>
0x0043E01C,18,output.obj,0,??$read_va_arg@PAD@__crt_stdio_output@@YAPADAAPAD@Z,__crt_stdio_output::read_va_arg<char *>
0x0043E02E,18,output.obj,0,??$read_va_arg@PAUansi_string@?1??type_case_Z@?$output_processor@DV?$stream_output_adapter@D@__crt_stdio_output@@V?$format_validation_base@DV?$stream_output_adapter@D@__crt_stdio_output@@@2@@__crt_stdio_output@@AAE_NXZ@@__crt_stdio_output@@YAPAUansi_string@?1??type_case_Z@?$output_processor@DV?$stream_output_adapter@D@__crt_stdio_output@@V?$format_validation_base@DV?$stream_output_adapter@D@__crt_stdio_output@@@2@@0@AAE_NXZ@AAPAD@Z,"__crt_stdio_output::read_va_arg<`__crt_stdio_output::output_processor<char,__crt_stdio_output::stream_output_adapter<char>,__crt_stdio_output::format_validation_base<char,__crt_stdio_output::stream_output_adapter<char> > >::type_case_Z'::`2'::ansi_string *>"
0x0043E040,18,output.obj,0,??$read_va_arg@PAUansi_string@?1??type_case_Z@?$output_processor@DV?$stream_output_adapter@D@__crt_stdio_output@@V?$positional_parameter_base@DV?$stream_output_adapter@D@__crt_stdio_output@@@2@@__crt_stdio_output@@AAE_NXZ@@__crt_stdio_output@@YAPAUansi_string@?1??type_case_Z@?$output_processor@DV?$stream_output_adapter@D@__crt_stdio_output@@V?$positional_parameter_base@DV?$stream_output_adapter@D@__crt_stdio_output@@@2@@0@AAE_NXZ@AAPAD@Z,"__crt_stdio_output::read_va_arg<`__crt_stdio_output::output_processor<char,__crt_stdio_output::stream_output_adapter<char>,__crt_stdio_output::positional_parameter_base<char,__crt_stdio_output::stream_output_adapter<char> > >::type_case_Z'::`2'::ansi_string *>"
0x0043E052,18,output.obj,0,??$read_va_arg@PAUansi_string@?1??type_case_Z@?$output_processor@DV?$stream_output_adapter@D@__crt_stdio_output@@V?$standard_base@DV?$stream_output_adapter@D@__crt_stdio_output@@@2@@__crt_stdio_output@@AAE_NXZ@@__crt_stdio_output@@YAPAUansi_string@?1??type_case_Z@?$output_processor@DV?$stream_output_adapter@D@__crt_stdio_output@@V?$standard_base@DV?$stream_output_adapter@D@__crt_stdio_output@@@2@@0@AAE_NXZ@AAPAD@Z,"__crt_stdio_output::read_va_arg<`__crt_stdio_output::output_processor<char,__crt_stdio_output::stream_output_adapter<char>,__crt_stdio_output::standard_base<char,__crt_stdio_output::stream_output_adapter<char> > >::type_case_Z'::`2'::ansi_string *>"
0x0043E064,18,output.obj,0,??$read_va_arg@PAUansi_string@?1??type_case_Z@?$output_processor@DV?$string_output_adapter@D@__crt_stdio_output@@V?$format_validation_base@DV?$string_output_adapter@D@__crt_stdio_output@@@2@@__crt_stdio_output@@AAE_NXZ@@__crt_stdio_output@@YAPAUansi_string@?1??type_case_Z@?$output_processor@DV?$string_output_adapter@D@__crt_stdio_output@@V?$format_validation_base@DV?$string_output_adapter@D@__crt_stdio_output@@@2@@0@AAE_NXZ@AAPAD@Z,"__crt_stdio_output::read_va_arg<`__crt_stdio_output::output_processor<char,__crt_stdio_output::string_output_adapter<char>,__crt_stdio_output::format_validation_base<char,__crt_stdio_output::string_output_adapter<char> > >::type_case_Z'::`2'::ansi_string *>"
0x0043E076,18,output.obj,0,??$read_va_arg@PAUansi_string@?1??type_case_Z@?$output_processor@DV?$string_output_adapter@D@__crt_stdio_output@@V?$positional_parameter_base@DV?$string_output_adapter@D@__crt_stdio_output@@@2@@__crt_stdio_output@@AAE_NXZ@@__crt_stdio_output@@YAPAUansi_string@?1??type_case_Z@?$output_processor@DV?$string_output_adapter@D@__crt_stdio_output@@V?$positional_parameter_base@DV?$string_output_adapter@D@__crt_stdio_output@@@2@@0@AAE_NXZ@AAPAD@Z,"__crt_stdio_output::read_va_arg<`__crt_stdio_output::output_processor<char,__crt_stdio_output::string_output_adapter<char>,__crt_stdio_output::positional_parameter_base<char,__crt_stdio_output::string_output_adapter<char> > >::type_case_Z'::`2'::ansi_string *>"
0x0043E088,18,output.obj,0,??$read_va_arg@PAUansi_string@?1??type_case_Z@?$output_processor@DV?$string_output_adapter@D@__crt_stdio_output@@V?$standard_base@DV?$string_output_adapter@D@__crt_stdio_output@@@2@@__crt_stdio_output@@AAE_NXZ@@__crt_stdio_output@@YAPAUansi_string@?1??type_case_Z@?$output_processor@DV?$string_output_adapter@D@__crt_stdio_output@@V?$standard_base@DV?$string_output_adapter@D@__crt_stdio_output@@@2@@0@AAE_NXZ@AAPAD@Z,"__crt_stdio_output::read_va_arg<`__crt_stdio_output::output_processor<char,__crt_stdio_output::string_output_adapter<char>,__crt_stdio_output::standard_base<char,__crt_stdio_output::string_output_adapter<char> > >::type_case_Z'::`2'::ansi_string *>"
0x0043E09A,18,output.obj,0,??$read_va_arg@PAUansi_string@?1??type_case_Z@?$output_processor@_WV?$stream_output_adapter@_W@__crt_stdio_output@@V?$format_validation_base@_WV?$stream_output_adapter@_W@__crt_stdio_output@@@2@@__crt_stdio_output@@AAE_NXZ@@__crt_stdio_output@@YAPAUansi_string@?1??type_case_Z@?$output_processor@_WV?$stream_output_adapter@_W@__crt_stdio_output@@V?$format_validation_base@_WV?$stream_output_adapter@_W@__crt_stdio_output@@@2@@0@AAE_NXZ@AAPAD@Z,"__crt_stdio_output::read_va_arg<`__crt_stdio_output::output_processor<wchar_t,__crt_stdio_output::stream_output_adapter<wchar_t>,__crt_stdio_output::format_validation_base<wchar_t,__crt_stdio_output::stream_output_adapter<wchar_t> > >::type_case_Z'::`2'::ansi_string *>"
0x0043E0AC,18,output.obj,0,??$read_va_arg@PAUansi_string@?1??type_case_Z@?$output_processor@_WV?$stream_output_adapter@_W@__crt_stdio_output@@V?$positional_parameter_base@_WV?$stream_output_adapter@_W@__crt_stdio_output@@@2@@__crt_stdio_output@@AAE_NXZ@@__crt_stdio_output@@YAPAUansi_string@?1??type_case_Z@?$output_processor@_WV?$stream_output_adapter@_W@__crt_stdio_output@@V?$positional_parameter_base@_WV?$stream_output_adapter@_W@__crt_stdio_output@@@2@@0@AAE_NXZ@AAPAD@Z,"__crt_stdio_output::read_va_arg<`__crt_stdio_output::output_processor<wchar_t,__crt_stdio_output::stream_output_adapter<wchar_t>,__crt_stdio_output::positional_parameter_base<wchar_t,__crt_stdio_output::stream_output_adapter<wchar_t> > >::type_case_Z'::`2'::ansi_string *>"
0x0043E0BE,18,output.obj,0,??$read_va_arg@PAUansi_string@?1??type_case_Z@?$output_processor@_WV?$stream_output_adapter@_W@__crt_stdio_output@@V?$standard_base@_WV?$stream_output_adapter@_W@__crt_stdio_output@@@2@@__crt_stdio_output@@AAE_NXZ@@__crt_stdio_output@@YAPAUansi_string@?1??type_case_Z@?$output_processor@_WV?$stream_output_adapter@_W@__crt_stdio_output@@V?$standard_base@_WV?$stream_output_adapter@_W@__crt_stdio_output@@@2@@0@AAE_NXZ@AAPAD@Z,"__crt_stdio_output::read_va_arg<`__crt_stdio_output::output_processor<wchar_t,__crt_stdio_output::stream_output_adapter<wchar_t>,__crt_stdio_output::standard_base<wchar_t,__crt_stdio_output::stream_output_adapter<wchar_t> > >::type_case_Z'::`2'::ansi_string *>"
0x0043E0D0,18,output.obj,0,??$read_va_arg@PAUansi_string@?1??type_case_Z@?$output_processor@_WV?$string_output_adapter@_W@__crt_stdio_output@@V?$format_validation_base@_WV?$string_output_adapter@_W@__crt_stdio_output@@@2@@__crt_stdio_output@@AAE_NXZ@@__crt_stdio_output@@YAPAUansi_string@?1??type_case_Z@?$output_processor@_WV?$string_output_adapter@_W@__crt_stdio_output@@V?$format_validation_base@_WV?$string_output_adapter@_W@__crt_stdio_output@@@2@@0@AAE_NXZ@AAPAD@Z,"__crt_stdio_output::read_va_arg<`__crt_stdio_output::output_processor<wchar_t,__crt_stdio_output::string_output_adapter<wchar_t>,__crt_stdio_output::format_validation_base<wchar_t,__crt_stdio_output::string_output_adapter<wchar_t> > >::type_case_Z'::`2'::ansi_string *>"
0x0043E0E2,18,output.obj,0,??$read_va_arg@PAUansi_string@?1??type_case_Z@?$output_processor@_WV?$string_output_adapter@_W@__crt_stdio_output@@V?$positional_parameter_base@_WV?$string_output_adapter@_W@__crt_stdio_output@@@2@@__crt_stdio_output@@AAE_NXZ@@__crt_stdio_output@@YAPAUansi_string@?1??type_case_Z@?$output_processor@_WV?$string_output_adapter@_W@__crt_stdio_output@@V?$positional_parameter_base@_WV?$string_output_adapter@_W@__crt_stdio_output@@@2@@0@AAE_NXZ@AAPAD@Z,"__crt_stdio_output::read_va_arg<`__crt_stdio_output::output_processor<wchar_t,__crt_stdio_output::string_output_adapter<wchar_t>,__crt_stdio_output::positional_parameter_base<wchar_t,__crt_stdio_output::string_output_adapter<wchar_t> > >::type_case_Z'::`2'::ansi_string *>"
0x0043E0F4,18,output.obj,0,??$read_va_arg@PAUansi_string@?1??type_case_Z@?$output_processor@_WV?$string_output_adapter@_W@__crt_stdio_output@@V?$standard_base@_WV?$string_output_adapter@_W@__crt_stdio_output@@@2@@__crt_stdio_output@@AAE_NXZ@@__crt_stdio_output@@YAPAUansi_string@?1??type_case_Z@?$output_processor@_WV?$string_output_adapter@_W@__crt_stdio_output@@V?$standard_base@_WV?$string_output_adapter@_W@__crt_stdio_output@@@2@@0@AAE_NXZ@AAPAD@Z,"__crt_stdio_output::read_va_arg<`__crt_stdio_output::output_processor<wchar_t,__crt_stdio_output::string_output_adapter<wchar_t>,__crt_stdio_output::standard_base<wchar_t,__crt_stdio_output::string_output_adapter<wchar_t> > >::type_case_Z'::`2'::ansi_string *>"
0x0043E106,18,output.obj,0,??$read_va_arg@PAX@__crt_stdio_output@@YAPAXAAPAD@Z,__crt_stdio_output::read_va_arg<void *>
0x0043E118,22,output.obj,0,??$read_va_arg@U_CRT_DOUBLE@@@__crt_stdio_output@@YA?AU_CRT_DOUBLE@@AAPAD@Z,__crt_stdio_output::read_va_arg<_CRT_DOUBLE>
0x0043E12E,21,output.obj,0,??$read_va_arg@_J@__crt_stdio_output@@YA_JAAPAD@Z,__crt_stdio_output::read_va_arg<__int64>
0x0043E143,21,output.obj,0,??$read_va_arg@_K@__crt_stdio_output@@YA_KAAPAD@Z,__crt_stdio_output::read_va_arg<unsigned __int64>
0x0043E158,19,output.obj,0,??$read_va_arg@_W@__crt_stdio_output@@YA_WAAPAD@Z,__crt_stdio_output::read_va_arg<wchar_t>
0x0043E16B,5,output.obj,0,??$scratch_count@D@formatting_buffer@__crt_stdio_output@@QBEIXZ,__crt_stdio_output::formatting_buffer::scratch_count<char>
0x0043E170,30,output.obj,0,??$scratch_data@D@formatting_buffer@__crt_stdio_output@@QAEPADXZ,__crt_stdio_output::formatting_buffer::scratch_data<char>
0x0043E18E,30,output.obj,0,??$tcstol@AAPBDPAPADH@?$__crt_char_traits@D@@SAJAAPBD$$QAPAPAD$$QAH@Z,"__crt_char_traits<char>::tcstol<char const * &,char * *,int>"
0x0043E1AC,30,output.obj,0,??$tcstol@AAPB_WPAPA_WH@?$__crt_char_traits@_W@@SAJAAPB_W$$QAPAPA_W$$QAH@Z,"__crt_char_traits<wchar_t>::tcstol<wchar_t const * &,wchar_t * *,int>"
0x0043E1CA,30,output.obj,0,??$tcstol@PBDPAPADH@?$__crt_char_traits@D@@SAJ$$QAPBD$$QAPAPAD$$QAH@Z,"__crt_char_traits<char>::tcstol<char const *,char * *,int>"
0x0043E1E8,30,output.obj,0,??$tcstol@PB_WPAPA_WH@?$__crt_char_traits@_W@@SAJ$$QAPB_W$$QAPAPA_W$$QAH@Z,"__crt_char_traits<wchar_t>::tcstol<wchar_t const *,wchar_t * *,int>"
0x0043E206,115,output.obj,0,??$type_case_integer_parse_into_buffer@I@?$output_processor@DV?$stream_output_adapter@D@__crt_stdio_output@@V?$format_validation_base@DV?$stream_output_adapter@D@__crt_stdio_output@@@2@@__crt_stdio_output@@AAEXII_N@Z,"__crt_stdio_output::output_processor<char,__crt_stdio_output::stream_output_adapter<char>,__crt_stdio_output::format_validation_base<char,__crt_stdio_output::stream_output_adapter<char> > >::type_case_integer_parse_into_buffer<unsigned int>"
0x0043E279,115,output.obj,0,??$type_case_integer_parse_into_buffer@I@?$output_processor@DV?$stream_output_adapter@D@__crt_stdio_output@@V?$positional_parameter_base@DV?$stream_output_adapter@D@__crt_stdio_output@@@2@@__crt_stdio_output@@AAEXII_N@Z,"__crt_stdio_output::output_processor<char,__crt_stdio_output::stream_output_adapter<char>,__crt_stdio_output::positional_parameter_base<char,__crt_stdio_output::stream_output_adapter<char> > >::type_case_integer_parse_into_buffer<unsigned int>"
0x0043E2EC,115,output.obj,0,??$type_case_integer_parse_into_buffer@I@?$output_processor@DV?$stream_output_adapter@D@__crt_stdio_output@@V?$standard_base@DV?$stream_output_adapter@D@__crt_stdio_output@@@2@@__crt_stdio_output@@AAEXII_N@Z,"__crt_stdio_output::output_processor<char,__crt_stdio_output::stream_output_adapter<char>,__crt_stdio_output::standard_base<char,__crt_stdio_output::stream_output_adapter<char> > >::type_case_integer_parse_into_buffer<unsigned int>"
0x0043E35F,115,output.obj,0,??$type_case_integer_parse_into_buffer@I@?$output_processor@DV?$string_output_adapter@D@__crt_stdio_output@@V?$format_validation_base@DV?$string_output_adapter@D@__crt_stdio_output@@@2@@__crt_stdio_output@@AAEXII_N@Z,"__crt_stdio_output::output_processor<char,__crt_stdio_output::string_output_adapter<char>,__crt_stdio_output::format_validation_base<char,__crt_stdio_output::string_output_adapter<char> > >::type_case_integer_parse_into_buffer<unsigned int>"
0x0043E3D2,115,output.obj,0,??$type_case_integer_parse_into_buffer@I@?$output_processor@DV?$string_output_adapter@D@__crt_stdio_output@@V?$positional_parameter_base@DV?$string_output_adapter@D@__crt_stdio_output@@@2@@__crt_stdio_output@@AAEXII_N@Z,"__crt_stdio_output::output_processor<char,__crt_stdio_output::string_output_adapter<char>,__crt_stdio_output::positional_parameter_base<char,__crt_stdio_output::string_output_adapter<char> > >::type_case_integer_parse_into_buffer<unsigned int>"
0x0043E445,115,output.obj,0,??$type_case_integer_parse_into_buffer@I@?$output_processor@DV?$string_output_adapter@D@__crt_stdio_output@@V?$standard_base@DV?$string_output_adapter@D@__crt_stdio_output@@@2@@__crt_stdio_output@@AAEXII_N@Z,"__crt_stdio_output::output_processor<char,__crt_stdio_output::string_output_adapter<char>,__crt_stdio_output::standard_base<char,__crt_stdio_output::string_output_adapter<char> > >::type_case_integer_parse_into_buffer<unsigned int>"
0x0043E4B8,135,output.obj,0,??$type_case_integer_parse_into_buffer@I@?$output_processor@_WV?$stream_output_adapter@_W@__crt_stdio_output@@V?$format_validation_base@_WV?$stream_output_adapter@_W@__crt_stdio_output@@@2@@__crt_stdio_output@@AAEXII_N@Z,"__crt_stdio_output::output_processor<wchar_t,__crt_stdio_output::stream_output_adapter<wchar_t>,__crt_stdio_output::format_validation_base<wchar_t,__crt_stdio_output::stream_output_adapter<wchar_t> > >::type_case_integer_parse_into_buffer<unsigned int>"
0x0043E53F,135,output.obj,0,??$type_case_integer_parse_into_buffer@I@?$output_processor@_WV?$stream_output_adapter@_W@__crt_stdio_output@@V?$positional_parameter_base@_WV?$stream_output_adapter@_W@__crt_stdio_output@@@2@@__crt_stdio_output@@AAEXII_N@Z,"__crt_stdio_output::output_processor<wchar_t,__crt_stdio_output::stream_output_adapter<wchar_t>,__crt_stdio_output::positional_parameter_base<wchar_t,__crt_stdio_output::stream_output_adapter<wchar_t> > >::type_case_integer_parse_into_buffer<unsigned int>"
0x0043E5C6,135,output.obj,0,??$type_case_integer_parse_into_buffer@I@?$output_processor@_WV?$stream_output_adapter@_W@__crt_stdio_output@@V?$standard_base@_WV?$stream_output_adapter@_W@__crt_stdio_output@@@2@@__crt_stdio_output@@AAEXII_N@Z,"__crt_stdio_output::output_processor<wchar_t,__crt_stdio_output::stream_output_adapter<wchar_t>,__crt_stdio_output::standard_base<wchar_t,__crt_stdio_output::stream_output_adapter<wchar_t> > >::type_case_integer_parse_into_buffer<unsigned int>"
0x0043E64D,135,output.obj,0,??$type_case_integer_parse_into_buffer@I@?$output_processor@_WV?$string_output_adapter@_W@__crt_stdio_output@@V?$format_validation_base@_WV?$string_output_adapter@_W@__crt_stdio_output@@@2@@__crt_stdio_output@@AAEXII_N@Z,"__crt_stdio_output::output_processor<wchar_t,__crt_stdio_output::string_output_adapter<wchar_t>,__crt_stdio_output::format_validation_base<wchar_t,__crt_stdio_output::string_output_adapter<wchar_t> > >::type_case_integer_parse_into_buffer<unsigned int>"
0x0043E6D4,135,output.obj,0,??$type_case_integer_parse_into_buffer@I@?$output_processor@_WV?$string_output_adapter@_W@__crt_stdio_output@@V?$positional_parameter_base@_WV?$string_output_adapter@_W@__crt_stdio_output@@@2@@__crt_stdio_output@@AAEXII_N@Z,"__crt_stdio_output::output_processor<wchar_t,__crt_stdio_output::string_output_adapter<wchar_t>,__crt_stdio_output::positional_parameter_base<wchar_t,__crt_stdio_output::string_output_adapter<wchar_t> > >::type_case_integer_parse_into_buffer<unsigned int>"
0x0043E75B,135,output.obj,0,??$type_case_integer_parse_into_buffer@I@?$output_processor@_WV?$string_output_adapter@_W@__crt_stdio_output@@V?$standard_base@_WV?$string_output_adapter@_W@__crt_stdio_output@@@2@@__crt_stdio_output@@AAEXII_N@Z,"__crt_stdio_output::output_processor<wchar_t,__crt_stdio_output::string_output_adapter<wchar_t>,__crt_stdio_output::standard_base<wchar_t,__crt_stdio_output::string_output_adapter<wchar_t> > >::type_case_integer_parse_into_buffer<unsigned int>"
0x0043E7E2,142,output.obj,0,??$type_case_integer_parse_into_buffer@_K@?$output_processor@DV?$stream_output_adapter@D@__crt_stdio_output@@V?$format_validation_base@DV?$stream_output_adapter@D@__crt_stdio_output@@@2@@__crt_stdio_output@@AAEX_KI_N@Z,"__crt_stdio_output::output_processor<char,__crt_stdio_output::stream_output_adapter<char>,__crt_stdio_output::format_validation_base<char,__crt_stdio_output::stream_output_adapter<char> > >::type_case_integer_parse_into_buffer<unsigned __int64>"
0x0043E870,142,output.obj,0,??$type_case_integer_parse_into_buffer@_K@?$output_processor@DV?$stream_output_adapter@D@__crt_stdio_output@@V?$positional_parameter_base@DV?$stream_output_adapter@D@__crt_stdio_output@@@2@@__crt_stdio_output@@AAEX_KI_N@Z,"__crt_stdio_output::output_processor<char,__crt_stdio_output::stream_output_adapter<char>,__crt_stdio_output::positional_parameter_base<char,__crt_stdio_output::stream_output_adapter<char> > >::type_case_integer_parse_into_buffer<unsigned __int64>"
0x0043E8FE,142,output.obj,0,??$type_case_integer_parse_into_buffer@_K@?$output_processor@DV?$stream_output_adapter@D@__crt_stdio_output@@V?$standard_base@DV?$stream_output_adapter@D@__crt_stdio_output@@@2@@__crt_stdio_output@@AAEX_KI_N@Z,"__crt_stdio_output::output_processor<char,__crt_stdio_output::stream_output_adapter<char>,__crt_stdio_output::standard_base<char,__crt_stdio_output::stream_output_adapter<char> > >::type_case_integer_parse_into_buffer<unsigned __int64>"
0x0043E98C,142,output.obj,0,??$type_case_integer_parse_into_buffer@_K@?$output_processor@DV?$string_output_adapter@D@__crt_stdio_output@@V?$format_validation_base@DV?$string_output_adapter@D@__crt_stdio_output@@@2@@__crt_stdio_output@@AAEX_KI_N@Z,"__crt_stdio_output::output_processor<char,__crt_stdio_output::string_output_adapter<char>,__crt_stdio_output::format_validation_base<char,__crt_stdio_output::string_output_adapter<char> > >::type_case_integer_parse_into_buffer<unsigned __int64>"
0x0043EA1A,142,output.obj,0,??$type_case_integer_parse_into_buffer@_K@?$output_processor@DV?$string_output_adapter@D@__crt_stdio_output@@V?$positional_parameter_base@DV?$string_output_adapter@D@__crt_stdio_output@@@2@@__crt_stdio_output@@AAEX_KI_N@Z,"__crt_stdio_output::output_processor<char,__crt_stdio_output::string_output_adapter<char>,__crt_stdio_output::positional_parameter_base<char,__crt_stdio_output::string_output_adapter<char> > >::type_case_integer_parse_into_buffer<unsigned __int64>"
0x0043EAA8,142,output.obj,0,??$type_case_integer_parse_into_buffer@_K@?$output_processor@DV?$string_output_adapter@D@__crt_stdio_output@@V?$standard_base@DV?$string_output_adapter@D@__crt_stdio_output@@@2@@__crt_stdio_output@@AAEX_KI_N@Z,"__crt_stdio_output::output_processor<char,__crt_stdio_output::string_output_adapter<char>,__crt_stdio_output::standard_base<char,__crt_stdio_output::string_output_adapter<char> > >::type_case_integer_parse_into_buffer<unsigned __int64>"
0x0043EB36,162,output.obj,0,??$type_case_integer_parse_into_buffer@_K@?$output_processor@_WV?$stream_output_adapter@_W@__crt_stdio_output@@V?$format_validation_base@_WV?$stream_output_adapter@_W@__crt_stdio_output@@@2@@__crt_stdio_output@@AAEX_KI_N@Z,"__crt_stdio_output::output_processor<wchar_t,__crt_stdio_output::stream_output_adapter<wchar_t>,__crt_stdio_output::format_validation_base<wchar_t,__crt_stdio_output::stream_output_adapter<wchar_t> > >::type_case_integer_parse_into_buffer<unsigned __int64>"
0x0043EBD8,162,output.obj,0,??$type_case_integer_parse_into_buffer@_K@?$output_processor@_WV?$stream_output_adapter@_W@__crt_stdio_output@@V?$positional_parameter_base@_WV?$stream_output_adapter@_W@__crt_stdio_output@@@2@@__crt_stdio_output@@AAEX_KI_N@Z,"__crt_stdio_output::output_processor<wchar_t,__crt_stdio_output::stream_output_adapter<wchar_t>,__crt_stdio_output::positional_parameter_base<wchar_t,__crt_stdio_output::stream_output_adapter<wchar_t> > >::type_case_integer_parse_into_buffer<unsigned __int64>"
0x0043EC7A,162,output.obj,0,??$type_case_integer_parse_into_buffer@_K@?$output_processor@_WV?$stream_output_adapter@_W@__crt_stdio_output@@V?$standard_base@_WV?$stream_output_adapter@_W@__crt_stdio_output@@@2@@__crt_stdio_output@@AAEX_KI_N@Z,"__crt_stdio_output::output_processor<wchar_t,__crt_stdio_output::stream_output_adapter<wchar_t>,__crt_stdio_output::standard_base<wchar_t,__crt_stdio_output::stream_output_adapter<wchar_t> > >::type_case_integer_parse_into_buffer<unsigned __int64>"
0x0043ED1C,162,output.obj,0,??$type_case_integer_parse_into_buffer@_K@?$output_processor@_WV?$string_output_adapter@_W@__crt_stdio_output@@V?$format_validation_base@_WV?$string_output_adapter@_W@__crt_stdio_output@@@2@@__crt_stdio_output@@AAEX_KI_N@Z,"__crt_stdio_output::output_processor<wchar_t,__crt_stdio_output::string_output_adapter<wchar_t>,__crt_stdio_output::format_validation_base<wchar_t,__crt_stdio_output::string_output_adapter<wchar_t> > >::type_case_integer_parse_into_buffer<unsigned __int64>"
0x0043EDBE,162,output.obj,0,??$type_case_integer_parse_into_buffer@_K@?$output_processor@_WV?$string_output_adapter@_W@__crt_stdio_output@@V?$positional_parameter_base@_WV?$string_output_adapter@_W@__crt_stdio_output@@@2@@__crt_stdio_output@@AAEX_KI_N@Z,"__crt_stdio_output::output_processor<wchar_t,__crt_stdio_output::string_output_adapter<wchar_t>,__crt_stdio_output::positional_parameter_base<wchar_t,__crt_stdio_output::string_output_adapter<wchar_t> > >::type_case_integer_parse_into_buffer<unsigned __int64>"
0x0043EE60,162,output.obj,0,??$type_case_integer_parse_into_buffer@_K@?$output_processor@_WV?$string_output_adapter@_W@__crt_stdio_output@@V?$standard_base@_WV?$string_output_adapter@_W@__crt_stdio_output@@@2@@__crt_stdio_output@@AAEX_KI_N@Z,"__crt_stdio_output::output_processor<wchar_t,__crt_stdio_output::string_output_adapter<wchar_t>,__crt_stdio_output::standard_base<wchar_t,__crt_stdio_output::string_output_adapter<wchar_t> > >::type_case_integer_parse_into_buffer<unsigned __int64>"
0x0043EF02,59,output.obj,0,??$write_multiple_characters@V?$stream_output_adapter@D@__crt_stdio_output@@D@__crt_stdio_output@@YAXABV?$stream_output_adapter@D@0@DHQAH@Z,"__crt_stdio_output::write_multiple_characters<__crt_stdio_output::stream_output_adapter<char>,char>"
0x0043EF3D,64,output.obj,0,??$write_multiple_characters@V?$stream_output_adapter@_W@__crt_stdio_output@@D@__crt_stdio_output@@YAXABV?$stream_output_adapter@_W@0@DHQAH@Z,"__crt_stdio_output::write_multiple_characters<__crt_stdio_output::stream_output_adapter<wchar_t>,char>"
0x0043EF7D,44,output.obj,0,??$write_multiple_characters@V?$string_output_adapter@D@__crt_stdio_output@@D@__crt_stdio_output@@YAXABV?$string_output_adapter@D@0@DHQAH@Z,"__crt_stdio_output::write_multiple_characters<__crt_stdio_output::string_output_adapter<char>,char>"
0x0043EFA9,49,output.obj,0,??$write_multiple_characters@V?$string_output_adapter@_W@__crt_stdio_output@@D@__crt_stdio_output@@YAXABV?$string_output_adapter@_W@0@DHQAH@Z,"__crt_stdio_output::write_multiple_characters<__crt_stdio_output::string_output_adapter<wchar_t>,char>"
0x0043F1A2,69,output.obj,0,??0?$common_data@D@__crt_stdio_output@@IAE@XZ,__crt_stdio_output::common_data<char>::common_data<char>
0x0043F1E7,74,output.obj,0,??0?$common_data@_W@__crt_stdio_output@@IAE@XZ,__crt_stdio_output::common_data<wchar_t>::common_data<wchar_t>
0x0043F231,60,output.obj,0,??0?$output_adapter_data@DV?$stream_output_adapter@D@__crt_stdio_output@@@__crt_stdio_output@@IAE@ABV?$stream_output_adapter@D@1@_KQBDQAU__crt_locale_pointers@@QAD@Z,"__crt_stdio_output::output_adapter_data<char,__crt_stdio_output::stream_output_adapter<char> >::output_adapter_data<char,__crt_stdio_output::stream_output_adapter<char> >"
0x0043F26D,60,output.obj,0,??0?$output_adapter_data@DV?$string_output_adapter@D@__crt_stdio_output@@@__crt_stdio_output@@IAE@ABV?$string_output_adapter@D@1@_KQBDQAU__crt_locale_pointers@@QAD@Z,"__crt_stdio_output::output_adapter_data<char,__crt_stdio_output::string_output_adapter<char> >::output_adapter_data<char,__crt_stdio_output::string_output_adapter<char> >"
0x0043F2A9,60,output.obj,0,??0?$output_adapter_data@_WV?$stream_output_adapter@_W@__crt_stdio_output@@@__crt_stdio_output@@IAE@ABV?$stream_output_adapter@_W@1@_KQB_WQAU__crt_locale_pointers@@QAD@Z,"__crt_stdio_output::output_adapter_data<wchar_t,__crt_stdio_output::stream_output_adapter<wchar_t> >::output_adapter_data<wchar_t,__crt_stdio_output::stream_output_adapter<wchar_t> >"
0x0043F2E5,60,output.obj,0,??0?$output_adapter_data@_WV?$string_output_adapter@_W@__crt_stdio_output@@@__crt_stdio_output@@IAE@ABV?$string_output_adapter@_W@1@_KQB_WQAU__crt_locale_pointers@@QAD@Z,"__crt_stdio_output::output_adapter_data<wchar_t,__crt_stdio_output::string_output_adapter<wchar_t> >::output_adapter_data<wchar_t,__crt_stdio_output::string_output_adapter<wchar_t> >"
0x0043F321,45,output.obj,0,??0?$output_processor@DV?$stream_output_adapter@D@__crt_stdio_output@@V?$format_validation_base@DV?$stream_output_adapter@D@__crt_stdio_output@@@2@@__crt_stdio_output@@QAE@ABV?$stream_output_adapter@D@1@_KQBDQAU__crt_locale_pointers@@QAD@Z,"__crt_stdio_output::output_processor<char,__crt_stdio_output::stream_output_adapter<char>,__crt_stdio_output::format_validation_base<char,__crt_stdio_output::stream_output_adapter<char> > >::output_processor<char,__crt_stdio_output::stream_output_adapter<char>,__crt_stdio_output::format_validation_base<char,__crt_stdio_output::stream_output_adapter<char> > >"
0x0043F34E,39,output.obj,0,??0?$output_processor@DV?$stream_output_adapter@D@__crt_stdio_output@@V?$positional_parameter_base@DV?$stream_output_adapter@D@__crt_stdio_output@@@2@@__crt_stdio_output@@QAE@ABV?$stream_output_adapter@D@1@_KQBDQAU__crt_locale_pointers@@QAD@Z,"__crt_stdio_output::output_processor<char,__crt_stdio_output::stream_output_adapter<char>,__crt_stdio_output::positional_parameter_base<char,__crt_stdio_output::stream_output_adapter<char> > >::output_processor<char,__crt_stdio_output::stream_output_adapter<char>,__crt_stdio_output::positional_parameter_base<char,__crt_stdio_output::stream_output_adapter<char> > >"
0x0043F375,45,output.obj,0,??0?$output_processor@DV?$stream_output_adapter@D@__crt_stdio_output@@V?$standard_base@DV?$stream_output_adapter@D@__crt_stdio_output@@@2@@__crt_stdio_output@@QAE@ABV?$stream_output_adapter@D@1@_KQBDQAU__crt_locale_pointers@@QAD@Z,"__crt_stdio_output::output_processor<char,__crt_stdio_output::stream_output_adapter<char>,__crt_stdio_output::standard_base<char,__crt_stdio_output::stream_output_adapter<char> > >::output_processor<char,__crt_stdio_output::stream_output_adapter<char>,__crt_stdio_output::standard_base<char,__crt_stdio_output::stream_output_adapter<char> > >"
0x0043F3A2,45,output.obj,0,??0?$output_processor@DV?$string_output_adapter@D@__crt_stdio_output@@V?$format_validation_base@DV?$string_output_adapter@D@__crt_stdio_output@@@2@@__crt_stdio_output@@QAE@ABV?$string_output_adapter@D@1@_KQBDQAU__crt_locale_pointers@@QAD@Z,"__crt_stdio_output::output_processor<char,__crt_stdio_output::string_output_adapter<char>,__crt_stdio_output::format_validation_base<char,__crt_stdio_output::string_output_adapter<char> > >::output_processor<char,__crt_stdio_output::string_output_adapter<char>,__crt_stdio_output::format_validation_base<char,__crt_stdio_output::string_output_adapter<char> > >"
0x0043F3CF,39,output.obj,0,??0?$output_processor@DV?$string_output_adapter@D@__crt_stdio_output@@V?$positional_parameter_base@DV?$string_output_adapter@D@__crt_stdio_output@@@2@@__crt_stdio_output@@QAE@ABV?$string_output_adapter@D@1@_KQBDQAU__crt_locale_pointers@@QAD@Z,"__crt_stdio_output::output_processor<char,__crt_stdio_output::string_output_adapter<char>,__crt_stdio_output::positional_parameter_base<char,__crt_stdio_output::string_output_adapter<char> > >::output_processor<char,__crt_stdio_output::string_output_adapter<char>,__crt_stdio_output::positional_parameter_base<char,__crt_stdio_output::string_output_adapter<char> > >"
0x0043F3F6,45,output.obj,0,??0?$output_processor@DV?$string_output_adapter@D@__crt_stdio_output@@V?$standard_base@DV?$string_output_adapter@D@__crt_stdio_output@@@2@@__crt_stdio_output@@QAE@ABV?$string_output_adapter@D@1@_KQBDQAU__crt_locale_pointers@@QAD@Z,"__crt_stdio_output::output_processor<char,__crt_stdio_output::string_output_adapter<char>,__crt_stdio_output::standard_base<char,__crt_stdio_output::string_output_adapter<char> > >::output_processor<char,__crt_stdio_output::string_output_adapter<char>,__crt_stdio_output::standard_base<char,__crt_stdio_output::string_output_adapter<char> > >"
0x0043F423,45,output.obj,0,??0?$output_processor@_WV?$stream_output_adapter@_W@__crt_stdio_output@@V?$format_validation_base@_WV?$stream_output_adapter@_W@__crt_stdio_output@@@2@@__crt_stdio_output@@QAE@ABV?$stream_output_adapter@_W@1@_KQB_WQAU__crt_locale_pointers@@QAD@Z,"__crt_stdio_output::output_processor<wchar_t,__crt_stdio_output::stream_output_adapter<wchar_t>,__crt_stdio_output::format_validation_base<wchar_t,__crt_stdio_output::stream_output_adapter<wchar_t> > >::output_processor<wchar_t,__crt_stdio_output::stream_output_adapter<wchar_t>,__crt_stdio_output::format_validation_base<wchar_t,__crt_stdio_output::stream_output_adapter<wchar_t> > >"
0x0043F450,39,output.obj,0,??0?$output_processor@_WV?$stream_output_adapter@_W@__crt_stdio_output@@V?$positional_parameter_base@_WV?$stream_output_adapter@_W@__crt_stdio_output@@@2@@__crt_stdio_output@@QAE@ABV?$stream_output_adapter@_W@1@_KQB_WQAU__crt_locale_pointers@@QAD@Z,"__crt_stdio_output::output_processor<wchar_t,__crt_stdio_output::stream_output_adapter<wchar_t>,__crt_stdio_output::positional_parameter_base<wchar_t,__crt_stdio_output::stream_output_adapter<wchar_t> > >::output_processor<wchar_t,__crt_stdio_output::stream_output_adapter<wchar_t>,__crt_stdio_output::positional_parameter_base<wchar_t,__crt_stdio_output::stream_output_adapter<wchar_t> > >"
0x0043F477,45,output.obj,0,??0?$output_processor@_WV?$stream_output_adapter@_W@__crt_stdio_output@@V?$standard_base@_WV?$stream_output_adapter@_W@__crt_stdio_output@@@2@@__crt_stdio_output@@QAE@ABV?$stream_output_adapter@_W@1@_KQB_WQAU__crt_locale_pointers@@QAD@Z,"__crt_stdio_output::output_processor<wchar_t,__crt_stdio_output::stream_output_adapter<wchar_t>,__crt_stdio_output::standard_base<wchar_t,__crt_stdio_output::stream_output_adapter<wchar_t> > >::output_processor<wchar_t,__crt_stdio_output::stream_output_adapter<wchar_t>,__crt_stdio_output::standard_base<wchar_t,__crt_stdio_output::stream_output_adapter<wchar_t> > >"
0x0043F4A4,45,output.obj,0,??0?$output_processor@_WV?$string_output_adapter@_W@__crt_stdio_output@@V?$format_validation_base@_WV?$string_output_adapter@_W@__crt_stdio_output@@@2@@__crt_stdio_output@@QAE@ABV?$string_output_adapter@_W@1@_KQB_WQAU__crt_locale_pointers@@QAD@Z,"__crt_stdio_output::output_processor<wchar_t,__crt_stdio_output::string_output_adapter<wchar_t>,__crt_stdio_output::format_validation_base<wchar_t,__crt_stdio_output::string_output_adapter<wchar_t> > >::output_processor<wchar_t,__crt_stdio_output::string_output_adapter<wchar_t>,__crt_stdio_output::format_validation_base<wchar_t,__crt_stdio_output::string_output_adapter<wchar_t> > >"
0x0043F4D1,39,output.obj,0,??0?$output_processor@_WV?$string_output_adapter@_W@__crt_stdio_output@@V?$positional_parameter_base@_WV?$string_output_adapter@_W@__crt_stdio_output@@@2@@__crt_stdio_output@@QAE@ABV?$string_output_adapter@_W@1@_KQB_WQAU__crt_locale_pointers@@QAD@Z,"__crt_stdio_output::output_processor<wchar_t,__crt_stdio_output::string_output_adapter<wchar_t>,__crt_stdio_output::positional_parameter_base<wchar_t,__crt_stdio_output::string_output_adapter<wchar_t> > >::output_processor<wchar_t,__crt_stdio_output::string_output_adapter<wchar_t>,__crt_stdio_output::positional_parameter_base<wchar_t,__crt_stdio_output::string_output_adapter<wchar_t> > >"
0x0043F4F8,45,output.obj,0,??0?$output_processor@_WV?$string_output_adapter@_W@__crt_stdio_output@@V?$standard_base@_WV?$string_output_adapter@_W@__crt_stdio_output@@@2@@__crt_stdio_output@@QAE@ABV?$string_output_adapter@_W@1@_KQB_WQAU__crt_locale_pointers@@QAD@Z,"__crt_stdio_output::output_processor<wchar_t,__crt_stdio_output::string_output_adapter<wchar_t>,__crt_stdio_output::standard_base<wchar_t,__crt_stdio_output::string_output_adapter<wchar_t> > >::output_processor<wchar_t,__crt_stdio_output::string_output_adapter<wchar_t>,__crt_stdio_output::standard_base<wchar_t,__crt_stdio_output::string_output_adapter<wchar_t> > >"
0x0043F525,16,output.obj,0,??0?$stream_output_adapter@D@__crt_stdio_output@@QAE@QAU_iobuf@@@Z,__crt_stdio_output::stream_output_adapter<char>::stream_output_adapter<char>
0x0043F535,16,output.obj,0,??0?$stream_output_adapter@_W@__crt_stdio_output@@QAE@QAU_iobuf@@@Z,__crt_stdio_output::stream_output_adapter<wchar_t>::stream_output_adapter<wchar_t>
0x0043F545,16,output.obj,0,??0?$string_output_adapter@D@__crt_stdio_output@@QAE@QAU?$string_output_adapter_context@D@1@@Z,__crt_stdio_output::string_output_adapter<char>::string_output_adapter<char>
0x0043F555,16,output.obj,0,??0?$string_output_adapter@_W@__crt_stdio_output@@QAE@QAU?$string_output_adapter_context@_W@1@@Z,__crt_stdio_output::string_output_adapter<wchar_t>::string_output_adapter<wchar_t>
0x0043F565,131,output.obj,0,??0_LocaleUpdate@@QAE@QAU__crt_locale_pointers@@@Z,_LocaleUpdate::_LocaleUpdate
0x0043F5E8,30,output.obj,0,??0__acrt_stdio_temporary_buffering_guard@@QAE@QAU_iobuf@@@Z,__acrt_stdio_temporary_buffering_guard::__acrt_stdio_temporary_buffering_guard
0x0043F606,6,output.obj,0,??0__crt_deferred_errno_cache@@QAE@XZ,__crt_deferred_errno_cache::__crt_deferred_errno_cache
0x0043F60C,24,output.obj,0,??0__crt_errno_guard@@QAE@QAH@Z,__crt_errno_guard::__crt_errno_guard
0x0043F624,16,output.obj,0,??0__crt_stdio_stream@@QAE@QAU_iobuf@@@Z,__crt_stdio_stream::__crt_stdio_stream
0x0043F640,23,output.obj,0,??0formatting_buffer@__crt_stdio_output@@QAE@XZ,__crt_stdio_output::formatting_buffer::formatting_buffer
0x0043F657,8,output.obj,0,??1?$common_data@D@__crt_stdio_output@@QAE@XZ,__crt_stdio_output::common_data<char>::~common_data<char>
0x0043F65F,8,output.obj,0,??1?$common_data@_W@__crt_stdio_output@@QAE@XZ,__crt_stdio_output::common_data<wchar_t>::~common_data<wchar_t>
0x0043F667,8,output.obj,0,??1?$format_validation_base@DV?$stream_output_adapter@D@__crt_stdio_output@@@__crt_stdio_output@@QAE@XZ,"__crt_stdio_output::format_validation_base<char,__crt_stdio_output::stream_output_adapter<char> >::~format_validation_base<char,__crt_stdio_output::stream_output_adapter<char> >"
0x0043F66F,8,output.obj,0,??1?$format_validation_base@DV?$string_output_adapter@D@__crt_stdio_output@@@__crt_stdio_output@@QAE@XZ,"__crt_stdio_output::format_validation_base<char,__crt_stdio_output::string_output_adapter<char> >::~format_validation_base<char,__crt_stdio_output::string_output_adapter<char> >"
0x0043F677,8,output.obj,0,??1?$format_validation_base@_WV?$stream_output_adapter@_W@__crt_stdio_output@@@__crt_stdio_output@@QAE@XZ,"__crt_stdio_output::format_validation_base<wchar_t,__crt_stdio_output::stream_output_adapter<wchar_t> >::~format_validation_base<wchar_t,__crt_stdio_output::stream_output_adapter<wchar_t> >"
0x0043F67F,8,output.obj,0,??1?$format_validation_base@_WV?$string_output_adapter@_W@__crt_stdio_output@@@__crt_stdio_output@@QAE@XZ,"__crt_stdio_output::format_validation_base<wchar_t,__crt_stdio_output::string_output_adapter<wchar_t> >::~format_validation_base<wchar_t,__crt_stdio_output::string_output_adapter<wchar_t> >"
0x0043F687,8,output.obj,0,??1?$output_adapter_data@DV?$stream_output_adapter@D@__crt_stdio_output@@@__crt_stdio_output@@QAE@XZ,"__crt_stdio_output::output_adapter_data<char,__crt_stdio_output::stream_output_adapter<char> >::~output_adapter_data<char,__crt_stdio_output::stream_output_adapter<char> >"
0x0043F68F,8,output.obj,0,??1?$output_adapter_data@DV?$string_output_adapter@D@__crt_stdio_output@@@__crt_stdio_output@@QAE@XZ,"__crt_stdio_output::output_adapter_data<char,__crt_stdio_output::string_output_adapter<char> >::~output_adapter_data<char,__crt_stdio_output::string_output_adapter<char> >"
0x0043F697,8,output.obj,0,??1?$output_adapter_data@_WV?$stream_output_adapter@_W@__crt_stdio_output@@@__crt_stdio_output@@QAE@XZ,"__crt_stdio_output::output_adapter_data<wchar_t,__crt_stdio_output::stream_output_adapter<wchar_t> >::~output_adapter_data<wchar_t,__crt_stdio_output::stream_output_adapter<wchar_t> >"
0x0043F69F,8,output.obj,0,??1?$output_adapter_data@_WV?$string_output_adapter@_W@__crt_stdio_output@@@__crt_stdio_output@@QAE@XZ,"__crt_stdio_output::output_adapter_data<wchar_t,__crt_stdio_output::string_output_adapter<wchar_t> >::~output_adapter_data<wchar_t,__crt_stdio_output::string_output_adapter<wchar_t> >"
0x0043F6A7,8,output.obj,0,??1?$output_processor@DV?$stream_output_adapter@D@__crt_stdio_output@@V?$format_validation_base@DV?$stream_output_adapter@D@__crt_stdio_output@@@2@@__crt_stdio_output@@QAE@XZ,"__crt_stdio_output::output_processor<char,__crt_stdio_output::stream_output_adapter<char>,__crt_stdio_output::format_validation_base<char,__crt_stdio_output::stream_output_adapter<char> > >::~output_processor<char,__crt_stdio_output::stream_output_adapter<char>,__crt_stdio_output::format_validation_base<char,__crt_stdio_output::stream_output_adapter<char> > >"
0x0043F6AF,8,output.obj,0,??1?$output_processor@DV?$stream_output_adapter@D@__crt_stdio_output@@V?$positional_parameter_base@DV?$stream_output_adapter@D@__crt_stdio_output@@@2@@__crt_stdio_output@@QAE@XZ,"__crt_stdio_output::output_processor<char,__crt_stdio_output::stream_output_adapter<char>,__crt_stdio_output::positional_parameter_base<char,__crt_stdio_output::stream_output_adapter<char> > >::~output_processor<char,__crt_stdio_output::stream_output_adapter<char>,__crt_stdio_output::positional_parameter_base<char,__crt_stdio_output::stream_output_adapter<char> > >"
0x0043F6B7,8,output.obj,0,??1?$output_processor@DV?$stream_output_adapter@D@__crt_stdio_output@@V?$standard_base@DV?$stream_output_adapter@D@__crt_stdio_output@@@2@@__crt_stdio_output@@QAE@XZ,"__crt_stdio_output::output_processor<char,__crt_stdio_output::stream_output_adapter<char>,__crt_stdio_output::standard_base<char,__crt_stdio_output::stream_output_adapter<char> > >::~output_processor<char,__crt_stdio_output::stream_output_adapter<char>,__crt_stdio_output::standard_base<char,__crt_stdio_output::stream_output_adapter<char> > >"
0x0043F6BF,8,output.obj,0,??1?$output_processor@DV?$string_output_adapter@D@__crt_stdio_output@@V?$format_validation_base@DV?$string_output_adapter@D@__crt_stdio_output@@@2@@__crt_stdio_output@@QAE@XZ,"__crt_stdio_output::output_processor<char,__crt_stdio_output::string_output_adapter<char>,__crt_stdio_output::format_validation_base<char,__crt_stdio_output::string_output_adapter<char> > >::~output_processor<char,__crt_stdio_output::string_output_adapter<char>,__crt_stdio_output::format_validation_base<char,__crt_stdio_output::string_output_adapter<char> > >"
0x0043F6C7,8,output.obj,0,??1?$output_processor@DV?$string_output_adapter@D@__crt_stdio_output@@V?$positional_parameter_base@DV?$string_output_adapter@D@__crt_stdio_output@@@2@@__crt_stdio_output@@QAE@XZ,"__crt_stdio_output::output_processor<char,__crt_stdio_output::string_output_adapter<char>,__crt_stdio_output::positional_parameter_base<char,__crt_stdio_output::string_output_adapter<char> > >::~output_processor<char,__crt_stdio_output::string_output_adapter<char>,__crt_stdio_output::positional_parameter_base<char,__crt_stdio_output::string_output_adapter<char> > >"
0x0043F6CF,8,output.obj,0,??1?$output_processor@DV?$string_output_adapter@D@__crt_stdio_output@@V?$standard_base@DV?$string_output_adapter@D@__crt_stdio_output@@@2@@__crt_stdio_output@@QAE@XZ,"__crt_stdio_output::output_processor<char,__crt_stdio_output::string_output_adapter<char>,__crt_stdio_output::standard_base<char,__crt_stdio_output::string_output_adapter<char> > >::~output_processor<char,__crt_stdio_output::string_output_adapter<char>,__crt_stdio_output::standard_base<char,__crt_stdio_output::string_output_adapter<char> > >"
0x0043F6D7,8,output.obj,0,??1?$output_processor@_WV?$stream_output_adapter@_W@__crt_stdio_output@@V?$format_validation_base@_WV?$stream_output_adapter@_W@__crt_stdio_output@@@2@@__crt_stdio_output@@QAE@XZ,"__crt_stdio_output::output_processor<wchar_t,__crt_stdio_output::stream_output_adapter<wchar_t>,__crt_stdio_output::format_validation_base<wchar_t,__crt_stdio_output::stream_output_adapter<wchar_t> > >::~output_processor<wchar_t,__crt_stdio_output::stream_output_adapter<wchar_t>,__crt_stdio_output::format_validation_base<wchar_t,__crt_stdio_output::stream_output_adapter<wchar_t> > >"
0x0043F6DF,8,output.obj,0,??1?$output_processor@_WV?$stream_output_adapter@_W@__crt_stdio_output@@V?$positional_parameter_base@_WV?$stream_output_adapter@_W@__crt_stdio_output@@@2@@__crt_stdio_output@@QAE@XZ,"__crt_stdio_output::output_processor<wchar_t,__crt_stdio_output::stream_output_adapter<wchar_t>,__crt_stdio_output::positional_parameter_base<wchar_t,__crt_stdio_output::stream_output_adapter<wchar_t> > >::~output_processor<wchar_t,__crt_stdio_output::stream_output_adapter<wchar_t>,__crt_stdio_output::positional_parameter_base<wchar_t,__crt_stdio_output::stream_output_adapter<wchar_t> > >"
0x0043F6E7,8,output.obj,0,??1?$output_processor@_WV?$stream_output_adapter@_W@__crt_stdio_output@@V?$standard_base@_WV?$stream_output_adapter@_W@__crt_stdio_output@@@2@@__crt_stdio_output@@QAE@XZ,"__crt_stdio_output::output_processor<wchar_t,__crt_stdio_output::stream_output_adapter<wchar_t>,__crt_stdio_output::standard_base<wchar_t,__crt_stdio_output::stream_output_adapter<wchar_t> > >::~output_processor<wchar_t,__crt_stdio_output::stream_output_adapter<wchar_t>,__crt_stdio_output::standard_base<wchar_t,__crt_stdio_output::stream_output_adapter<wchar_t> > >"
0x0043F6EF,8,output.obj,0,??1?$output_processor@_WV?$string_output_adapter@_W@__crt_stdio_output@@V?$format_validation_base@_WV?$string_output_adapter@_W@__crt_stdio_output@@@2@@__crt_stdio_output@@QAE@XZ,"__crt_stdio_output::output_processor<wchar_t,__crt_stdio_output::string_output_adapter<wchar_t>,__crt_stdio_output::format_validation_base<wchar_t,__crt_stdio_output::string_output_adapter<wchar_t> > >::~output_processor<wchar_t,__crt_stdio_output::string_output_adapter<wchar_t>,__crt_stdio_output::format_validation_base<wchar_t,__crt_stdio_output::string_output_adapter<wchar_t> > >"
0x0043F6F7,8,output.obj,0,??1?$output_processor@_WV?$string_output_adapter@_W@__crt_stdio_output@@V?$positional_parameter_base@_WV?$string_output_adapter@_W@__crt_stdio_output@@@2@@__crt_stdio_output@@QAE@XZ,"__crt_stdio_output::output_processor<wchar_t,__crt_stdio_output::string_output_adapter<wchar_t>,__crt_stdio_output::positional_parameter_base<wchar_t,__crt_stdio_output::string_output_adapter<wchar_t> > >::~output_processor<wchar_t,__crt_stdio_output::string_output_adapter<wchar_t>,__crt_stdio_output::positional_parameter_base<wchar_t,__crt_stdio_output::string_output_adapter<wchar_t> > >"
0x0043F6FF,8,output.obj,0,??1?$output_processor@_WV?$string_output_adapter@_W@__crt_stdio_output@@V?$standard_base@_WV?$string_output_adapter@_W@__crt_stdio_output@@@2@@__crt_stdio_output@@QAE@XZ,"__crt_stdio_output::output_processor<wchar_t,__crt_stdio_output::string_output_adapter<wchar_t>,__crt_stdio_output::standard_base<wchar_t,__crt_stdio_output::string_output_adapter<wchar_t> > >::~output_processor<wchar_t,__crt_stdio_output::string_output_adapter<wchar_t>,__crt_stdio_output::standard_base<wchar_t,__crt_stdio_output::string_output_adapter<wchar_t> > >"
0x0043F707,8,output.obj,0,??1?$positional_parameter_base@DV?$stream_output_adapter@D@__crt_stdio_output@@@__crt_stdio_output@@QAE@XZ,"__crt_stdio_output::positional_parameter_base<char,__crt_stdio_output::stream_output_adapter<char> >::~positional_parameter_base<char,__crt_stdio_output::stream_output_adapter<char> >"
0x0043F70F,8,output.obj,0,??1?$positional_parameter_base@DV?$string_output_adapter@D@__crt_stdio_output@@@__crt_stdio_output@@QAE@XZ,"__crt_stdio_output::positional_parameter_base<char,__crt_stdio_output::string_output_adapter<char> >::~positional_parameter_base<char,__crt_stdio_output::string_output_adapter<char> >"
0x0043F717,8,output.obj,0,??1?$positional_parameter_base@_WV?$stream_output_adapter@_W@__crt_stdio_output@@@__crt_stdio_output@@QAE@XZ,"__crt_stdio_output::positional_parameter_base<wchar_t,__crt_stdio_output::stream_output_adapter<wchar_t> >::~positional_parameter_base<wchar_t,__crt_stdio_output::stream_output_adapter<wchar_t> >"
0x0043F71F,8,output.obj,0,??1?$positional_parameter_base@_WV?$string_output_adapter@_W@__crt_stdio_output@@@__crt_stdio_output@@QAE@XZ,"__crt_stdio_output::positional_parameter_base<wchar_t,__crt_stdio_output::string_output_adapter<wchar_t> >::~positional_parameter_base<wchar_t,__crt_stdio_output::string_output_adapter<wchar_t> >"
0x0043F727,8,output.obj,0,??1?$standard_base@DV?$stream_output_adapter@D@__crt_stdio_output@@@__crt_stdio_output@@QAE@XZ,"__crt_stdio_output::standard_base<char,__crt_stdio_output::stream_output_adapter<char> >::~standard_base<char,__crt_stdio_output::stream_output_adapter<char> >"
0x0043F72F,8,output.obj,0,??1?$standard_base@DV?$string_output_adapter@D@__crt_stdio_output@@@__crt_stdio_output@@QAE@XZ,"__crt_stdio_output::standard_base<char,__crt_stdio_output::string_output_adapter<char> >::~standard_base<char,__crt_stdio_output::string_output_adapter<char> >"
0x0043F737,8,output.obj,0,??1?$standard_base@_WV?$stream_output_adapter@_W@__crt_stdio_output@@@__crt_stdio_output@@QAE@XZ,"__crt_stdio_output::standard_base<wchar_t,__crt_stdio_output::stream_output_adapter<wchar_t> >::~standard_base<wchar_t,__crt_stdio_output::stream_output_adapter<wchar_t> >"
0x0043F73F,8,output.obj,0,??1?$standard_base@_WV?$string_output_adapter@_W@__crt_stdio_output@@@__crt_stdio_output@@QAE@XZ,"__crt_stdio_output::standard_base<wchar_t,__crt_stdio_output::string_output_adapter<wchar_t> >::~standard_base<wchar_t,__crt_stdio_output::string_output_adapter<wchar_t> >"
0x0043F747,16,output.obj,0,??1_LocaleUpdate@@QAE@XZ,_LocaleUpdate::~_LocaleUpdate
0x0043F757,15,output.obj,0,??1__acrt_stdio_temporary_buffering_guard@@QAE@XZ,__acrt_stdio_temporary_buffering_guard::~__acrt_stdio_temporary_buffering_guard
0x0043F766,17,output.obj,0,??1__crt_errno_guard@@QAE@XZ,__crt_errno_guard::~__crt_errno_guard
0x0043F777,26,output.obj,0,??1formatting_buffer@__crt_stdio_output@@QAE@XZ,__crt_stdio_output::formatting_buffer::~formatting_buffer
0x0043F791,36,output.obj,0,??4?$__crt_unique_heap_ptr@DU__crt_internal_free_policy@@@@QAEAAV0@$$QAV0@@Z,"__crt_unique_heap_ptr<char,__crt_internal_free_policy>::operator="
0x0043F7B5,18,output.obj,0,??A?$spectre_mitigated_lookup_table@Ustate_transition_pair@__crt_stdio_output@@$0IA@@__crt_stdio_output@@QBEABUstate_transition_pair@1@I@Z,"__crt_stdio_output::spectre_mitigated_lookup_table<__crt_stdio_output::state_transition_pair,128>::operator[]"
0x0043F7C7,3,output.obj,0,??C__crt_stdio_stream@@QBEPAU__crt_stdio_stream_data@@XZ,__crt_stdio_stream::operator->
0x0043FD1A,4,output.obj,0,?GetLocaleT@_LocaleUpdate@@QAEPAU__crt_locale_pointers@@XZ,_LocaleUpdate::GetLocaleT
0x0043FD1E,20,output.obj,0,?adjust_hexit@?$output_processor@DV?$stream_output_adapter@D@__crt_stdio_output@@V?$format_validation_base@DV?$stream_output_adapter@D@__crt_stdio_output@@@2@@__crt_stdio_output@@CADH_N@Z,"__crt_stdio_output::output_processor<char,__crt_stdio_output::stream_output_adapter<char>,__crt_stdio_output::format_validation_base<char,__crt_stdio_output::stream_output_adapter<char> > >::adjust_hexit"
0x0043FD32,20,output.obj,0,?adjust_hexit@?$output_processor@DV?$stream_output_adapter@D@__crt_stdio_output@@V?$positional_parameter_base@DV?$stream_output_adapter@D@__crt_stdio_output@@@2@@__crt_stdio_output@@CADH_N@Z,"__crt_stdio_output::output_processor<char,__crt_stdio_output::stream_output_adapter<char>,__crt_stdio_output::positional_parameter_base<char,__crt_stdio_output::stream_output_adapter<char> > >::adjust_hexit"
0x0043FD46,20,output.obj,0,?adjust_hexit@?$output_processor@DV?$stream_output_adapter@D@__crt_stdio_output@@V?$standard_base@DV?$stream_output_adapter@D@__crt_stdio_output@@@2@@__crt_stdio_output@@CADH_N@Z,"__crt_stdio_output::output_processor<char,__crt_stdio_output::stream_output_adapter<char>,__crt_stdio_output::standard_base<char,__crt_stdio_output::stream_output_adapter<char> > >::adjust_hexit"
0x0043FD5A,20,output.obj,0,?adjust_hexit@?$output_processor@DV?$string_output_adapter@D@__crt_stdio_output@@V?$format_validation_base@DV?$string_output_adapter@D@__crt_stdio_output@@@2@@__crt_stdio_output@@CADH_N@Z,"__crt_stdio_output::output_processor<char,__crt_stdio_output::string_output_adapter<char>,__crt_stdio_output::format_validation_base<char,__crt_stdio_output::string_output_adapter<char> > >::adjust_hexit"
0x0043FD6E,20,output.obj,0,?adjust_hexit@?$output_processor@DV?$string_output_adapter@D@__crt_stdio_output@@V?$positional_parameter_base@DV?$string_output_adapter@D@__crt_stdio_output@@@2@@__crt_stdio_output@@CADH_N@Z,"__crt_stdio_output::output_processor<char,__crt_stdio_output::string_output_adapter<char>,__crt_stdio_output::positional_parameter_base<char,__crt_stdio_output::string_output_adapter<char> > >::adjust_hexit"
0x0043FD82,20,output.obj,0,?adjust_hexit@?$output_processor@DV?$string_output_adapter@D@__crt_stdio_output@@V?$standard_base@DV?$string_output_adapter@D@__crt_stdio_output@@@2@@__crt_stdio_output@@CADH_N@Z,"__crt_stdio_output::output_processor<char,__crt_stdio_output::string_output_adapter<char>,__crt_stdio_output::standard_base<char,__crt_stdio_output::string_output_adapter<char> > >::adjust_hexit"
0x0043FD96,20,output.obj,0,?adjust_hexit@?$output_processor@_WV?$stream_output_adapter@_W@__crt_stdio_output@@V?$format_validation_base@_WV?$stream_output_adapter@_W@__crt_stdio_output@@@2@@__crt_stdio_output@@CADH_N@Z,"__crt_stdio_output::output_processor<wchar_t,__crt_stdio_output::stream_output_adapter<wchar_t>,__crt_stdio_output::format_validation_base<wchar_t,__crt_stdio_output::stream_output_adapter<wchar_t> > >::adjust_hexit"
0x0043FDAA,20,output.obj,0,?adjust_hexit@?$output_processor@_WV?$stream_output_adapter@_W@__crt_stdio_output@@V?$positional_parameter_base@_WV?$stream_output_adapter@_W@__crt_stdio_output@@@2@@__crt_stdio_output@@CADH_N@Z,"__crt_stdio_output::output_processor<wchar_t,__crt_stdio_output::stream_output_adapter<wchar_t>,__crt_stdio_output::positional_parameter_base<wchar_t,__crt_stdio_output::stream_output_adapter<wchar_t> > >::adjust_hexit"
0x0043FDBE,20,output.obj,0,?adjust_hexit@?$output_processor@_WV?$stream_output_adapter@_W@__crt_stdio_output@@V?$standard_base@_WV?$stream_output_adapter@_W@__crt_stdio_output@@@2@@__crt_stdio_output@@CADH_N@Z,"__crt_stdio_output::output_processor<wchar_t,__crt_stdio_output::stream_output_adapter<wchar_t>,__crt_stdio_output::standard_base<wchar_t,__crt_stdio_output::stream_output_adapter<wchar_t> > >::adjust_hexit"
0x0043FDD2,20,output.obj,0,?adjust_hexit@?$output_processor@_WV?$string_output_adapter@_W@__crt_stdio_output@@V?$format_validation_base@_WV?$string_output_adapter@_W@__crt_stdio_output@@@2@@__crt_stdio_output@@CADH_N@Z,"__crt_stdio_output::output_processor<wchar_t,__crt_stdio_output::string_output_adapter<wchar_t>,__crt_stdio_output::format_validation_base<wchar_t,__crt_stdio_output::string_output_adapter<wchar_t> > >::adjust_hexit"
0x0043FDE6,20,output.obj,0,?adjust_hexit@?$output_processor@_WV?$string_output_adapter@_W@__crt_stdio_output@@V?$positional_parameter_base@_WV?$string_output_adapter@_W@__crt_stdio_output@@@2@@__crt_stdio_output@@CADH_N@Z,"__crt_stdio_output::output_processor<wchar_t,__crt_stdio_output::string_output_adapter<wchar_t>,__crt_stdio_output::positional_parameter_base<wchar_t,__crt_stdio_output::string_output_adapter<wchar_t> > >::adjust_hexit"
0x0043FDFA,20,output.obj,0,?adjust_hexit@?$output_processor@_WV?$string_output_adapter@_W@__crt_stdio_output@@V?$standard_base@_WV?$string_output_adapter@_W@__crt_stdio_output@@@2@@__crt_stdio_output@@CADH_N@Z,"__crt_stdio_output::output_processor<wchar_t,__crt_stdio_output::string_output_adapter<wchar_t>,__crt_stdio_output::standard_base<wchar_t,__crt_stdio_output::string_output_adapter<wchar_t> > >::adjust_hexit"
0x0043FE0E,76,output.obj,0,?advance_to_next_pass@?$positional_parameter_base@DV?$stream_output_adapter@D@__crt_stdio_output@@@__crt_stdio_output@@IAE_NXZ,"__crt_stdio_output::positional_parameter_base<char,__crt_stdio_output::stream_output_adapter<char> >::advance_to_next_pass"
0x0043FE5A,76,output.obj,0,?advance_to_next_pass@?$positional_parameter_base@DV?$string_output_adapter@D@__crt_stdio_output@@@__crt_stdio_output@@IAE_NXZ,"__crt_stdio_output::positional_parameter_base<char,__crt_stdio_output::string_output_adapter<char> >::advance_to_next_pass"
0x0043FEA6,76,output.obj,0,?advance_to_next_pass@?$positional_parameter_base@_WV?$stream_output_adapter@_W@__crt_stdio_output@@@__crt_stdio_output@@IAE_NXZ,"__crt_stdio_output::positional_parameter_base<wchar_t,__crt_stdio_output::stream_output_adapter<wchar_t> >::advance_to_next_pass"
0x0043FEF2,76,output.obj,0,?advance_to_next_pass@?$positional_parameter_base@_WV?$string_output_adapter@_W@__crt_stdio_output@@@__crt_stdio_output@@IAE_NXZ,"__crt_stdio_output::positional_parameter_base<wchar_t,__crt_stdio_output::string_output_adapter<wchar_t> >::advance_to_next_pass"
0x0043FF3E,17,output.obj,0,?advance_to_next_pass@?$standard_base@DV?$stream_output_adapter@D@__crt_stdio_output@@@__crt_stdio_output@@IAE_NXZ,"__crt_stdio_output::standard_base<char,__crt_stdio_output::stream_output_adapter<char> >::advance_to_next_pass"
0x0043FF4F,17,output.obj,0,?advance_to_next_pass@?$standard_base@DV?$string_output_adapter@D@__crt_stdio_output@@@__crt_stdio_output@@IAE_NXZ,"__crt_stdio_output::standard_base<char,__crt_stdio_output::string_output_adapter<char> >::advance_to_next_pass"
0x0043FF60,17,output.obj,0,?advance_to_next_pass@?$standard_base@_WV?$stream_output_adapter@_W@__crt_stdio_output@@@__crt_stdio_output@@IAE_NXZ,"__crt_stdio_output::standard_base<wchar_t,__crt_stdio_output::stream_output_adapter<wchar_t> >::advance_to_next_pass"
0x0043FF71,17,output.obj,0,?advance_to_next_pass@?$standard_base@_WV?$string_output_adapter@_W@__crt_stdio_output@@@__crt_stdio_output@@IAE_NXZ,"__crt_stdio_output::standard_base<wchar_t,__crt_stdio_output::string_output_adapter<wchar_t> >::advance_to_next_pass"
0x0043FF90,129,output.obj,0,?crop_zeroes@__crt_stdio_output@@YAXPADQAU__crt_locale_pointers@@@Z,__crt_stdio_output::crop_zeroes
0x00440011,55,output.obj,0,?find_next_state@?$output_processor@DV?$stream_output_adapter@D@__crt_stdio_output@@V?$format_validation_base@DV?$stream_output_adapter@D@__crt_stdio_output@@@2@@__crt_stdio_output@@ABE?AW4state@2@DW432@@Z,"__crt_stdio_output::output_processor<char,__crt_stdio_output::stream_output_adapter<char>,__crt_stdio_output::format_validation_base<char,__crt_stdio_output::stream_output_adapter<char> > >::find_next_state"
0x00440048,55,output.obj,0,?find_next_state@?$output_processor@DV?$stream_output_adapter@D@__crt_stdio_output@@V?$positional_parameter_base@DV?$stream_output_adapter@D@__crt_stdio_output@@@2@@__crt_stdio_output@@ABE?AW4state@2@DW432@@Z,"__crt_stdio_output::output_processor<char,__crt_stdio_output::stream_output_adapter<char>,__crt_stdio_output::positional_parameter_base<char,__crt_stdio_output::stream_output_adapter<char> > >::find_next_state"
0x0044007F,55,output.obj,0,?find_next_state@?$output_processor@DV?$stream_output_adapter@D@__crt_stdio_output@@V?$standard_base@DV?$stream_output_adapter@D@__crt_stdio_output@@@2@@__crt_stdio_output@@ABE?AW4state@2@DW432@@Z,"__crt_stdio_output::output_processor<char,__crt_stdio_output::stream_output_adapter<char>,__crt_stdio_output::standard_base<char,__crt_stdio_output::stream_output_adapter<char> > >::find_next_state"
0x004400B6,55,output.obj,0,?find_next_state@?$output_processor@DV?$string_output_adapter@D@__crt_stdio_output@@V?$format_validation_base@DV?$string_output_adapter@D@__crt_stdio_output@@@2@@__crt_stdio_output@@ABE?AW4state@2@DW432@@Z,"__crt_stdio_output::output_processor<char,__crt_stdio_output::string_output_adapter<char>,__crt_stdio_output::format_validation_base<char,__crt_stdio_output::string_output_adapter<char> > >::find_next_state"
0x004400ED,55,output.obj,0,?find_next_state@?$output_processor@DV?$string_output_adapter@D@__crt_stdio_output@@V?$positional_parameter_base@DV?$string_output_adapter@D@__crt_stdio_output@@@2@@__crt_stdio_output@@ABE?AW4state@2@DW432@@Z,"__crt_stdio_output::output_processor<char,__crt_stdio_output::string_output_adapter<char>,__crt_stdio_output::positional_parameter_base<char,__crt_stdio_output::string_output_adapter<char> > >::find_next_state"
0x00440124,55,output.obj,0,?find_next_state@?$output_processor@DV?$string_output_adapter@D@__crt_stdio_output@@V?$standard_base@DV?$string_output_adapter@D@__crt_stdio_output@@@2@@__crt_stdio_output@@ABE?AW4state@2@DW432@@Z,"__crt_stdio_output::output_processor<char,__crt_stdio_output::string_output_adapter<char>,__crt_stdio_output::standard_base<char,__crt_stdio_output::string_output_adapter<char> > >::find_next_state"
0x0044015B,54,output.obj,0,?find_next_state@?$output_processor@_WV?$stream_output_adapter@_W@__crt_stdio_output@@V?$format_validation_base@_WV?$stream_output_adapter@_W@__crt_stdio_output@@@2@@__crt_stdio_output@@ABE?AW4state@2@_WW432@@Z,"__crt_stdio_output::output_processor<wchar_t,__crt_stdio_output::stream_output_adapter<wchar_t>,__crt_stdio_output::format_validation_base<wchar_t,__crt_stdio_output::stream_output_adapter<wchar_t> > >::find_next_state"
0x00440191,54,output.obj,0,?find_next_state@?$output_processor@_WV?$stream_output_adapter@_W@__crt_stdio_output@@V?$positional_parameter_base@_WV?$stream_output_adapter@_W@__crt_stdio_output@@@2@@__crt_stdio_output@@ABE?AW4state@2@_WW432@@Z,"__crt_stdio_output::output_processor<wchar_t,__crt_stdio_output::stream_output_adapter<wchar_t>,__crt_stdio_output::positional_parameter_base<wchar_t,__crt_stdio_output::stream_output_adapter<wchar_t> > >::find_next_state"
0x004401C7,54,output.obj,0,?find_next_state@?$output_processor@_WV?$stream_output_adapter@_W@__crt_stdio_output@@V?$standard_base@_WV?$stream_output_adapter@_W@__crt_stdio_output@@@2@@__crt_stdio_output@@ABE?AW4state@2@_WW432@@Z,"__crt_stdio_output::output_processor<wchar_t,__crt_stdio_output::stream_output_adapter<wchar_t>,__crt_stdio_output::standard_base<wchar_t,__crt_stdio_output::stream_output_adapter<wchar_t> > >::find_next_state"
0x004401FD,54,output.obj,0,?find_next_state@?$output_processor@_WV?$string_output_adapter@_W@__crt_stdio_output@@V?$format_validation_base@_WV?$string_output_adapter@_W@__crt_stdio_output@@@2@@__crt_stdio_output@@ABE?AW4state@2@_WW432@@Z,"__crt_stdio_output::output_processor<wchar_t,__crt_stdio_output::string_output_adapter<wchar_t>,__crt_stdio_output::format_validation_base<wchar_t,__crt_stdio_output::string_output_adapter<wchar_t> > >::find_next_state"
0x00440233,54,output.obj,0,?find_next_state@?$output_processor@_WV?$string_output_adapter@_W@__crt_stdio_output@@V?$positional_parameter_base@_WV?$string_output_adapter@_W@__crt_stdio_output@@@2@@__crt_stdio_output@@ABE?AW4state@2@_WW432@@Z,"__crt_stdio_output::output_processor<wchar_t,__crt_stdio_output::string_output_adapter<wchar_t>,__crt_stdio_output::positional_parameter_base<wchar_t,__crt_stdio_output::string_output_adapter<wchar_t> > >::find_next_state"
0x00440269,54,output.obj,0,?find_next_state@?$output_processor@_WV?$string_output_adapter@_W@__crt_stdio_output@@V?$standard_base@_WV?$string_output_adapter@_W@__crt_stdio_output@@@2@@__crt_stdio_output@@ABE?AW4state@2@_WW432@@Z,"__crt_stdio_output::output_processor<wchar_t,__crt_stdio_output::string_output_adapter<wchar_t>,__crt_stdio_output::standard_base<wchar_t,__crt_stdio_output::string_output_adapter<wchar_t> > >::find_next_state"
0x004402A0,101,output.obj,0,?force_decimal_point@__crt_stdio_output@@YAXPADQAU__crt_locale_pointers@@@Z,__crt_stdio_output::force_decimal_point
0x00440305,20,output.obj,0,?get@__crt_deferred_errno_cache@@QAEAAHXZ,__crt_deferred_errno_cache::get
0x00440319,7,output.obj,0,?get_flags@__crt_stdio_stream@@QBEJXZ,__crt_stdio_stream::get_flags
0x00440320,4,output.obj,0,?get_parameter_type@?$positional_parameter_base@DV?$stream_output_adapter@D@__crt_stdio_output@@@__crt_stdio_output@@CA?AW4parameter_type@12@F@Z,"__crt_stdio_output::positional_parameter_base<char,__crt_stdio_output::stream_output_adapter<char> >::get_parameter_type"
0x00440324,4,output.obj,0,?get_parameter_type@?$positional_parameter_base@DV?$stream_output_adapter@D@__crt_stdio_output@@@__crt_stdio_output@@CA?AW4parameter_type@12@G@Z,"__crt_stdio_output::positional_parameter_base<char,__crt_stdio_output::stream_output_adapter<char> >::get_parameter_type"
0x00440328,4,output.obj,0,?get_parameter_type@?$positional_parameter_base@DV?$stream_output_adapter@D@__crt_stdio_output@@@__crt_stdio_output@@CA?AW4parameter_type@12@H@Z,"__crt_stdio_output::positional_parameter_base<char,__crt_stdio_output::stream_output_adapter<char> >::get_parameter_type"
0x0044032C,4,output.obj,0,?get_parameter_type@?$positional_parameter_base@DV?$stream_output_adapter@D@__crt_stdio_output@@@__crt_stdio_output@@CA?AW4parameter_type@12@I@Z,"__crt_stdio_output::positional_parameter_base<char,__crt_stdio_output::stream_output_adapter<char> >::get_parameter_type"
0x00440330,4,output.obj,0,?get_parameter_type@?$positional_parameter_base@DV?$stream_output_adapter@D@__crt_stdio_output@@@__crt_stdio_output@@CA?AW4parameter_type@12@U_CRT_DOUBLE@@@Z,"__crt_stdio_output::positional_parameter_base<char,__crt_stdio_output::stream_output_adapter<char> >::get_parameter_type"
0x00440334,4,output.obj,0,?get_parameter_type@?$positional_parameter_base@DV?$stream_output_adapter@D@__crt_stdio_output@@@__crt_stdio_output@@CA?AW4parameter_type@12@_J@Z,"__crt_stdio_output::positional_parameter_base<char,__crt_stdio_output::stream_output_adapter<char> >::get_parameter_type"
0x00440338,4,output.obj,0,?get_parameter_type@?$positional_parameter_base@DV?$stream_output_adapter@D@__crt_stdio_output@@@__crt_stdio_output@@CA?AW4parameter_type@12@_K@Z,"__crt_stdio_output::positional_parameter_base<char,__crt_stdio_output::stream_output_adapter<char> >::get_parameter_type"
0x0044033C,4,output.obj,0,?get_parameter_type@?$positional_parameter_base@DV?$stream_output_adapter@D@__crt_stdio_output@@@__crt_stdio_output@@CA?AW4parameter_type@12@_W@Z,"__crt_stdio_output::positional_parameter_base<char,__crt_stdio_output::stream_output_adapter<char> >::get_parameter_type"
0x00440340,4,output.obj,0,?get_parameter_type@?$positional_parameter_base@DV?$string_output_adapter@D@__crt_stdio_output@@@__crt_stdio_output@@CA?AW4parameter_type@12@F@Z,"__crt_stdio_output::positional_parameter_base<char,__crt_stdio_output::string_output_adapter<char> >::get_parameter_type"
0x00440344,4,output.obj,0,?get_parameter_type@?$positional_parameter_base@DV?$string_output_adapter@D@__crt_stdio_output@@@__crt_stdio_output@@CA?AW4parameter_type@12@G@Z,"__crt_stdio_output::positional_parameter_base<char,__crt_stdio_output::string_output_adapter<char> >::get_parameter_type"
0x00440348,4,output.obj,0,?get_parameter_type@?$positional_parameter_base@DV?$string_output_adapter@D@__crt_stdio_output@@@__crt_stdio_output@@CA?AW4parameter_type@12@H@Z,"__crt_stdio_output::positional_parameter_base<char,__crt_stdio_output::string_output_adapter<char> >::get_parameter_type"
0x0044034C,4,output.obj,0,?get_parameter_type@?$positional_parameter_base@DV?$string_output_adapter@D@__crt_stdio_output@@@__crt_stdio_output@@CA?AW4parameter_type@12@I@Z,"__crt_stdio_output::positional_parameter_base<char,__crt_stdio_output::string_output_adapter<char> >::get_parameter_type"
0x00440350,4,output.obj,0,?get_parameter_type@?$positional_parameter_base@DV?$string_output_adapter@D@__crt_stdio_output@@@__crt_stdio_output@@CA?AW4parameter_type@12@U_CRT_DOUBLE@@@Z,"__crt_stdio_output::positional_parameter_base<char,__crt_stdio_output::string_output_adapter<char> >::get_parameter_type"
0x00440354,4,output.obj,0,?get_parameter_type@?$positional_parameter_base@DV?$string_output_adapter@D@__crt_stdio_output@@@__crt_stdio_output@@CA?AW4parameter_type@12@_J@Z,"__crt_stdio_output::positional_parameter_base<char,__crt_stdio_output::string_output_adapter<char> >::get_parameter_type"
0x00440358,4,output.obj,0,?get_parameter_type@?$positional_parameter_base@DV?$string_output_adapter@D@__crt_stdio_output@@@__crt_stdio_output@@CA?AW4parameter_type@12@_K@Z,"__crt_stdio_output::positional_parameter_base<char,__crt_stdio_output::string_output_adapter<char> >::get_parameter_type"
0x0044035C,4,output.obj,0,?get_parameter_type@?$positional_parameter_base@DV?$string_output_adapter@D@__crt_stdio_output@@@__crt_stdio_output@@CA?AW4parameter_type@12@_W@Z,"__crt_stdio_output::positional_parameter_base<char,__crt_stdio_output::string_output_adapter<char> >::get_parameter_type"
0x00440360,4,output.obj,0,?get_parameter_type@?$positional_parameter_base@_WV?$stream_output_adapter@_W@__crt_stdio_output@@@__crt_stdio_output@@CA?AW4parameter_type@12@F@Z,"__crt_stdio_output::positional_parameter_base<wchar_t,__crt_stdio_output::stream_output_adapter<wchar_t> >::get_parameter_type"
0x00440364,4,output.obj,0,?get_parameter_type@?$positional_parameter_base@_WV?$stream_output_adapter@_W@__crt_stdio_output@@@__crt_stdio_output@@CA?AW4parameter_type@12@G@Z,"__crt_stdio_output::positional_parameter_base<wchar_t,__crt_stdio_output::stream_output_adapter<wchar_t> >::get_parameter_type"
0x00440368,4,output.obj,0,?get_parameter_type@?$positional_parameter_base@_WV?$stream_output_adapter@_W@__crt_stdio_output@@@__crt_stdio_output@@CA?AW4parameter_type@12@H@Z,"__crt_stdio_output::positional_parameter_base<wchar_t,__crt_stdio_output::stream_output_adapter<wchar_t> >::get_parameter_type"
0x0044036C,4,output.obj,0,?get_parameter_type@?$positional_parameter_base@_WV?$stream_output_adapter@_W@__crt_stdio_output@@@__crt_stdio_output@@CA?AW4parameter_type@12@I@Z,"__crt_stdio_output::positional_parameter_base<wchar_t,__crt_stdio_output::stream_output_adapter<wchar_t> >::get_parameter_type"
0x00440370,4,output.obj,0,?get_parameter_type@?$positional_parameter_base@_WV?$stream_output_adapter@_W@__crt_stdio_output@@@__crt_stdio_output@@CA?AW4parameter_type@12@U_CRT_DOUBLE@@@Z,"__crt_stdio_output::positional_parameter_base<wchar_t,__crt_stdio_output::stream_output_adapter<wchar_t> >::get_parameter_type"
0x00440374,4,output.obj,0,?get_parameter_type@?$positional_parameter_base@_WV?$stream_output_adapter@_W@__crt_stdio_output@@@__crt_stdio_output@@CA?AW4parameter_type@12@_J@Z,"__crt_stdio_output::positional_parameter_base<wchar_t,__crt_stdio_output::stream_output_adapter<wchar_t> >::get_parameter_type"
0x00440378,4,output.obj,0,?get_parameter_type@?$positional_parameter_base@_WV?$stream_output_adapter@_W@__crt_stdio_output@@@__crt_stdio_output@@CA?AW4parameter_type@12@_K@Z,"__crt_stdio_output::positional_parameter_base<wchar_t,__crt_stdio_output::stream_output_adapter<wchar_t> >::get_parameter_type"
0x0044037C,4,output.obj,0,?get_parameter_type@?$positional_parameter_base@_WV?$stream_output_adapter@_W@__crt_stdio_output@@@__crt_stdio_output@@CA?AW4parameter_type@12@_W@Z,"__crt_stdio_output::positional_parameter_base<wchar_t,__crt_stdio_output::stream_output_adapter<wchar_t> >::get_parameter_type"
0x00440380,4,output.obj,0,?get_parameter_type@?$positional_parameter_base@_WV?$string_output_adapter@_W@__crt_stdio_output@@@__crt_stdio_output@@CA?AW4parameter_type@12@F@Z,"__crt_stdio_output::positional_parameter_base<wchar_t,__crt_stdio_output::string_output_adapter<wchar_t> >::get_parameter_type"
0x00440384,4,output.obj,0,?get_parameter_type@?$positional_parameter_base@_WV?$string_output_adapter@_W@__crt_stdio_output@@@__crt_stdio_output@@CA?AW4parameter_type@12@G@Z,"__crt_stdio_output::positional_parameter_base<wchar_t,__crt_stdio_output::string_output_adapter<wchar_t> >::get_parameter_type"
0x00440388,4,output.obj,0,?get_parameter_type@?$positional_parameter_base@_WV?$string_output_adapter@_W@__crt_stdio_output@@@__crt_stdio_output@@CA?AW4parameter_type@12@H@Z,"__crt_stdio_output::positional_parameter_base<wchar_t,__crt_stdio_output::string_output_adapter<wchar_t> >::get_parameter_type"
0x0044038C,4,output.obj,0,?get_parameter_type@?$positional_parameter_base@_WV?$string_output_adapter@_W@__crt_stdio_output@@@__crt_stdio_output@@CA?AW4parameter_type@12@I@Z,"__crt_stdio_output::positional_parameter_base<wchar_t,__crt_stdio_output::string_output_adapter<wchar_t> >::get_parameter_type"
0x00440390,4,output.obj,0,?get_parameter_type@?$positional_parameter_base@_WV?$string_output_adapter@_W@__crt_stdio_output@@@__crt_stdio_output@@CA?AW4parameter_type@12@U_CRT_DOUBLE@@@Z,"__crt_stdio_output::positional_parameter_base<wchar_t,__crt_stdio_output::string_output_adapter<wchar_t> >::get_parameter_type"
0x00440394,4,output.obj,0,?get_parameter_type@?$positional_parameter_base@_WV?$string_output_adapter@_W@__crt_stdio_output@@@__crt_stdio_output@@CA?AW4parameter_type@12@_J@Z,"__crt_stdio_output::positional_parameter_base<wchar_t,__crt_stdio_output::string_output_adapter<wchar_t> >::get_parameter_type"
0x00440398,4,output.obj,0,?get_parameter_type@?$positional_parameter_base@_WV?$string_output_adapter@_W@__crt_stdio_output@@@__crt_stdio_output@@CA?AW4parameter_type@12@_K@Z,"__crt_stdio_output::positional_parameter_base<wchar_t,__crt_stdio_output::string_output_adapter<wchar_t> >::get_parameter_type"
0x0044039C,4,output.obj,0,?get_parameter_type@?$positional_parameter_base@_WV?$string_output_adapter@_W@__crt_stdio_output@@@__crt_stdio_output@@CA?AW4parameter_type@12@_W@Z,"__crt_stdio_output::positional_parameter_base<wchar_t,__crt_stdio_output::string_output_adapter<wchar_t> >::get_parameter_type"
0x004403A0,18,output.obj,0,?has_flag@?$output_processor@DV?$stream_output_adapter@D@__crt_stdio_output@@V?$format_validation_base@DV?$stream_output_adapter@D@__crt_stdio_output@@@2@@__crt_stdio_output@@ABE_NI@Z,"__crt_stdio_output::output_processor<char,__crt_stdio_output::stream_output_adapter<char>,__crt_stdio_output::format_validation_base<char,__crt_stdio_output::stream_output_adapter<char> > >::has_flag"
0x004403B2,18,output.obj,0,?has_flag@?$output_processor@DV?$stream_output_adapter@D@__crt_stdio_output@@V?$positional_parameter_base@DV?$stream_output_adapter@D@__crt_stdio_output@@@2@@__crt_stdio_output@@ABE_NI@Z,"__crt_stdio_output::output_processor<char,__crt_stdio_output::stream_output_adapter<char>,__crt_stdio_output::positional_parameter_base<char,__crt_stdio_output::stream_output_adapter<char> > >::has_flag"
0x004403C4,18,output.obj,0,?has_flag@?$output_processor@DV?$stream_output_adapter@D@__crt_stdio_output@@V?$standard_base@DV?$stream_output_adapter@D@__crt_stdio_output@@@2@@__crt_stdio_output@@ABE_NI@Z,"__crt_stdio_output::output_processor<char,__crt_stdio_output::stream_output_adapter<char>,__crt_stdio_output::standard_base<char,__crt_stdio_output::stream_output_adapter<char> > >::has_flag"
0x004403D6,18,output.obj,0,?has_flag@?$output_processor@DV?$string_output_adapter@D@__crt_stdio_output@@V?$format_validation_base@DV?$string_output_adapter@D@__crt_stdio_output@@@2@@__crt_stdio_output@@ABE_NI@Z,"__crt_stdio_output::output_processor<char,__crt_stdio_output::string_output_adapter<char>,__crt_stdio_output::format_validation_base<char,__crt_stdio_output::string_output_adapter<char> > >::has_flag"
0x004403E8,18,output.obj,0,?has_flag@?$output_processor@DV?$string_output_adapter@D@__crt_stdio_output@@V?$positional_parameter_base@DV?$string_output_adapter@D@__crt_stdio_output@@@2@@__crt_stdio_output@@ABE_NI@Z,"__crt_stdio_output::output_processor<char,__crt_stdio_output::string_output_adapter<char>,__crt_stdio_output::positional_parameter_base<char,__crt_stdio_output::string_output_adapter<char> > >::has_flag"
0x004403FA,18,output.obj,0,?has_flag@?$output_processor@DV?$string_output_adapter@D@__crt_stdio_output@@V?$standard_base@DV?$string_output_adapter@D@__crt_stdio_output@@@2@@__crt_stdio_output@@ABE_NI@Z,"__crt_stdio_output::output_processor<char,__crt_stdio_output::string_output_adapter<char>,__crt_stdio_output::standard_base<char,__crt_stdio_output::string_output_adapter<char> > >::has_flag"
0x0044040C,18,output.obj,0,?has_flag@?$output_processor@_WV?$stream_output_adapter@_W@__crt_stdio_output@@V?$format_validation_base@_WV?$stream_output_adapter@_W@__crt_stdio_output@@@2@@__crt_stdio_output@@ABE_NI@Z,"__crt_stdio_output::output_processor<wchar_t,__crt_stdio_output::stream_output_adapter<wchar_t>,__crt_stdio_output::format_validation_base<wchar_t,__crt_stdio_output::stream_output_adapter<wchar_t> > >::has_flag"
0x0044041E,18,output.obj,0,?has_flag@?$output_processor@_WV?$stream_output_adapter@_W@__crt_stdio_output@@V?$positional_parameter_base@_WV?$stream_output_adapter@_W@__crt_stdio_output@@@2@@__crt_stdio_output@@ABE_NI@Z,"__crt_stdio_output::output_processor<wchar_t,__crt_stdio_output::stream_output_adapter<wchar_t>,__crt_stdio_output::positional_parameter_base<wchar_t,__crt_stdio_output::stream_output_adapter<wchar_t> > >::has_flag"
0x00440430,18,output.obj,0,?has_flag@?$output_processor@_WV?$stream_output_adapter@_W@__crt_stdio_output@@V?$standard_base@_WV?$stream_output_adapter@_W@__crt_stdio_output@@@2@@__crt_stdio_output@@ABE_NI@Z,"__crt_stdio_output::output_processor<wchar_t,__crt_stdio_output::stream_output_adapter<wchar_t>,__crt_stdio_output::standard_base<wchar_t,__crt_stdio_output::stream_output_adapter<wchar_t> > >::has_flag"
0x00440442,18,output.obj,0,?has_flag@?$output_processor@_WV?$string_output_adapter@_W@__crt_stdio_output@@V?$format_validation_base@_WV?$string_output_adapter@_W@__crt_stdio_output@@@2@@__crt_stdio_output@@ABE_NI@Z,"__crt_stdio_output::output_processor<wchar_t,__crt_stdio_output::string_output_adapter<wchar_t>,__crt_stdio_output::format_validation_base<wchar_t,__crt_stdio_output::string_output_adapter<wchar_t> > >::has_flag"
0x00440454,18,output.obj,0,?has_flag@?$output_processor@_WV?$string_output_adapter@_W@__crt_stdio_output@@V?$positional_parameter_base@_WV?$string_output_adapter@_W@__crt_stdio_output@@@2@@__crt_stdio_output@@ABE_NI@Z,"__crt_stdio_output::output_processor<wchar_t,__crt_stdio_output::string_output_adapter<wchar_t>,__crt_stdio_output::positional_parameter_base<wchar_t,__crt_stdio_output::string_output_adapter<wchar_t> > >::has_flag"
0x00440466,18,output.obj,0,?has_flag@?$output_processor@_WV?$string_output_adapter@_W@__crt_stdio_output@@V?$standard_base@_WV?$string_output_adapter@_W@__crt_stdio_output@@@2@@__crt_stdio_output@@ABE_NI@Z,"__crt_stdio_output::output_processor<wchar_t,__crt_stdio_output::string_output_adapter<wchar_t>,__crt_stdio_output::standard_base<wchar_t,__crt_stdio_output::string_output_adapter<wchar_t> > >::has_flag"
0x00440478,282,output.obj,0,?is_positional_parameter_reappearance_consistent@?$positional_parameter_base@DV?$stream_output_adapter@D@__crt_stdio_output@@@__crt_stdio_output@@AAE_NABUparameter_data@12@W4parameter_type@12@DW4length_modifier@2@@Z,"__crt_stdio_output::positional_parameter_base<char,__crt_stdio_output::stream_output_adapter<char> >::is_positional_parameter_reappearance_consistent"
0x00440592,282,output.obj,0,?is_positional_parameter_reappearance_consistent@?$positional_parameter_base@DV?$string_output_adapter@D@__crt_stdio_output@@@__crt_stdio_output@@AAE_NABUparameter_data@12@W4parameter_type@12@DW4length_modifier@2@@Z,"__crt_stdio_output::positional_parameter_base<char,__crt_stdio_output::string_output_adapter<char> >::is_positional_parameter_reappearance_consistent"
0x004406AC,283,output.obj,0,?is_positional_parameter_reappearance_consistent@?$positional_parameter_base@_WV?$stream_output_adapter@_W@__crt_stdio_output@@@__crt_stdio_output@@AAE_NABUparameter_data@12@W4parameter_type@12@_WW4length_modifier@2@@Z,"__crt_stdio_output::positional_parameter_base<wchar_t,__crt_stdio_output::stream_output_adapter<wchar_t> >::is_positional_parameter_reappearance_consistent"
0x004407C7,283,output.obj,0,?is_positional_parameter_reappearance_consistent@?$positional_parameter_base@_WV?$string_output_adapter@_W@__crt_stdio_output@@@__crt_stdio_output@@AAE_NABUparameter_data@12@W4parameter_type@12@_WW4length_modifier@2@@Z,"__crt_stdio_output::positional_parameter_base<wchar_t,__crt_stdio_output::string_output_adapter<wchar_t> >::is_positional_parameter_reappearance_consistent"
0x004408E2,12,output.obj,0,?is_string_backed@__crt_stdio_stream@@QBE_NXZ,__crt_stdio_stream::is_string_backed
0x004408EE,6,output.obj,0,?narrow_null_string@?$output_processor@DV?$stream_output_adapter@D@__crt_stdio_output@@V?$format_validation_base@DV?$stream_output_adapter@D@__crt_stdio_output@@@2@@__crt_stdio_output@@CAPADXZ,"__crt_stdio_output::output_processor<char,__crt_stdio_output::stream_output_adapter<char>,__crt_stdio_output::format_validation_base<char,__crt_stdio_output::stream_output_adapter<char> > >::narrow_null_string"
0x004408F4,6,output.obj,0,?narrow_null_string@?$output_processor@DV?$stream_output_adapter@D@__crt_stdio_output@@V?$positional_parameter_base@DV?$stream_output_adapter@D@__crt_stdio_output@@@2@@__crt_stdio_output@@CAPADXZ,"__crt_stdio_output::output_processor<char,__crt_stdio_output::stream_output_adapter<char>,__crt_stdio_output::positional_parameter_base<char,__crt_stdio_output::stream_output_adapter<char> > >::narrow_null_string"
0x004408FA,6,output.obj,0,?narrow_null_string@?$output_processor@DV?$stream_output_adapter@D@__crt_stdio_output@@V?$standard_base@DV?$stream_output_adapter@D@__crt_stdio_output@@@2@@__crt_stdio_output@@CAPADXZ,"__crt_stdio_output::output_processor<char,__crt_stdio_output::stream_output_adapter<char>,__crt_stdio_output::standard_base<char,__crt_stdio_output::stream_output_adapter<char> > >::narrow_null_string"
0x00440900,6,output.obj,0,?narrow_null_string@?$output_processor@DV?$string_output_adapter@D@__crt_stdio_output@@V?$format_validation_base@DV?$string_output_adapter@D@__crt_stdio_output@@@2@@__crt_stdio_output@@CAPADXZ,"__crt_stdio_output::output_processor<char,__crt_stdio_output::string_output_adapter<char>,__crt_stdio_output::format_validation_base<char,__crt_stdio_output::string_output_adapter<char> > >::narrow_null_string"
0x00440906,6,output.obj,0,?narrow_null_string@?$output_processor@DV?$string_output_adapter@D@__crt_stdio_output@@V?$positional_parameter_base@DV?$string_output_adapter@D@__crt_stdio_output@@@2@@__crt_stdio_output@@CAPADXZ,"__crt_stdio_output::output_processor<char,__crt_stdio_output::string_output_adapter<char>,__crt_stdio_output::positional_parameter_base<char,__crt_stdio_output::string_output_adapter<char> > >::narrow_null_string"
0x0044090C,6,output.obj,0,?narrow_null_string@?$output_processor@DV?$string_output_adapter@D@__crt_stdio_output@@V?$standard_base@DV?$string_output_adapter@D@__crt_stdio_output@@@2@@__crt_stdio_output@@CAPADXZ,"__crt_stdio_output::output_processor<char,__crt_stdio_output::string_output_adapter<char>,__crt_stdio_output::standard_base<char,__crt_stdio_output::string_output_adapter<char> > >::narrow_null_string"
0x00440912,6,output.obj,0,?narrow_null_string@?$output_processor@_WV?$stream_output_adapter@_W@__crt_stdio_output@@V?$format_validation_base@_WV?$stream_output_adapter@_W@__crt_stdio_output@@@2@@__crt_stdio_output@@CAPADXZ,"__crt_stdio_output::output_processor<wchar_t,__crt_stdio_output::stream_output_adapter<wchar_t>,__crt_stdio_output::format_validation_base<wchar_t,__crt_stdio_output::stream_output_adapter<wchar_t> > >::narrow_null_string"
0x00440918,6,output.obj,0,?narrow_null_string@?$output_processor@_WV?$stream_output_adapter@_W@__crt_stdio_output@@V?$positional_parameter_base@_WV?$stream_output_adapter@_W@__crt_stdio_output@@@2@@__crt_stdio_output@@CAPADXZ,"__crt_stdio_output::output_processor<wchar_t,__crt_stdio_output::stream_output_adapter<wchar_t>,__crt_stdio_output::positional_parameter_base<wchar_t,__crt_stdio_output::stream_output_adapter<wchar_t> > >::narrow_null_string"
0x0044091E,6,output.obj,0,?narrow_null_string@?$output_processor@_WV?$stream_output_adapter@_W@__crt_stdio_output@@V?$standard_base@_WV?$stream_output_adapter@_W@__crt_stdio_output@@@2@@__crt_stdio_output@@CAPADXZ,"__crt_stdio_output::output_processor<wchar_t,__crt_stdio_output::stream_output_adapter<wchar_t>,__crt_stdio_output::standard_base<wchar_t,__crt_stdio_output::stream_output_adapter<wchar_t> > >::narrow_null_string"
0x00440924,6,output.obj,0,?narrow_null_string@?$output_processor@_WV?$string_output_adapter@_W@__crt_stdio_output@@V?$format_validation_base@_WV?$string_output_adapter@_W@__crt_stdio_output@@@2@@__crt_stdio_output@@CAPADXZ,"__crt_stdio_output::output_processor<wchar_t,__crt_stdio_output::string_output_adapter<wchar_t>,__crt_stdio_output::format_validation_base<wchar_t,__crt_stdio_output::string_output_adapter<wchar_t> > >::narrow_null_string"
0x0044092A,6,output.obj,0,?narrow_null_string@?$output_processor@_WV?$string_output_adapter@_W@__crt_stdio_output@@V?$positional_parameter_base@_WV?$string_output_adapter@_W@__crt_stdio_output@@@2@@__crt_stdio_output@@CAPADXZ,"__crt_stdio_output::output_processor<wchar_t,__crt_stdio_output::string_output_adapter<wchar_t>,__crt_stdio_output::positional_parameter_base<wchar_t,__crt_stdio_output::string_output_adapter<wchar_t> > >::narrow_null_string"
0x00440930,6,output.obj,0,?narrow_null_string@?$output_processor@_WV?$string_output_adapter@_W@__crt_stdio_output@@V?$standard_base@_WV?$string_output_adapter@_W@__crt_stdio_output@@@2@@__crt_stdio_output@@CAPADXZ,"__crt_stdio_output::output_processor<wchar_t,__crt_stdio_output::string_output_adapter<wchar_t>,__crt_stdio_output::standard_base<wchar_t,__crt_stdio_output::string_output_adapter<wchar_t> > >::narrow_null_string"
0x00440936,116,output.obj,0,?parse_int_from_format_string@?$output_processor@DV?$stream_output_adapter@D@__crt_stdio_output@@V?$format_validation_base@DV?$stream_output_adapter@D@__crt_stdio_output@@@2@@__crt_stdio_output@@AAE_NQAH@Z,"__crt_stdio_output::output_processor<char,__crt_stdio_output::stream_output_adapter<char>,__crt_stdio_output::format_validation_base<char,__crt_stdio_output::stream_output_adapter<char> > >::parse_int_from_format_string"
0x004409AA,116,output.obj,0,?parse_int_from_format_string@?$output_processor@DV?$stream_output_adapter@D@__crt_stdio_output@@V?$positional_parameter_base@DV?$stream_output_adapter@D@__crt_stdio_output@@@2@@__crt_stdio_output@@AAE_NQAH@Z,"__crt_stdio_output::output_processor<char,__crt_stdio_output::stream_output_adapter<char>,__crt_stdio_output::positional_parameter_base<char,__crt_stdio_output::stream_output_adapter<char> > >::parse_int_from_format_string"
0x00440A1E,116,output.obj,0,?parse_int_from_format_string@?$output_processor@DV?$stream_output_adapter@D@__crt_stdio_output@@V?$standard_base@DV?$stream_output_adapter@D@__crt_stdio_output@@@2@@__crt_stdio_output@@AAE_NQAH@Z,"__crt_stdio_output::output_processor<char,__crt_stdio_output::stream_output_adapter<char>,__crt_stdio_output::standard_base<char,__crt_stdio_output::stream_output_adapter<char> > >::parse_int_from_format_string"
0x00440A92,116,output.obj,0,?parse_int_from_format_string@?$output_processor@DV?$string_output_adapter@D@__crt_stdio_output@@V?$format_validation_base@DV?$string_output_adapter@D@__crt_stdio_output@@@2@@__crt_stdio_output@@AAE_NQAH@Z,"__crt_stdio_output::output_processor<char,__crt_stdio_output::string_output_adapter<char>,__crt_stdio_output::format_validation_base<char,__crt_stdio_output::string_output_adapter<char> > >::parse_int_from_format_string"
0x00440B06,116,output.obj,0,?parse_int_from_format_string@?$output_processor@DV?$string_output_adapter@D@__crt_stdio_output@@V?$positional_parameter_base@DV?$string_output_adapter@D@__crt_stdio_output@@@2@@__crt_stdio_output@@AAE_NQAH@Z,"__crt_stdio_output::output_processor<char,__crt_stdio_output::string_output_adapter<char>,__crt_stdio_output::positional_parameter_base<char,__crt_stdio_output::string_output_adapter<char> > >::parse_int_from_format_string"
0x00440B7A,116,output.obj,0,?parse_int_from_format_string@?$output_processor@DV?$string_output_adapter@D@__crt_stdio_output@@V?$standard_base@DV?$string_output_adapter@D@__crt_stdio_output@@@2@@__crt_stdio_output@@AAE_NQAH@Z,"__crt_stdio_output::output_processor<char,__crt_stdio_output::string_output_adapter<char>,__crt_stdio_output::standard_base<char,__crt_stdio_output::string_output_adapter<char> > >::parse_int_from_format_string"
0x00440BEE,118,output.obj,0,?parse_int_from_format_string@?$output_processor@_WV?$stream_output_adapter@_W@__crt_stdio_output@@V?$format_validation_base@_WV?$stream_output_adapter@_W@__crt_stdio_output@@@2@@__crt_stdio_output@@AAE_NQAH@Z,"__crt_stdio_output::output_processor<wchar_t,__crt_stdio_output::stream_output_adapter<wchar_t>,__crt_stdio_output::format_validation_base<wchar_t,__crt_stdio_output::stream_output_adapter<wchar_t> > >::parse_int_from_format_string"
0x00440C64,118,output.obj,0,?parse_int_from_format_string@?$output_processor@_WV?$stream_output_adapter@_W@__crt_stdio_output@@V?$positional_parameter_base@_WV?$stream_output_adapter@_W@__crt_stdio_output@@@2@@__crt_stdio_output@@AAE_NQAH@Z,"__crt_stdio_output::output_processor<wchar_t,__crt_stdio_output::stream_output_adapter<wchar_t>,__crt_stdio_output::positional_parameter_base<wchar_t,__crt_stdio_output::stream_output_adapter<wchar_t> > >::parse_int_from_format_string"
0x00440CDA,118,output.obj,0,?parse_int_from_format_string@?$output_processor@_WV?$stream_output_adapter@_W@__crt_stdio_output@@V?$standard_base@_WV?$stream_output_adapter@_W@__crt_stdio_output@@@2@@__crt_stdio_output@@AAE_NQAH@Z,"__crt_stdio_output::output_processor<wchar_t,__crt_stdio_output::stream_output_adapter<wchar_t>,__crt_stdio_output::standard_base<wchar_t,__crt_stdio_output::stream_output_adapter<wchar_t> > >::parse_int_from_format_string"
0x00440D50,118,output.obj,0,?parse_int_from_format_string@?$output_processor@_WV?$string_output_adapter@_W@__crt_stdio_output@@V?$format_validation_base@_WV?$string_output_adapter@_W@__crt_stdio_output@@@2@@__crt_stdio_output@@AAE_NQAH@Z,"__crt_stdio_output::output_processor<wchar_t,__crt_stdio_output::string_output_adapter<wchar_t>,__crt_stdio_output::format_validation_base<wchar_t,__crt_stdio_output::string_output_adapter<wchar_t> > >::parse_int_from_format_string"
0x00440DC6,118,output.obj,0,?parse_int_from_format_string@?$output_processor@_WV?$string_output_adapter@_W@__crt_stdio_output@@V?$positional_parameter_base@_WV?$string_output_adapter@_W@__crt_stdio_output@@@2@@__crt_stdio_output@@AAE_NQAH@Z,"__crt_stdio_output::output_processor<wchar_t,__crt_stdio_output::string_output_adapter<wchar_t>,__crt_stdio_output::positional_parameter_base<wchar_t,__crt_stdio_output::string_output_adapter<wchar_t> > >::parse_int_from_format_string"
0x00440E3C,118,output.obj,0,?parse_int_from_format_string@?$output_processor@_WV?$string_output_adapter@_W@__crt_stdio_output@@V?$standard_base@_WV?$string_output_adapter@_W@__crt_stdio_output@@@2@@__crt_stdio_output@@AAE_NQAH@Z,"__crt_stdio_output::output_processor<wchar_t,__crt_stdio_output::string_output_adapter<wchar_t>,__crt_stdio_output::standard_base<wchar_t,__crt_stdio_output::string_output_adapter<wchar_t> > >::parse_int_from_format_string"
0x00440EB2,292,output.obj,0,?process@?$output_processor@DV?$stream_output_adapter@D@__crt_stdio_output@@V?$format_validation_base@DV?$stream_output_adapter@D@__crt_stdio_output@@@2@@__crt_stdio_output@@QAEHXZ,"__crt_stdio_output::output_processor<char,__crt_stdio_output::stream_output_adapter<char>,__crt_stdio_output::format_validation_base<char,__crt_stdio_output::stream_output_adapter<char> > >::process"
0x00440FD6,304,output.obj,0,?process@?$output_processor@DV?$stream_output_adapter@D@__crt_stdio_output@@V?$positional_parameter_base@DV?$stream_output_adapter@D@__crt_stdio_output@@@2@@__crt_stdio_output@@QAEHXZ,"__crt_stdio_output::output_processor<char,__crt_stdio_output::stream_output_adapter<char>,__crt_stdio_output::positional_parameter_base<char,__crt_stdio_output::stream_output_adapter<char> > >::process"
0x00441106,276,output.obj,0,?process@?$output_processor@DV?$stream_output_adapter@D@__crt_stdio_output@@V?$standard_base@DV?$stream_output_adapter@D@__crt_stdio_output@@@2@@__crt_stdio_output@@QAEHXZ,"__crt_stdio_output::output_processor<char,__crt_stdio_output::stream_output_adapter<char>,__crt_stdio_output::standard_base<char,__crt_stdio_output::stream_output_adapter<char> > >::process"
0x0044121A,292,output.obj,0,?process@?$output_processor@DV?$string_output_adapter@D@__crt_stdio_output@@V?$format_validation_base@DV?$string_output_adapter@D@__crt_stdio_output@@@2@@__crt_stdio_output@@QAEHXZ,"__crt_stdio_output::output_processor<char,__crt_stdio_output::string_output_adapter<char>,__crt_stdio_output::format_validation_base<char,__crt_stdio_output::string_output_adapter<char> > >::process"
0x0044133E,304,output.obj,0,?process@?$output_processor@DV?$string_output_adapter@D@__crt_stdio_output@@V?$positional_parameter_base@DV?$string_output_adapter@D@__crt_stdio_output@@@2@@__crt_stdio_output@@QAEHXZ,"__crt_stdio_output::output_processor<char,__crt_stdio_output::string_output_adapter<char>,__crt_stdio_output::positional_parameter_base<char,__crt_stdio_output::string_output_adapter<char> > >::process"
0x0044146E,276,output.obj,0,?process@?$output_processor@DV?$string_output_adapter@D@__crt_stdio_output@@V?$standard_base@DV?$string_output_adapter@D@__crt_stdio_output@@@2@@__crt_stdio_output@@QAEHXZ,"__crt_stdio_output::output_processor<char,__crt_stdio_output::string_output_adapter<char>,__crt_stdio_output::standard_base<char,__crt_stdio_output::string_output_adapter<char> > >::process"
0x00441582,296,output.obj,0,?process@?$output_processor@_WV?$stream_output_adapter@_W@__crt_stdio_output@@V?$format_validation_base@_WV?$stream_output_adapter@_W@__crt_stdio_output@@@2@@__crt_stdio_output@@QAEHXZ,"__crt_stdio_output::output_processor<wchar_t,__crt_stdio_output::stream_output_adapter<wchar_t>,__crt_stdio_output::format_validation_base<wchar_t,__crt_stdio_output::stream_output_adapter<wchar_t> > >::process"
0x004416AA,308,output.obj,0,?process@?$output_processor@_WV?$stream_output_adapter@_W@__crt_stdio_output@@V?$positional_parameter_base@_WV?$stream_output_adapter@_W@__crt_stdio_output@@@2@@__crt_stdio_output@@QAEHXZ,"__crt_stdio_output::output_processor<wchar_t,__crt_stdio_output::stream_output_adapter<wchar_t>,__crt_stdio_output::positional_parameter_base<wchar_t,__crt_stdio_output::stream_output_adapter<wchar_t> > >::process"
0x004417DE,284,output.obj,0,?process@?$output_processor@_WV?$stream_output_adapter@_W@__crt_stdio_output@@V?$standard_base@_WV?$stream_output_adapter@_W@__crt_stdio_output@@@2@@__crt_stdio_output@@QAEHXZ,"__crt_stdio_output::output_processor<wchar_t,__crt_stdio_output::stream_output_adapter<wchar_t>,__crt_stdio_output::standard_base<wchar_t,__crt_stdio_output::stream_output_adapter<wchar_t> > >::process"
0x004418FA,296,output.obj,0,?process@?$output_processor@_WV?$string_output_adapter@_W@__crt_stdio_output@@V?$format_validation_base@_WV?$string_output_adapter@_W@__crt_stdio_output@@@2@@__crt_stdio_output@@QAEHXZ,"__crt_stdio_output::output_processor<wchar_t,__crt_stdio_output::string_output_adapter<wchar_t>,__crt_stdio_output::format_validation_base<wchar_t,__crt_stdio_output::string_output_adapter<wchar_t> > >::process"
0x00441A22,308,output.obj,0,?process@?$output_processor@_WV?$string_output_adapter@_W@__crt_stdio_output@@V?$positional_parameter_base@_WV?$string_output_adapter@_W@__crt_stdio_output@@@2@@__crt_stdio_output@@QAEHXZ,"__crt_stdio_output::output_processor<wchar_t,__crt_stdio_output::string_output_adapter<wchar_t>,__crt_stdio_output::positional_parameter_base<wchar_t,__crt_stdio_output::string_output_adapter<wchar_t> > >::process"
0x00441B56,284,output.obj,0,?process@?$output_processor@_WV?$string_output_adapter@_W@__crt_stdio_output@@V?$standard_base@_WV?$string_output_adapter@_W@__crt_stdio_output@@@2@@__crt_stdio_output@@QAEHXZ,"__crt_stdio_output::output_processor<wchar_t,__crt_stdio_output::string_output_adapter<wchar_t>,__crt_stdio_output::standard_base<wchar_t,__crt_stdio_output::string_output_adapter<wchar_t> > >::process"
0x00441C72,3,output.obj,0,?public_stream@__crt_stdio_stream@@QBEPAU_iobuf@@XZ,__crt_stdio_stream::public_stream
0x00441C75,15,output.obj,0,?set_flag@?$output_processor@DV?$stream_output_adapter@D@__crt_stdio_output@@V?$format_validation_base@DV?$stream_output_adapter@D@__crt_stdio_output@@@2@@__crt_stdio_output@@AAEXI@Z,"__crt_stdio_output::output_processor<char,__crt_stdio_output::stream_output_adapter<char>,__crt_stdio_output::format_validation_base<char,__crt_stdio_output::stream_output_adapter<char> > >::set_flag"
0x00441C84,15,output.obj,0,?set_flag@?$output_processor@DV?$stream_output_adapter@D@__crt_stdio_output@@V?$positional_parameter_base@DV?$stream_output_adapter@D@__crt_stdio_output@@@2@@__crt_stdio_output@@AAEXI@Z,"__crt_stdio_output::output_processor<char,__crt_stdio_output::stream_output_adapter<char>,__crt_stdio_output::positional_parameter_base<char,__crt_stdio_output::stream_output_adapter<char> > >::set_flag"
0x00441C93,15,output.obj,0,?set_flag@?$output_processor@DV?$stream_output_adapter@D@__crt_stdio_output@@V?$standard_base@DV?$stream_output_adapter@D@__crt_stdio_output@@@2@@__crt_stdio_output@@AAEXI@Z,"__crt_stdio_output::output_processor<char,__crt_stdio_output::stream_output_adapter<char>,__crt_stdio_output::standard_base<char,__crt_stdio_output::stream_output_adapter<char> > >::set_flag"
0x00441CA2,15,output.obj,0,?set_flag@?$output_processor@DV?$string_output_adapter@D@__crt_stdio_output@@V?$format_validation_base@DV?$string_output_adapter@D@__crt_stdio_output@@@2@@__crt_stdio_output@@AAEXI@Z,"__crt_stdio_output::output_processor<char,__crt_stdio_output::string_output_adapter<char>,__crt_stdio_output::format_validation_base<char,__crt_stdio_output::string_output_adapter<char> > >::set_flag"
0x00441CB1,15,output.obj,0,?set_flag@?$output_processor@DV?$string_output_adapter@D@__crt_stdio_output@@V?$positional_parameter_base@DV?$string_output_adapter@D@__crt_stdio_output@@@2@@__crt_stdio_output@@AAEXI@Z,"__crt_stdio_output::output_processor<char,__crt_stdio_output::string_output_adapter<char>,__crt_stdio_output::positional_parameter_base<char,__crt_stdio_output::string_output_adapter<char> > >::set_flag"
0x00441CC0,15,output.obj,0,?set_flag@?$output_processor@DV?$string_output_adapter@D@__crt_stdio_output@@V?$standard_base@DV?$string_output_adapter@D@__crt_stdio_output@@@2@@__crt_stdio_output@@AAEXI@Z,"__crt_stdio_output::output_processor<char,__crt_stdio_output::string_output_adapter<char>,__crt_stdio_output::standard_base<char,__crt_stdio_output::string_output_adapter<char> > >::set_flag"
0x00441CCF,15,output.obj,0,?set_flag@?$output_processor@_WV?$stream_output_adapter@_W@__crt_stdio_output@@V?$format_validation_base@_WV?$stream_output_adapter@_W@__crt_stdio_output@@@2@@__crt_stdio_output@@AAEXI@Z,"__crt_stdio_output::output_processor<wchar_t,__crt_stdio_output::stream_output_adapter<wchar_t>,__crt_stdio_output::format_validation_base<wchar_t,__crt_stdio_output::stream_output_adapter<wchar_t> > >::set_flag"
0x00441CDE,15,output.obj,0,?set_flag@?$output_processor@_WV?$stream_output_adapter@_W@__crt_stdio_output@@V?$positional_parameter_base@_WV?$stream_output_adapter@_W@__crt_stdio_output@@@2@@__crt_stdio_output@@AAEXI@Z,"__crt_stdio_output::output_processor<wchar_t,__crt_stdio_output::stream_output_adapter<wchar_t>,__crt_stdio_output::positional_parameter_base<wchar_t,__crt_stdio_output::stream_output_adapter<wchar_t> > >::set_flag"
0x00441CED,15,output.obj,0,?set_flag@?$output_processor@_WV?$stream_output_adapter@_W@__crt_stdio_output@@V?$standard_base@_WV?$stream_output_adapter@_W@__crt_stdio_output@@@2@@__crt_stdio_output@@AAEXI@Z,"__crt_stdio_output::output_processor<wchar_t,__crt_stdio_output::stream_output_adapter<wchar_t>,__crt_stdio_output::standard_base<wchar_t,__crt_stdio_output::stream_output_adapter<wchar_t> > >::set_flag"
0x00441CFC,15,output.obj,0,?set_flag@?$output_processor@_WV?$string_output_adapter@_W@__crt_stdio_output@@V?$format_validation_base@_WV?$string_output_adapter@_W@__crt_stdio_output@@@2@@__crt_stdio_output@@AAEXI@Z,"__crt_stdio_output::output_processor<wchar_t,__crt_stdio_output::string_output_adapter<wchar_t>,__crt_stdio_output::format_validation_base<wchar_t,__crt_stdio_output::string_output_adapter<wchar_t> > >::set_flag"
0x00441D0B,15,output.obj,0,?set_flag@?$output_processor@_WV?$string_output_adapter@_W@__crt_stdio_output@@V?$positional_parameter_base@_WV?$string_output_adapter@_W@__crt_stdio_output@@@2@@__crt_stdio_output@@AAEXI@Z,"__crt_stdio_output::output_processor<wchar_t,__crt_stdio_output::string_output_adapter<wchar_t>,__crt_stdio_output::positional_parameter_base<wchar_t,__crt_stdio_output::string_output_adapter<wchar_t> > >::set_flag"
0x00441D1A,15,output.obj,0,?set_flag@?$output_processor@_WV?$string_output_adapter@_W@__crt_stdio_output@@V?$standard_base@_WV?$string_output_adapter@_W@__crt_stdio_output@@@2@@__crt_stdio_output@@AAEXI@Z,"__crt_stdio_output::output_processor<wchar_t,__crt_stdio_output::string_output_adapter<wchar_t>,__crt_stdio_output::standard_base<wchar_t,__crt_stdio_output::string_output_adapter<wchar_t> > >::set_flag"
0x00441D29,22,output.obj,0,?should_format@?$positional_parameter_base@DV?$stream_output_adapter@D@__crt_stdio_output@@@__crt_stdio_output@@IAE_NXZ,"__crt_stdio_output::positional_parameter_base<char,__crt_stdio_output::stream_output_adapter<char> >::should_format"
0x00441D3F,22,output.obj,0,?should_format@?$positional_parameter_base@DV?$string_output_adapter@D@__crt_stdio_output@@@__crt_stdio_output@@IAE_NXZ,"__crt_stdio_output::positional_parameter_base<char,__crt_stdio_output::string_output_adapter<char> >::should_format"
0x00441D55,22,output.obj,0,?should_format@?$positional_parameter_base@_WV?$stream_output_adapter@_W@__crt_stdio_output@@@__crt_stdio_output@@IAE_NXZ,"__crt_stdio_output::positional_parameter_base<wchar_t,__crt_stdio_output::stream_output_adapter<wchar_t> >::should_format"
0x00441D6B,22,output.obj,0,?should_format@?$positional_parameter_base@_WV?$string_output_adapter@_W@__crt_stdio_output@@@__crt_stdio_output@@IAE_NXZ,"__crt_stdio_output::positional_parameter_base<wchar_t,__crt_stdio_output::string_output_adapter<wchar_t> >::should_format"
0x00441D81,3,output.obj,0,?should_format@?$standard_base@DV?$stream_output_adapter@D@__crt_stdio_output@@@__crt_stdio_output@@IAE_NXZ,"__crt_stdio_output::standard_base<char,__crt_stdio_output::stream_output_adapter<char> >::should_format"
0x00441D84,3,output.obj,0,?should_format@?$standard_base@DV?$string_output_adapter@D@__crt_stdio_output@@@__crt_stdio_output@@IAE_NXZ,"__crt_stdio_output::standard_base<char,__crt_stdio_output::string_output_adapter<char> >::should_format"
0x00441D87,3,output.obj,0,?should_format@?$standard_base@_WV?$stream_output_adapter@_W@__crt_stdio_output@@@__crt_stdio_output@@IAE_NXZ,"__crt_stdio_output::standard_base<wchar_t,__crt_stdio_output::stream_output_adapter<wchar_t> >::should_format"
0x00441D8A,3,output.obj,0,?should_format@?$standard_base@_WV?$string_output_adapter@_W@__crt_stdio_output@@@__crt_stdio_output@@IAE_NXZ,"__crt_stdio_output::standard_base<wchar_t,__crt_stdio_output::string_output_adapter<wchar_t> >::should_format"
0x00441D8D,40,output.obj,0,?should_skip_normal_state_processing@?$positional_parameter_base@DV?$stream_output_adapter@D@__crt_stdio_output@@@__crt_stdio_output@@IAE_NXZ,"__crt_stdio_output::positional_parameter_base<char,__crt_stdio_output::stream_output_adapter<char> >::should_skip_normal_state_processing"
0x00441DB5,40,output.obj,0,?should_skip_normal_state_processing@?$positional_parameter_base@DV?$string_output_adapter@D@__crt_stdio_output@@@__crt_stdio_output@@IAE_NXZ,"__crt_stdio_output::positional_parameter_base<char,__crt_stdio_output::string_output_adapter<char> >::should_skip_normal_state_processing"
0x00441DDD,40,output.obj,0,?should_skip_normal_state_processing@?$positional_parameter_base@_WV?$stream_output_adapter@_W@__crt_stdio_output@@@__crt_stdio_output@@IAE_NXZ,"__crt_stdio_output::positional_parameter_base<wchar_t,__crt_stdio_output::stream_output_adapter<wchar_t> >::should_skip_normal_state_processing"
0x00441E05,40,output.obj,0,?should_skip_normal_state_processing@?$positional_parameter_base@_WV?$string_output_adapter@_W@__crt_stdio_output@@@__crt_stdio_output@@IAE_NXZ,"__crt_stdio_output::positional_parameter_base<wchar_t,__crt_stdio_output::string_output_adapter<wchar_t> >::should_skip_normal_state_processing"
0x00441E2D,3,output.obj,0,?should_skip_normal_state_processing@?$standard_base@DV?$stream_output_adapter@D@__crt_stdio_output@@@__crt_stdio_output@@IAE_NXZ,"__crt_stdio_output::standard_base<char,__crt_stdio_output::stream_output_adapter<char> >::should_skip_normal_state_processing"
0x00441E30,3,output.obj,0,?should_skip_normal_state_processing@?$standard_base@DV?$string_output_adapter@D@__crt_stdio_output@@@__crt_stdio_output@@IAE_NXZ,"__crt_stdio_output::standard_base<char,__crt_stdio_output::string_output_adapter<char> >::should_skip_normal_state_processing"
0x00441E33,3,output.obj,0,?should_skip_normal_state_processing@?$standard_base@_WV?$stream_output_adapter@_W@__crt_stdio_output@@@__crt_stdio_output@@IAE_NXZ,"__crt_stdio_output::standard_base<wchar_t,__crt_stdio_output::stream_output_adapter<wchar_t> >::should_skip_normal_state_processing"
0x00441E36,3,output.obj,0,?should_skip_normal_state_processing@?$standard_base@_WV?$string_output_adapter@_W@__crt_stdio_output@@@__crt_stdio_output@@IAE_NXZ,"__crt_stdio_output::standard_base<wchar_t,__crt_stdio_output::string_output_adapter<wchar_t> >::should_skip_normal_state_processing"
0x00441E39,23,output.obj,0,?should_skip_type_state_output@?$positional_parameter_base@DV?$stream_output_adapter@D@__crt_stdio_output@@@__crt_stdio_output@@IBE_NXZ,"__crt_stdio_output::positional_parameter_base<char,__crt_stdio_output::stream_output_adapter<char> >::should_skip_type_state_output"
0x00441E50,23,output.obj,0,?should_skip_type_state_output@?$positional_parameter_base@DV?$string_output_adapter@D@__crt_stdio_output@@@__crt_stdio_output@@IBE_NXZ,"__crt_stdio_output::positional_parameter_base<char,__crt_stdio_output::string_output_adapter<char> >::should_skip_type_state_output"
0x00441E67,23,output.obj,0,?should_skip_type_state_output@?$positional_parameter_base@_WV?$stream_output_adapter@_W@__crt_stdio_output@@@__crt_stdio_output@@IBE_NXZ,"__crt_stdio_output::positional_parameter_base<wchar_t,__crt_stdio_output::stream_output_adapter<wchar_t> >::should_skip_type_state_output"
0x00441E7E,23,output.obj,0,?should_skip_type_state_output@?$positional_parameter_base@_WV?$string_output_adapter@_W@__crt_stdio_output@@@__crt_stdio_output@@IBE_NXZ,"__crt_stdio_output::positional_parameter_base<wchar_t,__crt_stdio_output::string_output_adapter<wchar_t> >::should_skip_type_state_output"
0x00441E95,3,output.obj,0,?should_skip_type_state_output@?$standard_base@DV?$stream_output_adapter@D@__crt_stdio_output@@@__crt_stdio_output@@IBE_NXZ,"__crt_stdio_output::standard_base<char,__crt_stdio_output::stream_output_adapter<char> >::should_skip_type_state_output"
0x00441E98,3,output.obj,0,?should_skip_type_state_output@?$standard_base@DV?$string_output_adapter@D@__crt_stdio_output@@@__crt_stdio_output@@IBE_NXZ,"__crt_stdio_output::standard_base<char,__crt_stdio_output::string_output_adapter<char> >::should_skip_type_state_output"
0x00441E9B,3,output.obj,0,?should_skip_type_state_output@?$standard_base@_WV?$stream_output_adapter@_W@__crt_stdio_output@@@__crt_stdio_output@@IBE_NXZ,"__crt_stdio_output::standard_base<wchar_t,__crt_stdio_output::stream_output_adapter<wchar_t> >::should_skip_type_state_output"
0x00441E9E,3,output.obj,0,?should_skip_type_state_output@?$standard_base@_WV?$string_output_adapter@_W@__crt_stdio_output@@@__crt_stdio_output@@IBE_NXZ,"__crt_stdio_output::standard_base<wchar_t,__crt_stdio_output::string_output_adapter<wchar_t> >::should_skip_type_state_output"
0x00441EA1,7,output.obj,0,?state_case_dot@?$output_processor@DV?$stream_output_adapter@D@__crt_stdio_output@@V?$format_validation_base@DV?$stream_output_adapter@D@__crt_stdio_output@@@2@@__crt_stdio_output@@AAE_NXZ,"__crt_stdio_output::output_processor<char,__crt_stdio_output::stream_output_adapter<char>,__crt_stdio_output::format_validation_base<char,__crt_stdio_output::stream_output_adapter<char> > >::state_case_dot"
0x00441EA8,7,output.obj,0,?state_case_dot@?$output_processor@DV?$stream_output_adapter@D@__crt_stdio_output@@V?$positional_parameter_base@DV?$stream_output_adapter@D@__crt_stdio_output@@@2@@__crt_stdio_output@@AAE_NXZ,"__crt_stdio_output::output_processor<char,__crt_stdio_output::stream_output_adapter<char>,__crt_stdio_output::positional_parameter_base<char,__crt_stdio_output::stream_output_adapter<char> > >::state_case_dot"
0x00441EAF,7,output.obj,0,?state_case_dot@?$output_processor@DV?$stream_output_adapter@D@__crt_stdio_output@@V?$standard_base@DV?$stream_output_adapter@D@__crt_stdio_output@@@2@@__crt_stdio_output@@AAE_NXZ,"__crt_stdio_output::output_processor<char,__crt_stdio_output::stream_output_adapter<char>,__crt_stdio_output::standard_base<char,__crt_stdio_output::stream_output_adapter<char> > >::state_case_dot"
0x00441EB6,7,output.obj,0,?state_case_dot@?$output_processor@DV?$string_output_adapter@D@__crt_stdio_output@@V?$format_validation_base@DV?$string_output_adapter@D@__crt_stdio_output@@@2@@__crt_stdio_output@@AAE_NXZ,"__crt_stdio_output::output_processor<char,__crt_stdio_output::string_output_adapter<char>,__crt_stdio_output::format_validation_base<char,__crt_stdio_output::string_output_adapter<char> > >::state_case_dot"
0x00441EBD,7,output.obj,0,?state_case_dot@?$output_processor@DV?$string_output_adapter@D@__crt_stdio_output@@V?$positional_parameter_base@DV?$string_output_adapter@D@__crt_stdio_output@@@2@@__crt_stdio_output@@AAE_NXZ,"__crt_stdio_output::output_processor<char,__crt_stdio_output::string_output_adapter<char>,__crt_stdio_output::positional_parameter_base<char,__crt_stdio_output::string_output_adapter<char> > >::state_case_dot"
0x00441EC4,7,output.obj,0,?state_case_dot@?$output_processor@DV?$string_output_adapter@D@__crt_stdio_output@@V?$standard_base@DV?$string_output_adapter@D@__crt_stdio_output@@@2@@__crt_stdio_output@@AAE_NXZ,"__crt_stdio_output::output_processor<char,__crt_stdio_output::string_output_adapter<char>,__crt_stdio_output::standard_base<char,__crt_stdio_output::string_output_adapter<char> > >::state_case_dot"
0x00441ECB,7,output.obj,0,?state_case_dot@?$output_processor@_WV?$stream_output_adapter@_W@__crt_stdio_output@@V?$format_validation_base@_WV?$stream_output_adapter@_W@__crt_stdio_output@@@2@@__crt_stdio_output@@AAE_NXZ,"__crt_stdio_output::output_processor<wchar_t,__crt_stdio_output::stream_output_adapter<wchar_t>,__crt_stdio_output::format_validation_base<wchar_t,__crt_stdio_output::stream_output_adapter<wchar_t> > >::state_case_dot"
0x00441ED2,7,output.obj,0,?state_case_dot@?$output_processor@_WV?$stream_output_adapter@_W@__crt_stdio_output@@V?$positional_parameter_base@_WV?$stream_output_adapter@_W@__crt_stdio_output@@@2@@__crt_stdio_output@@AAE_NXZ,"__crt_stdio_output::output_processor<wchar_t,__crt_stdio_output::stream_output_adapter<wchar_t>,__crt_stdio_output::positional_parameter_base<wchar_t,__crt_stdio_output::stream_output_adapter<wchar_t> > >::state_case_dot"
0x00441ED9,7,output.obj,0,?state_case_dot@?$output_processor@_WV?$stream_output_adapter@_W@__crt_stdio_output@@V?$standard_base@_WV?$stream_output_adapter@_W@__crt_stdio_output@@@2@@__crt_stdio_output@@AAE_NXZ,"__crt_stdio_output::output_processor<wchar_t,__crt_stdio_output::stream_output_adapter<wchar_t>,__crt_stdio_output::standard_base<wchar_t,__crt_stdio_output::stream_output_adapter<wchar_t> > >::state_case_dot"
0x00441EE0,7,output.obj,0,?state_case_dot@?$output_processor@_WV?$string_output_adapter@_W@__crt_stdio_output@@V?$format_validation_base@_WV?$string_output_adapter@_W@__crt_stdio_output@@@2@@__crt_stdio_output@@AAE_NXZ,"__crt_stdio_output::output_processor<wchar_t,__crt_stdio_output::string_output_adapter<wchar_t>,__crt_stdio_output::format_validation_base<wchar_t,__crt_stdio_output::string_output_adapter<wchar_t> > >::state_case_dot"
0x00441EE7,7,output.obj,0,?state_case_dot@?$output_processor@_WV?$string_output_adapter@_W@__crt_stdio_output@@V?$positional_parameter_base@_WV?$string_output_adapter@_W@__crt_stdio_output@@@2@@__crt_stdio_output@@AAE_NXZ,"__crt_stdio_output::output_processor<wchar_t,__crt_stdio_output::string_output_adapter<wchar_t>,__crt_stdio_output::positional_parameter_base<wchar_t,__crt_stdio_output::string_output_adapter<wchar_t> > >::state_case_dot"
0x00441EEE,7,output.obj,0,?state_case_dot@?$output_processor@_WV?$string_output_adapter@_W@__crt_stdio_output@@V?$standard_base@_WV?$string_output_adapter@_W@__crt_stdio_output@@@2@@__crt_stdio_output@@AAE_NXZ,"__crt_stdio_output::output_processor<wchar_t,__crt_stdio_output::string_output_adapter<wchar_t>,__crt_stdio_output::standard_base<wchar_t,__crt_stdio_output::string_output_adapter<wchar_t> > >::state_case_dot"
0x00441EF5,61,output.obj,0,?state_case_flag@?$output_processor@DV?$stream_output_adapter@D@__crt_stdio_output@@V?$format_validation_base@DV?$stream_output_adapter@D@__crt_stdio_output@@@2@@__crt_stdio_output@@AAE_NXZ,"__crt_stdio_output::output_processor<char,__crt_stdio_output::stream_output_adapter<char>,__crt_stdio_output::format_validation_base<char,__crt_stdio_output::stream_output_adapter<char> > >::state_case_flag"
0x00441F32,61,output.obj,0,?state_case_flag@?$output_processor@DV?$stream_output_adapter@D@__crt_stdio_output@@V?$positional_parameter_base@DV?$stream_output_adapter@D@__crt_stdio_output@@@2@@__crt_stdio_output@@AAE_NXZ,"__crt_stdio_output::output_processor<char,__crt_stdio_output::stream_output_adapter<char>,__crt_stdio_output::positional_parameter_base<char,__crt_stdio_output::stream_output_adapter<char> > >::state_case_flag"
0x00441F6F,61,output.obj,0,?state_case_flag@?$output_processor@DV?$stream_output_adapter@D@__crt_stdio_output@@V?$standard_base@DV?$stream_output_adapter@D@__crt_stdio_output@@@2@@__crt_stdio_output@@AAE_NXZ,"__crt_stdio_output::output_processor<char,__crt_stdio_output::stream_output_adapter<char>,__crt_stdio_output::standard_base<char,__crt_stdio_output::stream_output_adapter<char> > >::state_case_flag"
0x00441FAC,61,output.obj,0,?state_case_flag@?$output_processor@DV?$string_output_adapter@D@__crt_stdio_output@@V?$format_validation_base@DV?$string_output_adapter@D@__crt_stdio_output@@@2@@__crt_stdio_output@@AAE_NXZ,"__crt_stdio_output::output_processor<char,__crt_stdio_output::string_output_adapter<char>,__crt_stdio_output::format_validation_base<char,__crt_stdio_output::string_output_adapter<char> > >::state_case_flag"
0x00441FE9,61,output.obj,0,?state_case_flag@?$output_processor@DV?$string_output_adapter@D@__crt_stdio_output@@V?$positional_parameter_base@DV?$string_output_adapter@D@__crt_stdio_output@@@2@@__crt_stdio_output@@AAE_NXZ,"__crt_stdio_output::output_processor<char,__crt_stdio_output::string_output_adapter<char>,__crt_stdio_output::positional_parameter_base<char,__crt_stdio_output::string_output_adapter<char> > >::state_case_flag"
0x00442026,61,output.obj,0,?state_case_flag@?$output_processor@DV?$string_output_adapter@D@__crt_stdio_output@@V?$standard_base@DV?$string_output_adapter@D@__crt_stdio_output@@@2@@__crt_stdio_output@@AAE_NXZ,"__crt_stdio_output::output_processor<char,__crt_stdio_output::string_output_adapter<char>,__crt_stdio_output::standard_base<char,__crt_stdio_output::string_output_adapter<char> > >::state_case_flag"
0x00442063,61,output.obj,0,?state_case_flag@?$output_processor@_WV?$stream_output_adapter@_W@__crt_stdio_output@@V?$format_validation_base@_WV?$stream_output_adapter@_W@__crt_stdio_output@@@2@@__crt_stdio_output@@AAE_NXZ,"__crt_stdio_output::output_processor<wchar_t,__crt_stdio_output::stream_output_adapter<wchar_t>,__crt_stdio_output::format_validation_base<wchar_t,__crt_stdio_output::stream_output_adapter<wchar_t> > >::state_case_flag"
0x004420A0,61,output.obj,0,?state_case_flag@?$output_processor@_WV?$stream_output_adapter@_W@__crt_stdio_output@@V?$positional_parameter_base@_WV?$stream_output_adapter@_W@__crt_stdio_output@@@2@@__crt_stdio_output@@AAE_NXZ,"__crt_stdio_output::output_processor<wchar_t,__crt_stdio_output::stream_output_adapter<wchar_t>,__crt_stdio_output::positional_parameter_base<wchar_t,__crt_stdio_output::stream_output_adapter<wchar_t> > >::state_case_flag"
0x004420DD,61,output.obj,0,?state_case_flag@?$output_processor@_WV?$stream_output_adapter@_W@__crt_stdio_output@@V?$standard_base@_WV?$stream_output_adapter@_W@__crt_stdio_output@@@2@@__crt_stdio_output@@AAE_NXZ,"__crt_stdio_output::output_processor<wchar_t,__crt_stdio_output::stream_output_adapter<wchar_t>,__crt_stdio_output::standard_base<wchar_t,__crt_stdio_output::stream_output_adapter<wchar_t> > >::state_case_flag"
0x0044211A,61,output.obj,0,?state_case_flag@?$output_processor@_WV?$string_output_adapter@_W@__crt_stdio_output@@V?$format_validation_base@_WV?$string_output_adapter@_W@__crt_stdio_output@@@2@@__crt_stdio_output@@AAE_NXZ,"__crt_stdio_output::output_processor<wchar_t,__crt_stdio_output::string_output_adapter<wchar_t>,__crt_stdio_output::format_validation_base<wchar_t,__crt_stdio_output::string_output_adapter<wchar_t> > >::state_case_flag"
0x00442157,61,output.obj,0,?state_case_flag@?$output_processor@_WV?$string_output_adapter@_W@__crt_stdio_output@@V?$positional_parameter_base@_WV?$string_output_adapter@_W@__crt_stdio_output@@@2@@__crt_stdio_output@@AAE_NXZ,"__crt_stdio_output::output_processor<wchar_t,__crt_stdio_output::string_output_adapter<wchar_t>,__crt_stdio_output::positional_parameter_base<wchar_t,__crt_stdio_output::string_output_adapter<wchar_t> > >::state_case_flag"
0x00442194,61,output.obj,0,?state_case_flag@?$output_processor@_WV?$string_output_adapter@_W@__crt_stdio_output@@V?$standard_base@_WV?$string_output_adapter@_W@__crt_stdio_output@@@2@@__crt_stdio_output@@AAE_NXZ,"__crt_stdio_output::output_processor<wchar_t,__crt_stdio_output::string_output_adapter<wchar_t>,__crt_stdio_output::standard_base<wchar_t,__crt_stdio_output::string_output_adapter<wchar_t> > >::state_case_flag"
0x004421D1,31,output.obj,0,?state_case_normal@?$output_processor@DV?$stream_output_adapter@D@__crt_stdio_output@@V?$format_validation_base@DV?$stream_output_adapter@D@__crt_stdio_output@@@2@@__crt_stdio_output@@AAE_NXZ,"__crt_stdio_output::output_processor<char,__crt_stdio_output::stream_output_adapter<char>,__crt_stdio_output::format_validation_base<char,__crt_stdio_output::stream_output_adapter<char> > >::state_case_normal"
0x004421F0,49,output.obj,0,?state_case_normal@?$output_processor@DV?$stream_output_adapter@D@__crt_stdio_output@@V?$positional_parameter_base@DV?$stream_output_adapter@D@__crt_stdio_output@@@2@@__crt_stdio_output@@AAE_NXZ,"__crt_stdio_output::output_processor<char,__crt_stdio_output::stream_output_adapter<char>,__crt_stdio_output::positional_parameter_base<char,__crt_stdio_output::stream_output_adapter<char> > >::state_case_normal"
0x00442221,31,output.obj,0,?state_case_normal@?$output_processor@DV?$stream_output_adapter@D@__crt_stdio_output@@V?$standard_base@DV?$stream_output_adapter@D@__crt_stdio_output@@@2@@__crt_stdio_output@@AAE_NXZ,"__crt_stdio_output::output_processor<char,__crt_stdio_output::stream_output_adapter<char>,__crt_stdio_output::standard_base<char,__crt_stdio_output::stream_output_adapter<char> > >::state_case_normal"
0x00442240,31,output.obj,0,?state_case_normal@?$output_processor@DV?$string_output_adapter@D@__crt_stdio_output@@V?$format_validation_base@DV?$string_output_adapter@D@__crt_stdio_output@@@2@@__crt_stdio_output@@AAE_NXZ,"__crt_stdio_output::output_processor<char,__crt_stdio_output::string_output_adapter<char>,__crt_stdio_output::format_validation_base<char,__crt_stdio_output::string_output_adapter<char> > >::state_case_normal"
0x0044225F,49,output.obj,0,?state_case_normal@?$output_processor@DV?$string_output_adapter@D@__crt_stdio_output@@V?$positional_parameter_base@DV?$string_output_adapter@D@__crt_stdio_output@@@2@@__crt_stdio_output@@AAE_NXZ,"__crt_stdio_output::output_processor<char,__crt_stdio_output::string_output_adapter<char>,__crt_stdio_output::positional_parameter_base<char,__crt_stdio_output::string_output_adapter<char> > >::state_case_normal"
0x00442290,31,output.obj,0,?state_case_normal@?$output_processor@DV?$string_output_adapter@D@__crt_stdio_output@@V?$standard_base@DV?$string_output_adapter@D@__crt_stdio_output@@@2@@__crt_stdio_output@@AAE_NXZ,"__crt_stdio_output::output_processor<char,__crt_stdio_output::string_output_adapter<char>,__crt_stdio_output::standard_base<char,__crt_stdio_output::string_output_adapter<char> > >::state_case_normal"
0x004422AF,31,output.obj,0,?state_case_normal@?$output_processor@_WV?$stream_output_adapter@_W@__crt_stdio_output@@V?$format_validation_base@_WV?$stream_output_adapter@_W@__crt_stdio_output@@@2@@__crt_stdio_output@@AAE_NXZ,"__crt_stdio_output::output_processor<wchar_t,__crt_stdio_output::stream_output_adapter<wchar_t>,__crt_stdio_output::format_validation_base<wchar_t,__crt_stdio_output::stream_output_adapter<wchar_t> > >::state_case_normal"
0x004422CE,49,output.obj,0,?state_case_normal@?$output_processor@_WV?$stream_output_adapter@_W@__crt_stdio_output@@V?$positional_parameter_base@_WV?$stream_output_adapter@_W@__crt_stdio_output@@@2@@__crt_stdio_output@@AAE_NXZ,"__crt_stdio_output::output_processor<wchar_t,__crt_stdio_output::stream_output_adapter<wchar_t>,__crt_stdio_output::positional_parameter_base<wchar_t,__crt_stdio_output::stream_output_adapter<wchar_t> > >::state_case_normal"
0x004422FF,31,output.obj,0,?state_case_normal@?$output_processor@_WV?$stream_output_adapter@_W@__crt_stdio_output@@V?$standard_base@_WV?$stream_output_adapter@_W@__crt_stdio_output@@@2@@__crt_stdio_output@@AAE_NXZ,"__crt_stdio_output::output_processor<wchar_t,__crt_stdio_output::stream_output_adapter<wchar_t>,__crt_stdio_output::standard_base<wchar_t,__crt_stdio_output::stream_output_adapter<wchar_t> > >::state_case_normal"
0x0044231E,31,output.obj,0,?state_case_normal@?$output_processor@_WV?$string_output_adapter@_W@__crt_stdio_output@@V?$format_validation_base@_WV?$string_output_adapter@_W@__crt_stdio_output@@@2@@__crt_stdio_output@@AAE_NXZ,"__crt_stdio_output::output_processor<wchar_t,__crt_stdio_output::string_output_adapter<wchar_t>,__crt_stdio_output::format_validation_base<wchar_t,__crt_stdio_output::string_output_adapter<wchar_t> > >::state_case_normal"
0x0044233D,49,output.obj,0,?state_case_normal@?$output_processor@_WV?$string_output_adapter@_W@__crt_stdio_output@@V?$positional_parameter_base@_WV?$string_output_adapter@_W@__crt_stdio_output@@@2@@__crt_stdio_output@@AAE_NXZ,"__crt_stdio_output::output_processor<wchar_t,__crt_stdio_output::string_output_adapter<wchar_t>,__crt_stdio_output::positional_parameter_base<wchar_t,__crt_stdio_output::string_output_adapter<wchar_t> > >::state_case_normal"
0x0044236E,31,output.obj,0,?state_case_normal@?$output_processor@_WV?$string_output_adapter@_W@__crt_stdio_output@@V?$standard_base@_WV?$string_output_adapter@_W@__crt_stdio_output@@@2@@__crt_stdio_output@@AAE_NXZ,"__crt_stdio_output::output_processor<wchar_t,__crt_stdio_output::string_output_adapter<wchar_t>,__crt_stdio_output::standard_base<wchar_t,__crt_stdio_output::string_output_adapter<wchar_t> > >::state_case_normal"
0x0044238D,58,output.obj,0,?state_case_normal_common@?$output_processor@DV?$stream_output_adapter@D@__crt_stdio_output@@V?$format_validation_base@DV?$stream_output_adapter@D@__crt_stdio_output@@@2@@__crt_stdio_output@@AAE_NXZ,"__crt_stdio_output::output_processor<char,__crt_stdio_output::stream_output_adapter<char>,__crt_stdio_output::format_validation_base<char,__crt_stdio_output::stream_output_adapter<char> > >::state_case_normal_common"
0x004423C7,58,output.obj,0,?state_case_normal_common@?$output_processor@DV?$stream_output_adapter@D@__crt_stdio_output@@V?$positional_parameter_base@DV?$stream_output_adapter@D@__crt_stdio_output@@@2@@__crt_stdio_output@@AAE_NXZ,"__crt_stdio_output::output_processor<char,__crt_stdio_output::stream_output_adapter<char>,__crt_stdio_output::positional_parameter_base<char,__crt_stdio_output::stream_output_adapter<char> > >::state_case_normal_common"
0x00442401,58,output.obj,0,?state_case_normal_common@?$output_processor@DV?$stream_output_adapter@D@__crt_stdio_output@@V?$standard_base@DV?$stream_output_adapter@D@__crt_stdio_output@@@2@@__crt_stdio_output@@AAE_NXZ,"__crt_stdio_output::output_processor<char,__crt_stdio_output::stream_output_adapter<char>,__crt_stdio_output::standard_base<char,__crt_stdio_output::stream_output_adapter<char> > >::state_case_normal_common"
0x0044243B,42,output.obj,0,?state_case_normal_common@?$output_processor@DV?$string_output_adapter@D@__crt_stdio_output@@V?$format_validation_base@DV?$string_output_adapter@D@__crt_stdio_output@@@2@@__crt_stdio_output@@AAE_NXZ,"__crt_stdio_output::output_processor<char,__crt_stdio_output::string_output_adapter<char>,__crt_stdio_output::format_validation_base<char,__crt_stdio_output::string_output_adapter<char> > >::state_case_normal_common"
0x00442465,42,output.obj,0,?state_case_normal_common@?$output_processor@DV?$string_output_adapter@D@__crt_stdio_output@@V?$positional_parameter_base@DV?$string_output_adapter@D@__crt_stdio_output@@@2@@__crt_stdio_output@@AAE_NXZ,"__crt_stdio_output::output_processor<char,__crt_stdio_output::string_output_adapter<char>,__crt_stdio_output::positional_parameter_base<char,__crt_stdio_output::string_output_adapter<char> > >::state_case_normal_common"
0x0044248F,42,output.obj,0,?state_case_normal_common@?$output_processor@DV?$string_output_adapter@D@__crt_stdio_output@@V?$standard_base@DV?$string_output_adapter@D@__crt_stdio_output@@@2@@__crt_stdio_output@@AAE_NXZ,"__crt_stdio_output::output_processor<char,__crt_stdio_output::string_output_adapter<char>,__crt_stdio_output::standard_base<char,__crt_stdio_output::string_output_adapter<char> > >::state_case_normal_common"
0x004424B9,42,output.obj,0,?state_case_normal_common@?$output_processor@_WV?$stream_output_adapter@_W@__crt_stdio_output@@V?$format_validation_base@_WV?$stream_output_adapter@_W@__crt_stdio_output@@@2@@__crt_stdio_output@@AAE_NXZ,"__crt_stdio_output::output_processor<wchar_t,__crt_stdio_output::stream_output_adapter<wchar_t>,__crt_stdio_output::format_validation_base<wchar_t,__crt_stdio_output::stream_output_adapter<wchar_t> > >::state_case_normal_common"
0x004424E3,42,output.obj,0,?state_case_normal_common@?$output_processor@_WV?$stream_output_adapter@_W@__crt_stdio_output@@V?$positional_parameter_base@_WV?$stream_output_adapter@_W@__crt_stdio_output@@@2@@__crt_stdio_output@@AAE_NXZ,"__crt_stdio_output::output_processor<wchar_t,__crt_stdio_output::stream_output_adapter<wchar_t>,__crt_stdio_output::positional_parameter_base<wchar_t,__crt_stdio_output::stream_output_adapter<wchar_t> > >::state_case_normal_common"
0x0044250D,42,output.obj,0,?state_case_normal_common@?$output_processor@_WV?$stream_output_adapter@_W@__crt_stdio_output@@V?$standard_base@_WV?$stream_output_adapter@_W@__crt_stdio_output@@@2@@__crt_stdio_output@@AAE_NXZ,"__crt_stdio_output::output_processor<wchar_t,__crt_stdio_output::stream_output_adapter<wchar_t>,__crt_stdio_output::standard_base<wchar_t,__crt_stdio_output::stream_output_adapter<wchar_t> > >::state_case_normal_common"
0x00442537,27,output.obj,0,?state_case_normal_common@?$output_processor@_WV?$string_output_adapter@_W@__crt_stdio_output@@V?$format_validation_base@_WV?$string_output_adapter@_W@__crt_stdio_output@@@2@@__crt_stdio_output@@AAE_NXZ,"__crt_stdio_output::output_processor<wchar_t,__crt_stdio_output::string_output_adapter<wchar_t>,__crt_stdio_output::format_validation_base<wchar_t,__crt_stdio_output::string_output_adapter<wchar_t> > >::state_case_normal_common"
0x00442552,27,output.obj,0,?state_case_normal_common@?$output_processor@_WV?$string_output_adapter@_W@__crt_stdio_output@@V?$positional_parameter_base@_WV?$string_output_adapter@_W@__crt_stdio_output@@@2@@__crt_stdio_output@@AAE_NXZ,"__crt_stdio_output::output_processor<wchar_t,__crt_stdio_output::string_output_adapter<wchar_t>,__crt_stdio_output::positional_parameter_base<wchar_t,__crt_stdio_output::string_output_adapter<wchar_t> > >::state_case_normal_common"
0x0044256D,27,output.obj,0,?state_case_normal_common@?$output_processor@_WV?$string_output_adapter@_W@__crt_stdio_output@@V?$standard_base@_WV?$string_output_adapter@_W@__crt_stdio_output@@@2@@__crt_stdio_output@@AAE_NXZ,"__crt_stdio_output::output_processor<wchar_t,__crt_stdio_output::string_output_adapter<wchar_t>,__crt_stdio_output::standard_base<wchar_t,__crt_stdio_output::string_output_adapter<wchar_t> > >::state_case_normal_common"
0x00442588,109,output.obj,0,?state_case_normal_tchar@?$output_processor@DV?$stream_output_adapter@D@__crt_stdio_output@@V?$format_validation_base@DV?$stream_output_adapter@D@__crt_stdio_output@@@2@@__crt_stdio_output@@AAE_ND@Z,"__crt_stdio_output::output_processor<char,__crt_stdio_output::stream_output_adapter<char>,__crt_stdio_output::format_validation_base<char,__crt_stdio_output::stream_output_adapter<char> > >::state_case_normal_tchar"
0x004425F5,109,output.obj,0,?state_case_normal_tchar@?$output_processor@DV?$stream_output_adapter@D@__crt_stdio_output@@V?$positional_parameter_base@DV?$stream_output_adapter@D@__crt_stdio_output@@@2@@__crt_stdio_output@@AAE_ND@Z,"__crt_stdio_output::output_processor<char,__crt_stdio_output::stream_output_adapter<char>,__crt_stdio_output::positional_parameter_base<char,__crt_stdio_output::stream_output_adapter<char> > >::state_case_normal_tchar"
0x00442662,109,output.obj,0,?state_case_normal_tchar@?$output_processor@DV?$stream_output_adapter@D@__crt_stdio_output@@V?$standard_base@DV?$stream_output_adapter@D@__crt_stdio_output@@@2@@__crt_stdio_output@@AAE_ND@Z,"__crt_stdio_output::output_processor<char,__crt_stdio_output::stream_output_adapter<char>,__crt_stdio_output::standard_base<char,__crt_stdio_output::stream_output_adapter<char> > >::state_case_normal_tchar"
0x004426CF,100,output.obj,0,?state_case_normal_tchar@?$output_processor@DV?$string_output_adapter@D@__crt_stdio_output@@V?$format_validation_base@DV?$string_output_adapter@D@__crt_stdio_output@@@2@@__crt_stdio_output@@AAE_ND@Z,"__crt_stdio_output::output_processor<char,__crt_stdio_output::string_output_adapter<char>,__crt_stdio_output::format_validation_base<char,__crt_stdio_output::string_output_adapter<char> > >::state_case_normal_tchar"
0x00442733,100,output.obj,0,?state_case_normal_tchar@?$output_processor@DV?$string_output_adapter@D@__crt_stdio_output@@V?$positional_parameter_base@DV?$string_output_adapter@D@__crt_stdio_output@@@2@@__crt_stdio_output@@AAE_ND@Z,"__crt_stdio_output::output_processor<char,__crt_stdio_output::string_output_adapter<char>,__crt_stdio_output::positional_parameter_base<char,__crt_stdio_output::string_output_adapter<char> > >::state_case_normal_tchar"
0x00442797,100,output.obj,0,?state_case_normal_tchar@?$output_processor@DV?$string_output_adapter@D@__crt_stdio_output@@V?$standard_base@DV?$string_output_adapter@D@__crt_stdio_output@@@2@@__crt_stdio_output@@AAE_ND@Z,"__crt_stdio_output::output_processor<char,__crt_stdio_output::string_output_adapter<char>,__crt_stdio_output::standard_base<char,__crt_stdio_output::string_output_adapter<char> > >::state_case_normal_tchar"
0x004427FB,9,output.obj,0,?state_case_normal_tchar@?$output_processor@_WV?$stream_output_adapter@_W@__crt_stdio_output@@V?$format_validation_base@_WV?$stream_output_adapter@_W@__crt_stdio_output@@@2@@__crt_stdio_output@@AAE_N_W@Z,"__crt_stdio_output::output_processor<wchar_t,__crt_stdio_output::stream_output_adapter<wchar_t>,__crt_stdio_output::format_validation_base<wchar_t,__crt_stdio_output::stream_output_adapter<wchar_t> > >::state_case_normal_tchar"
0x00442804,9,output.obj,0,?state_case_normal_tchar@?$output_processor@_WV?$stream_output_adapter@_W@__crt_stdio_output@@V?$positional_parameter_base@_WV?$stream_output_adapter@_W@__crt_stdio_output@@@2@@__crt_stdio_output@@AAE_N_W@Z,"__crt_stdio_output::output_processor<wchar_t,__crt_stdio_output::stream_output_adapter<wchar_t>,__crt_stdio_output::positional_parameter_base<wchar_t,__crt_stdio_output::stream_output_adapter<wchar_t> > >::state_case_normal_tchar"
0x0044280D,9,output.obj,0,?state_case_normal_tchar@?$output_processor@_WV?$stream_output_adapter@_W@__crt_stdio_output@@V?$standard_base@_WV?$stream_output_adapter@_W@__crt_stdio_output@@@2@@__crt_stdio_output@@AAE_N_W@Z,"__crt_stdio_output::output_processor<wchar_t,__crt_stdio_output::stream_output_adapter<wchar_t>,__crt_stdio_output::standard_base<wchar_t,__crt_stdio_output::stream_output_adapter<wchar_t> > >::state_case_normal_tchar"
0x00442816,9,output.obj,0,?state_case_normal_tchar@?$output_processor@_WV?$string_output_adapter@_W@__crt_stdio_output@@V?$format_validation_base@_WV?$string_output_adapter@_W@__crt_stdio_output@@@2@@__crt_stdio_output@@AAE_N_W@Z,"__crt_stdio_output::output_processor<wchar_t,__crt_stdio_output::string_output_adapter<wchar_t>,__crt_stdio_output::format_validation_base<wchar_t,__crt_stdio_output::string_output_adapter<wchar_t> > >::state_case_normal_tchar"
0x0044281F,9,output.obj,0,?state_case_normal_tchar@?$output_processor@_WV?$string_output_adapter@_W@__crt_stdio_output@@V?$positional_parameter_base@_WV?$string_output_adapter@_W@__crt_stdio_output@@@2@@__crt_stdio_output@@AAE_N_W@Z,"__crt_stdio_output::output_processor<wchar_t,__crt_stdio_output::string_output_adapter<wchar_t>,__crt_stdio_output::positional_parameter_base<wchar_t,__crt_stdio_output::string_output_adapter<wchar_t> > >::state_case_normal_tchar"
0x00442828,9,output.obj,0,?state_case_normal_tchar@?$output_processor@_WV?$string_output_adapter@_W@__crt_stdio_output@@V?$standard_base@_WV?$string_output_adapter@_W@__crt_stdio_output@@@2@@__crt_stdio_output@@AAE_N_W@Z,"__crt_stdio_output::output_processor<wchar_t,__crt_stdio_output::string_output_adapter<wchar_t>,__crt_stdio_output::standard_base<wchar_t,__crt_stdio_output::string_output_adapter<wchar_t> > >::state_case_normal_tchar"
0x00442831,24,output.obj,0,?state_case_percent@?$output_processor@DV?$stream_output_adapter@D@__crt_stdio_output@@V?$format_validation_base@DV?$stream_output_adapter@D@__crt_stdio_output@@@2@@__crt_stdio_output@@AAE_NXZ,"__crt_stdio_output::output_processor<char,__crt_stdio_output::stream_output_adapter<char>,__crt_stdio_output::format_validation_base<char,__crt_stdio_output::stream_output_adapter<char> > >::state_case_percent"
0x00442849,24,output.obj,0,?state_case_percent@?$output_processor@DV?$stream_output_adapter@D@__crt_stdio_output@@V?$positional_parameter_base@DV?$stream_output_adapter@D@__crt_stdio_output@@@2@@__crt_stdio_output@@AAE_NXZ,"__crt_stdio_output::output_processor<char,__crt_stdio_output::stream_output_adapter<char>,__crt_stdio_output::positional_parameter_base<char,__crt_stdio_output::stream_output_adapter<char> > >::state_case_percent"
0x00442861,24,output.obj,0,?state_case_percent@?$output_processor@DV?$stream_output_adapter@D@__crt_stdio_output@@V?$standard_base@DV?$stream_output_adapter@D@__crt_stdio_output@@@2@@__crt_stdio_output@@AAE_NXZ,"__crt_stdio_output::output_processor<char,__crt_stdio_output::stream_output_adapter<char>,__crt_stdio_output::standard_base<char,__crt_stdio_output::stream_output_adapter<char> > >::state_case_percent"
0x00442879,24,output.obj,0,?state_case_percent@?$output_processor@DV?$string_output_adapter@D@__crt_stdio_output@@V?$format_validation_base@DV?$string_output_adapter@D@__crt_stdio_output@@@2@@__crt_stdio_output@@AAE_NXZ,"__crt_stdio_output::output_processor<char,__crt_stdio_output::string_output_adapter<char>,__crt_stdio_output::format_validation_base<char,__crt_stdio_output::string_output_adapter<char> > >::state_case_percent"
0x00442891,24,output.obj,0,?state_case_percent@?$output_processor@DV?$string_output_adapter@D@__crt_stdio_output@@V?$positional_parameter_base@DV?$string_output_adapter@D@__crt_stdio_output@@@2@@__crt_stdio_output@@AAE_NXZ,"__crt_stdio_output::output_processor<char,__crt_stdio_output::string_output_adapter<char>,__crt_stdio_output::positional_parameter_base<char,__crt_stdio_output::string_output_adapter<char> > >::state_case_percent"
0x004428A9,24,output.obj,0,?state_case_percent@?$output_processor@DV?$string_output_adapter@D@__crt_stdio_output@@V?$standard_base@DV?$string_output_adapter@D@__crt_stdio_output@@@2@@__crt_stdio_output@@AAE_NXZ,"__crt_stdio_output::output_processor<char,__crt_stdio_output::string_output_adapter<char>,__crt_stdio_output::standard_base<char,__crt_stdio_output::string_output_adapter<char> > >::state_case_percent"
0x004428C1,24,output.obj,0,?state_case_percent@?$output_processor@_WV?$stream_output_adapter@_W@__crt_stdio_output@@V?$format_validation_base@_WV?$stream_output_adapter@_W@__crt_stdio_output@@@2@@__crt_stdio_output@@AAE_NXZ,"__crt_stdio_output::output_processor<wchar_t,__crt_stdio_output::stream_output_adapter<wchar_t>,__crt_stdio_output::format_validation_base<wchar_t,__crt_stdio_output::stream_output_adapter<wchar_t> > >::state_case_percent"
0x004428D9,24,output.obj,0,?state_case_percent@?$output_processor@_WV?$stream_output_adapter@_W@__crt_stdio_output@@V?$positional_parameter_base@_WV?$stream_output_adapter@_W@__crt_stdio_output@@@2@@__crt_stdio_output@@AAE_NXZ,"__crt_stdio_output::output_processor<wchar_t,__crt_stdio_output::stream_output_adapter<wchar_t>,__crt_stdio_output::positional_parameter_base<wchar_t,__crt_stdio_output::stream_output_adapter<wchar_t> > >::state_case_percent"
0x004428F1,24,output.obj,0,?state_case_percent@?$output_processor@_WV?$stream_output_adapter@_W@__crt_stdio_output@@V?$standard_base@_WV?$stream_output_adapter@_W@__crt_stdio_output@@@2@@__crt_stdio_output@@AAE_NXZ,"__crt_stdio_output::output_processor<wchar_t,__crt_stdio_output::stream_output_adapter<wchar_t>,__crt_stdio_output::standard_base<wchar_t,__crt_stdio_output::stream_output_adapter<wchar_t> > >::state_case_percent"
0x00442909,24,output.obj,0,?state_case_percent@?$output_processor@_WV?$string_output_adapter@_W@__crt_stdio_output@@V?$format_validation_base@_WV?$string_output_adapter@_W@__crt_stdio_output@@@2@@__crt_stdio_output@@AAE_NXZ,"__crt_stdio_output::output_processor<wchar_t,__crt_stdio_output::string_output_adapter<wchar_t>,__crt_stdio_output::format_validation_base<wchar_t,__crt_stdio_output::string_output_adapter<wchar_t> > >::state_case_percent"
0x00442921,24,output.obj,0,?state_case_percent@?$output_processor@_WV?$string_output_adapter@_W@__crt_stdio_output@@V?$positional_parameter_base@_WV?$string_output_adapter@_W@__crt_stdio_output@@@2@@__crt_stdio_output@@AAE_NXZ,"__crt_stdio_output::output_processor<wchar_t,__crt_stdio_output::string_output_adapter<wchar_t>,__crt_stdio_output::positional_parameter_base<wchar_t,__crt_stdio_output::string_output_adapter<wchar_t> > >::state_case_percent"
0x00442939,24,output.obj,0,?state_case_percent@?$output_processor@_WV?$string_output_adapter@_W@__crt_stdio_output@@V?$standard_base@_WV?$string_output_adapter@_W@__crt_stdio_output@@@2@@__crt_stdio_output@@AAE_NXZ,"__crt_stdio_output::output_processor<wchar_t,__crt_stdio_output::string_output_adapter<wchar_t>,__crt_stdio_output::standard_base<wchar_t,__crt_stdio_output::string_output_adapter<wchar_t> > >::state_case_percent"
0x00442951,38,output.obj,0,?state_case_precision@?$output_processor@DV?$stream_output_adapter@D@__crt_stdio_output@@V?$format_validation_base@DV?$stream_output_adapter@D@__crt_stdio_output@@@2@@__crt_stdio_output@@AAE_NXZ,"__crt_stdio_output::output_processor<char,__crt_stdio_output::stream_output_adapter<char>,__crt_stdio_output::format_validation_base<char,__crt_stdio_output::stream_output_adapter<char> > >::state_case_precision"
0x00442977,58,output.obj,0,?state_case_precision@?$output_processor@DV?$stream_output_adapter@D@__crt_stdio_output@@V?$positional_parameter_base@DV?$stream_output_adapter@D@__crt_stdio_output@@@2@@__crt_stdio_output@@AAE_NXZ,"__crt_stdio_output::output_processor<char,__crt_stdio_output::stream_output_adapter<char>,__crt_stdio_output::positional_parameter_base<char,__crt_stdio_output::stream_output_adapter<char> > >::state_case_precision"
0x004429B1,38,output.obj,0,?state_case_precision@?$output_processor@DV?$stream_output_adapter@D@__crt_stdio_output@@V?$standard_base@DV?$stream_output_adapter@D@__crt_stdio_output@@@2@@__crt_stdio_output@@AAE_NXZ,"__crt_stdio_output::output_processor<char,__crt_stdio_output::stream_output_adapter<char>,__crt_stdio_output::standard_base<char,__crt_stdio_output::stream_output_adapter<char> > >::state_case_precision"
0x004429D7,38,output.obj,0,?state_case_precision@?$output_processor@DV?$string_output_adapter@D@__crt_stdio_output@@V?$format_validation_base@DV?$string_output_adapter@D@__crt_stdio_output@@@2@@__crt_stdio_output@@AAE_NXZ,"__crt_stdio_output::output_processor<char,__crt_stdio_output::string_output_adapter<char>,__crt_stdio_output::format_validation_base<char,__crt_stdio_output::string_output_adapter<char> > >::state_case_precision"
0x004429FD,58,output.obj,0,?state_case_precision@?$output_processor@DV?$string_output_adapter@D@__crt_stdio_output@@V?$positional_parameter_base@DV?$string_output_adapter@D@__crt_stdio_output@@@2@@__crt_stdio_output@@AAE_NXZ,"__crt_stdio_output::output_processor<char,__crt_stdio_output::string_output_adapter<char>,__crt_stdio_output::positional_parameter_base<char,__crt_stdio_output::string_output_adapter<char> > >::state_case_precision"
0x00442A37,38,output.obj,0,?state_case_precision@?$output_processor@DV?$string_output_adapter@D@__crt_stdio_output@@V?$standard_base@DV?$string_output_adapter@D@__crt_stdio_output@@@2@@__crt_stdio_output@@AAE_NXZ,"__crt_stdio_output::output_processor<char,__crt_stdio_output::string_output_adapter<char>,__crt_stdio_output::standard_base<char,__crt_stdio_output::string_output_adapter<char> > >::state_case_precision"
0x00442A5D,39,output.obj,0,?state_case_precision@?$output_processor@_WV?$stream_output_adapter@_W@__crt_stdio_output@@V?$format_validation_base@_WV?$stream_output_adapter@_W@__crt_stdio_output@@@2@@__crt_stdio_output@@AAE_NXZ,"__crt_stdio_output::output_processor<wchar_t,__crt_stdio_output::stream_output_adapter<wchar_t>,__crt_stdio_output::format_validation_base<wchar_t,__crt_stdio_output::stream_output_adapter<wchar_t> > >::state_case_precision"
0x00442A84,59,output.obj,0,?state_case_precision@?$output_processor@_WV?$stream_output_adapter@_W@__crt_stdio_output@@V?$positional_parameter_base@_WV?$stream_output_adapter@_W@__crt_stdio_output@@@2@@__crt_stdio_output@@AAE_NXZ,"__crt_stdio_output::output_processor<wchar_t,__crt_stdio_output::stream_output_adapter<wchar_t>,__crt_stdio_output::positional_parameter_base<wchar_t,__crt_stdio_output::stream_output_adapter<wchar_t> > >::state_case_precision"
0x00442ABF,39,output.obj,0,?state_case_precision@?$output_processor@_WV?$stream_output_adapter@_W@__crt_stdio_output@@V?$standard_base@_WV?$stream_output_adapter@_W@__crt_stdio_output@@@2@@__crt_stdio_output@@AAE_NXZ,"__crt_stdio_output::output_processor<wchar_t,__crt_stdio_output::stream_output_adapter<wchar_t>,__crt_stdio_output::standard_base<wchar_t,__crt_stdio_output::stream_output_adapter<wchar_t> > >::state_case_precision"
0x00442AE6,39,output.obj,0,?state_case_precision@?$output_processor@_WV?$string_output_adapter@_W@__crt_stdio_output@@V?$format_validation_base@_WV?$string_output_adapter@_W@__crt_stdio_output@@@2@@__crt_stdio_output@@AAE_NXZ,"__crt_stdio_output::output_processor<wchar_t,__crt_stdio_output::string_output_adapter<wchar_t>,__crt_stdio_output::format_validation_base<wchar_t,__crt_stdio_output::string_output_adapter<wchar_t> > >::state_case_precision"
0x00442B0D,59,output.obj,0,?state_case_precision@?$output_processor@_WV?$string_output_adapter@_W@__crt_stdio_output@@V?$positional_parameter_base@_WV?$string_output_adapter@_W@__crt_stdio_output@@@2@@__crt_stdio_output@@AAE_NXZ,"__crt_stdio_output::output_processor<wchar_t,__crt_stdio_output::string_output_adapter<wchar_t>,__crt_stdio_output::positional_parameter_base<wchar_t,__crt_stdio_output::string_output_adapter<wchar_t> > >::state_case_precision"
0x00442B48,39,output.obj,0,?state_case_precision@?$output_processor@_WV?$string_output_adapter@_W@__crt_stdio_output@@V?$standard_base@_WV?$string_output_adapter@_W@__crt_stdio_output@@@2@@__crt_stdio_output@@AAE_NXZ,"__crt_stdio_output::output_processor<wchar_t,__crt_stdio_output::string_output_adapter<wchar_t>,__crt_stdio_output::standard_base<wchar_t,__crt_stdio_output::string_output_adapter<wchar_t> > >::state_case_precision"
0x00442B6F,334,output.obj,0,?state_case_size@?$output_processor@DV?$stream_output_adapter@D@__crt_stdio_output@@V?$format_validation_base@DV?$stream_output_adapter@D@__crt_stdio_output@@@2@@__crt_stdio_output@@AAE_NXZ,"__crt_stdio_output::output_processor<char,__crt_stdio_output::stream_output_adapter<char>,__crt_stdio_output::format_validation_base<char,__crt_stdio_output::stream_output_adapter<char> > >::state_case_size"
0x00442CBD,334,output.obj,0,?state_case_size@?$output_processor@DV?$stream_output_adapter@D@__crt_stdio_output@@V?$positional_parameter_base@DV?$stream_output_adapter@D@__crt_stdio_output@@@2@@__crt_stdio_output@@AAE_NXZ,"__crt_stdio_output::output_processor<char,__crt_stdio_output::stream_output_adapter<char>,__crt_stdio_output::positional_parameter_base<char,__crt_stdio_output::stream_output_adapter<char> > >::state_case_size"
0x00442E0B,334,output.obj,0,?state_case_size@?$output_processor@DV?$stream_output_adapter@D@__crt_stdio_output@@V?$standard_base@DV?$stream_output_adapter@D@__crt_stdio_output@@@2@@__crt_stdio_output@@AAE_NXZ,"__crt_stdio_output::output_processor<char,__crt_stdio_output::stream_output_adapter<char>,__crt_stdio_output::standard_base<char,__crt_stdio_output::stream_output_adapter<char> > >::state_case_size"
0x00442F59,334,output.obj,0,?state_case_size@?$output_processor@DV?$string_output_adapter@D@__crt_stdio_output@@V?$format_validation_base@DV?$string_output_adapter@D@__crt_stdio_output@@@2@@__crt_stdio_output@@AAE_NXZ,"__crt_stdio_output::output_processor<char,__crt_stdio_output::string_output_adapter<char>,__crt_stdio_output::format_validation_base<char,__crt_stdio_output::string_output_adapter<char> > >::state_case_size"
0x004430A7,334,output.obj,0,?state_case_size@?$output_processor@DV?$string_output_adapter@D@__crt_stdio_output@@V?$positional_parameter_base@DV?$string_output_adapter@D@__crt_stdio_output@@@2@@__crt_stdio_output@@AAE_NXZ,"__crt_stdio_output::output_processor<char,__crt_stdio_output::string_output_adapter<char>,__crt_stdio_output::positional_parameter_base<char,__crt_stdio_output::string_output_adapter<char> > >::state_case_size"
0x004431F5,334,output.obj,0,?state_case_size@?$output_processor@DV?$string_output_adapter@D@__crt_stdio_output@@V?$standard_base@DV?$string_output_adapter@D@__crt_stdio_output@@@2@@__crt_stdio_output@@AAE_NXZ,"__crt_stdio_output::output_processor<char,__crt_stdio_output::string_output_adapter<char>,__crt_stdio_output::standard_base<char,__crt_stdio_output::string_output_adapter<char> > >::state_case_size"
0x00443343,376,output.obj,0,?state_case_size@?$output_processor@_WV?$stream_output_adapter@_W@__crt_stdio_output@@V?$format_validation_base@_WV?$stream_output_adapter@_W@__crt_stdio_output@@@2@@__crt_stdio_output@@AAE_NXZ,"__crt_stdio_output::output_processor<wchar_t,__crt_stdio_output::stream_output_adapter<wchar_t>,__crt_stdio_output::format_validation_base<wchar_t,__crt_stdio_output::stream_output_adapter<wchar_t> > >::state_case_size"
0x004434BB,376,output.obj,0,?state_case_size@?$output_processor@_WV?$stream_output_adapter@_W@__crt_stdio_output@@V?$positional_parameter_base@_WV?$stream_output_adapter@_W@__crt_stdio_output@@@2@@__crt_stdio_output@@AAE_NXZ,"__crt_stdio_output::output_processor<wchar_t,__crt_stdio_output::stream_output_adapter<wchar_t>,__crt_stdio_output::positional_parameter_base<wchar_t,__crt_stdio_output::stream_output_adapter<wchar_t> > >::state_case_size"
0x00443633,376,output.obj,0,?state_case_size@?$output_processor@_WV?$stream_output_adapter@_W@__crt_stdio_output@@V?$standard_base@_WV?$stream_output_adapter@_W@__crt_stdio_output@@@2@@__crt_stdio_output@@AAE_NXZ,"__crt_stdio_output::output_processor<wchar_t,__crt_stdio_output::stream_output_adapter<wchar_t>,__crt_stdio_output::standard_base<wchar_t,__crt_stdio_output::stream_output_adapter<wchar_t> > >::state_case_size"
0x004437AB,376,output.obj,0,?state_case_size@?$output_processor@_WV?$string_output_adapter@_W@__crt_stdio_output@@V?$format_validation_base@_WV?$string_output_adapter@_W@__crt_stdio_output@@@2@@__crt_stdio_output@@AAE_NXZ,"__crt_stdio_output::output_processor<wchar_t,__crt_stdio_output::string_output_adapter<wchar_t>,__crt_stdio_output::format_validation_base<wchar_t,__crt_stdio_output::string_output_adapter<wchar_t> > >::state_case_size"
0x00443923,376,output.obj,0,?state_case_size@?$output_processor@_WV?$string_output_adapter@_W@__crt_stdio_output@@V?$positional_parameter_base@_WV?$string_output_adapter@_W@__crt_stdio_output@@@2@@__crt_stdio_output@@AAE_NXZ,"__crt_stdio_output::output_processor<wchar_t,__crt_stdio_output::string_output_adapter<wchar_t>,__crt_stdio_output::positional_parameter_base<wchar_t,__crt_stdio_output::string_output_adapter<wchar_t> > >::state_case_size"
0x00443A9B,376,output.obj,0,?state_case_size@?$output_processor@_WV?$string_output_adapter@_W@__crt_stdio_output@@V?$standard_base@_WV?$string_output_adapter@_W@__crt_stdio_output@@@2@@__crt_stdio_output@@AAE_NXZ,"__crt_stdio_output::output_processor<wchar_t,__crt_stdio_output::string_output_adapter<wchar_t>,__crt_stdio_output::standard_base<wchar_t,__crt_stdio_output::string_output_adapter<wchar_t> > >::state_case_size"
0x00443C13,562,output.obj,0,?state_case_type@?$output_processor@DV?$stream_output_adapter@D@__crt_stdio_output@@V?$format_validation_base@DV?$stream_output_adapter@D@__crt_stdio_output@@@2@@__crt_stdio_output@@AAE_NXZ,"__crt_stdio_output::output_processor<char,__crt_stdio_output::stream_output_adapter<char>,__crt_stdio_output::format_validation_base<char,__crt_stdio_output::stream_output_adapter<char> > >::state_case_type"
0x00443E45,577,output.obj,0,?state_case_type@?$output_processor@DV?$stream_output_adapter@D@__crt_stdio_output@@V?$positional_parameter_base@DV?$stream_output_adapter@D@__crt_stdio_output@@@2@@__crt_stdio_output@@AAE_NXZ,"__crt_stdio_output::output_processor<char,__crt_stdio_output::stream_output_adapter<char>,__crt_stdio_output::positional_parameter_base<char,__crt_stdio_output::stream_output_adapter<char> > >::state_case_type"
0x00444086,562,output.obj,0,?state_case_type@?$output_processor@DV?$stream_output_adapter@D@__crt_stdio_output@@V?$standard_base@DV?$stream_output_adapter@D@__crt_stdio_output@@@2@@__crt_stdio_output@@AAE_NXZ,"__crt_stdio_output::output_processor<char,__crt_stdio_output::stream_output_adapter<char>,__crt_stdio_output::standard_base<char,__crt_stdio_output::stream_output_adapter<char> > >::state_case_type"
0x004442B8,562,output.obj,0,?state_case_type@?$output_processor@DV?$string_output_adapter@D@__crt_stdio_output@@V?$format_validation_base@DV?$string_output_adapter@D@__crt_stdio_output@@@2@@__crt_stdio_output@@AAE_NXZ,"__crt_stdio_output::output_processor<char,__crt_stdio_output::string_output_adapter<char>,__crt_stdio_output::format_validation_base<char,__crt_stdio_output::string_output_adapter<char> > >::state_case_type"
0x004444EA,577,output.obj,0,?state_case_type@?$output_processor@DV?$string_output_adapter@D@__crt_stdio_output@@V?$positional_parameter_base@DV?$string_output_adapter@D@__crt_stdio_output@@@2@@__crt_stdio_output@@AAE_NXZ,"__crt_stdio_output::output_processor<char,__crt_stdio_output::string_output_adapter<char>,__crt_stdio_output::positional_parameter_base<char,__crt_stdio_output::string_output_adapter<char> > >::state_case_type"
0x0044472B,562,output.obj,0,?state_case_type@?$output_processor@DV?$string_output_adapter@D@__crt_stdio_output@@V?$standard_base@DV?$string_output_adapter@D@__crt_stdio_output@@@2@@__crt_stdio_output@@AAE_NXZ,"__crt_stdio_output::output_processor<char,__crt_stdio_output::string_output_adapter<char>,__crt_stdio_output::standard_base<char,__crt_stdio_output::string_output_adapter<char> > >::state_case_type"
0x0044495D,605,output.obj,0,?state_case_type@?$output_processor@_WV?$stream_output_adapter@_W@__crt_stdio_output@@V?$format_validation_base@_WV?$stream_output_adapter@_W@__crt_stdio_output@@@2@@__crt_stdio_output@@AAE_NXZ,"__crt_stdio_output::output_processor<wchar_t,__crt_stdio_output::stream_output_adapter<wchar_t>,__crt_stdio_output::format_validation_base<wchar_t,__crt_stdio_output::stream_output_adapter<wchar_t> > >::state_case_type"
0x00444BBA,620,output.obj,0,?state_case_type@?$output_processor@_WV?$stream_output_adapter@_W@__crt_stdio_output@@V?$positional_parameter_base@_WV?$stream_output_adapter@_W@__crt_stdio_output@@@2@@__crt_stdio_output@@AAE_NXZ,"__crt_stdio_output::output_processor<wchar_t,__crt_stdio_output::stream_output_adapter<wchar_t>,__crt_stdio_output::positional_parameter_base<wchar_t,__crt_stdio_output::stream_output_adapter<wchar_t> > >::state_case_type"
0x00444E26,605,output.obj,0,?state_case_type@?$output_processor@_WV?$stream_output_adapter@_W@__crt_stdio_output@@V?$standard_base@_WV?$stream_output_adapter@_W@__crt_stdio_output@@@2@@__crt_stdio_output@@AAE_NXZ,"__crt_stdio_output::output_processor<wchar_t,__crt_stdio_output::stream_output_adapter<wchar_t>,__crt_stdio_output::standard_base<wchar_t,__crt_stdio_output::stream_output_adapter<wchar_t> > >::state_case_type"
0x00445083,605,output.obj,0,?state_case_type@?$output_processor@_WV?$string_output_adapter@_W@__crt_stdio_output@@V?$format_validation_base@_WV?$string_output_adapter@_W@__crt_stdio_output@@@2@@__crt_stdio_output@@AAE_NXZ,"__crt_stdio_output::output_processor<wchar_t,__crt_stdio_output::string_output_adapter<wchar_t>,__crt_stdio_output::format_validation_base<wchar_t,__crt_stdio_output::string_output_adapter<wchar_t> > >::state_case_type"
0x004452E0,620,output.obj,0,?state_case_type@?$output_processor@_WV?$string_output_adapter@_W@__crt_stdio_output@@V?$positional_parameter_base@_WV?$string_output_adapter@_W@__crt_stdio_output@@@2@@__crt_stdio_output@@AAE_NXZ,"__crt_stdio_output::output_processor<wchar_t,__crt_stdio_output::string_output_adapter<wchar_t>,__crt_stdio_output::positional_parameter_base<wchar_t,__crt_stdio_output::string_output_adapter<wchar_t> > >::state_case_type"
0x0044554C,605,output.obj,0,?state_case_type@?$output_processor@_WV?$string_output_adapter@_W@__crt_stdio_output@@V?$standard_base@_WV?$string_output_adapter@_W@__crt_stdio_output@@@2@@__crt_stdio_output@@AAE_NXZ,"__crt_stdio_output::output_processor<wchar_t,__crt_stdio_output::string_output_adapter<wchar_t>,__crt_stdio_output::standard_base<wchar_t,__crt_stdio_output::string_output_adapter<wchar_t> > >::state_case_type"
0x004457A9,43,output.obj,0,?state_case_width@?$output_processor@DV?$stream_output_adapter@D@__crt_stdio_output@@V?$format_validation_base@DV?$stream_output_adapter@D@__crt_stdio_output@@@2@@__crt_stdio_output@@AAE_NXZ,"__crt_stdio_output::output_processor<char,__crt_stdio_output::stream_output_adapter<char>,__crt_stdio_output::format_validation_base<char,__crt_stdio_output::stream_output_adapter<char> > >::state_case_width"
0x004457D4,64,output.obj,0,?state_case_width@?$output_processor@DV?$stream_output_adapter@D@__crt_stdio_output@@V?$positional_parameter_base@DV?$stream_output_adapter@D@__crt_stdio_output@@@2@@__crt_stdio_output@@AAE_NXZ,"__crt_stdio_output::output_processor<char,__crt_stdio_output::stream_output_adapter<char>,__crt_stdio_output::positional_parameter_base<char,__crt_stdio_output::stream_output_adapter<char> > >::state_case_width"
0x00445814,43,output.obj,0,?state_case_width@?$output_processor@DV?$stream_output_adapter@D@__crt_stdio_output@@V?$standard_base@DV?$stream_output_adapter@D@__crt_stdio_output@@@2@@__crt_stdio_output@@AAE_NXZ,"__crt_stdio_output::output_processor<char,__crt_stdio_output::stream_output_adapter<char>,__crt_stdio_output::standard_base<char,__crt_stdio_output::stream_output_adapter<char> > >::state_case_width"
0x0044583F,43,output.obj,0,?state_case_width@?$output_processor@DV?$string_output_adapter@D@__crt_stdio_output@@V?$format_validation_base@DV?$string_output_adapter@D@__crt_stdio_output@@@2@@__crt_stdio_output@@AAE_NXZ,"__crt_stdio_output::output_processor<char,__crt_stdio_output::string_output_adapter<char>,__crt_stdio_output::format_validation_base<char,__crt_stdio_output::string_output_adapter<char> > >::state_case_width"
0x0044586A,64,output.obj,0,?state_case_width@?$output_processor@DV?$string_output_adapter@D@__crt_stdio_output@@V?$positional_parameter_base@DV?$string_output_adapter@D@__crt_stdio_output@@@2@@__crt_stdio_output@@AAE_NXZ,"__crt_stdio_output::output_processor<char,__crt_stdio_output::string_output_adapter<char>,__crt_stdio_output::positional_parameter_base<char,__crt_stdio_output::string_output_adapter<char> > >::state_case_width"
0x004458AA,43,output.obj,0,?state_case_width@?$output_processor@DV?$string_output_adapter@D@__crt_stdio_output@@V?$standard_base@DV?$string_output_adapter@D@__crt_stdio_output@@@2@@__crt_stdio_output@@AAE_NXZ,"__crt_stdio_output::output_processor<char,__crt_stdio_output::string_output_adapter<char>,__crt_stdio_output::standard_base<char,__crt_stdio_output::string_output_adapter<char> > >::state_case_width"
0x004458D5,44,output.obj,0,?state_case_width@?$output_processor@_WV?$stream_output_adapter@_W@__crt_stdio_output@@V?$format_validation_base@_WV?$stream_output_adapter@_W@__crt_stdio_output@@@2@@__crt_stdio_output@@AAE_NXZ,"__crt_stdio_output::output_processor<wchar_t,__crt_stdio_output::stream_output_adapter<wchar_t>,__crt_stdio_output::format_validation_base<wchar_t,__crt_stdio_output::stream_output_adapter<wchar_t> > >::state_case_width"
0x00445901,65,output.obj,0,?state_case_width@?$output_processor@_WV?$stream_output_adapter@_W@__crt_stdio_output@@V?$positional_parameter_base@_WV?$stream_output_adapter@_W@__crt_stdio_output@@@2@@__crt_stdio_output@@AAE_NXZ,"__crt_stdio_output::output_processor<wchar_t,__crt_stdio_output::stream_output_adapter<wchar_t>,__crt_stdio_output::positional_parameter_base<wchar_t,__crt_stdio_output::stream_output_adapter<wchar_t> > >::state_case_width"
0x00445942,44,output.obj,0,?state_case_width@?$output_processor@_WV?$stream_output_adapter@_W@__crt_stdio_output@@V?$standard_base@_WV?$stream_output_adapter@_W@__crt_stdio_output@@@2@@__crt_stdio_output@@AAE_NXZ,"__crt_stdio_output::output_processor<wchar_t,__crt_stdio_output::stream_output_adapter<wchar_t>,__crt_stdio_output::standard_base<wchar_t,__crt_stdio_output::stream_output_adapter<wchar_t> > >::state_case_width"
0x0044596E,44,output.obj,0,?state_case_width@?$output_processor@_WV?$string_output_adapter@_W@__crt_stdio_output@@V?$format_validation_base@_WV?$string_output_adapter@_W@__crt_stdio_output@@@2@@__crt_stdio_output@@AAE_NXZ,"__crt_stdio_output::output_processor<wchar_t,__crt_stdio_output::string_output_adapter<wchar_t>,__crt_stdio_output::format_validation_base<wchar_t,__crt_stdio_output::string_output_adapter<wchar_t> > >::state_case_width"
0x0044599A,65,output.obj,0,?state_case_width@?$output_processor@_WV?$string_output_adapter@_W@__crt_stdio_output@@V?$positional_parameter_base@_WV?$string_output_adapter@_W@__crt_stdio_output@@@2@@__crt_stdio_output@@AAE_NXZ,"__crt_stdio_output::output_processor<wchar_t,__crt_stdio_output::string_output_adapter<wchar_t>,__crt_stdio_output::positional_parameter_base<wchar_t,__crt_stdio_output::string_output_adapter<wchar_t> > >::state_case_width"
0x004459DB,44,output.obj,0,?state_case_width@?$output_processor@_WV?$string_output_adapter@_W@__crt_stdio_output@@V?$standard_base@_WV?$string_output_adapter@_W@__crt_stdio_output@@@2@@__crt_stdio_output@@AAE_NXZ,"__crt_stdio_output::output_processor<wchar_t,__crt_stdio_output::string_output_adapter<wchar_t>,__crt_stdio_output::standard_base<wchar_t,__crt_stdio_output::string_output_adapter<wchar_t> > >::state_case_width"
0x00445A07,4,output.obj,0,?state_count@?$format_validation_base@DV?$stream_output_adapter@D@__crt_stdio_output@@@__crt_stdio_output@@KAIXZ,"__crt_stdio_output::format_validation_base<char,__crt_stdio_output::stream_output_adapter<char> >::state_count"
0x00445A0B,4,output.obj,0,?state_count@?$format_validation_base@DV?$string_output_adapter@D@__crt_stdio_output@@@__crt_stdio_output@@KAIXZ,"__crt_stdio_output::format_validation_base<char,__crt_stdio_output::string_output_adapter<char> >::state_count"
0x00445A0F,4,output.obj,0,?state_count@?$format_validation_base@_WV?$stream_output_adapter@_W@__crt_stdio_output@@@__crt_stdio_output@@KAIXZ,"__crt_stdio_output::format_validation_base<wchar_t,__crt_stdio_output::stream_output_adapter<wchar_t> >::state_count"
0x00445A13,4,output.obj,0,?state_count@?$format_validation_base@_WV?$string_output_adapter@_W@__crt_stdio_output@@@__crt_stdio_output@@KAIXZ,"__crt_stdio_output::format_validation_base<wchar_t,__crt_stdio_output::string_output_adapter<wchar_t> >::state_count"
0x00445A17,4,output.obj,0,?state_count@?$standard_base@DV?$stream_output_adapter@D@__crt_stdio_output@@@__crt_stdio_output@@KAIXZ,"__crt_stdio_output::standard_base<char,__crt_stdio_output::stream_output_adapter<char> >::state_count"
0x00445A1B,4,output.obj,0,?state_count@?$standard_base@DV?$string_output_adapter@D@__crt_stdio_output@@@__crt_stdio_output@@KAIXZ,"__crt_stdio_output::standard_base<char,__crt_stdio_output::string_output_adapter<char> >::state_count"
0x00445A1F,4,output.obj,0,?state_count@?$standard_base@_WV?$stream_output_adapter@_W@__crt_stdio_output@@@__crt_stdio_output@@KAIXZ,"__crt_stdio_output::standard_base<wchar_t,__crt_stdio_output::stream_output_adapter<wchar_t> >::state_count"
0x00445A23,4,output.obj,0,?state_count@?$standard_base@_WV?$string_output_adapter@_W@__crt_stdio_output@@@__crt_stdio_output@@KAIXZ,"__crt_stdio_output::standard_base<wchar_t,__crt_stdio_output::string_output_adapter<wchar_t> >::state_count"
0x00445A27,6,output.obj,0,?state_transition_table@?$format_validation_base@DV?$stream_output_adapter@D@__crt_stdio_output@@@__crt_stdio_output@@KAABV?$spectre_mitigated_lookup_table@Ustate_transition_pair@__crt_stdio_output@@$0IA@@2@XZ,"__crt_stdio_output::format_validation_base<char,__crt_stdio_output::stream_output_adapter<char> >::state_transition_table"
0x00445A2D,6,output.obj,0,?state_transition_table@?$format_validation_base@DV?$string_output_adapter@D@__crt_stdio_output@@@__crt_stdio_output@@KAABV?$spectre_mitigated_lookup_table@Ustate_transition_pair@__crt_stdio_output@@$0IA@@2@XZ,"__crt_stdio_output::format_validation_base<char,__crt_stdio_output::string_output_adapter<char> >::state_transition_table"
0x00445A33,6,output.obj,0,?state_transition_table@?$format_validation_base@_WV?$stream_output_adapter@_W@__crt_stdio_output@@@__crt_stdio_output@@KAABV?$spectre_mitigated_lookup_table@Ustate_transition_pair@__crt_stdio_output@@$0IA@@2@XZ,"__crt_stdio_output::format_validation_base<wchar_t,__crt_stdio_output::stream_output_adapter<wchar_t> >::state_transition_table"
0x00445A39,6,output.obj,0,?state_transition_table@?$format_validation_base@_WV?$string_output_adapter@_W@__crt_stdio_output@@@__crt_stdio_output@@KAABV?$spectre_mitigated_lookup_table@Ustate_transition_pair@__crt_stdio_output@@$0IA@@2@XZ,"__crt_stdio_output::format_validation_base<wchar_t,__crt_stdio_output::string_output_adapter<wchar_t> >::state_transition_table"
0x00445A3F,6,output.obj,0,?state_transition_table@?$standard_base@DV?$stream_output_adapter@D@__crt_stdio_output@@@__crt_stdio_output@@KAABV?$spectre_mitigated_lookup_table@Ustate_transition_pair@__crt_stdio_output@@$0IA@@2@XZ,"__crt_stdio_output::standard_base<char,__crt_stdio_output::stream_output_adapter<char> >::state_transition_table"
0x00445A45,6,output.obj,0,?state_transition_table@?$standard_base@DV?$string_output_adapter@D@__crt_stdio_output@@@__crt_stdio_output@@KAABV?$spectre_mitigated_lookup_table@Ustate_transition_pair@__crt_stdio_output@@$0IA@@2@XZ,"__crt_stdio_output::standard_base<char,__crt_stdio_output::string_output_adapter<char> >::state_transition_table"
0x00445A4B,6,output.obj,0,?state_transition_table@?$standard_base@_WV?$stream_output_adapter@_W@__crt_stdio_output@@@__crt_stdio_output@@KAABV?$spectre_mitigated_lookup_table@Ustate_transition_pair@__crt_stdio_output@@$0IA@@2@XZ,"__crt_stdio_output::standard_base<wchar_t,__crt_stdio_output::stream_output_adapter<wchar_t> >::state_transition_table"
0x00445A51,6,output.obj,0,?state_transition_table@?$standard_base@_WV?$string_output_adapter@_W@__crt_stdio_output@@@__crt_stdio_output@@KAABV?$spectre_mitigated_lookup_table@Ustate_transition_pair@__crt_stdio_output@@$0IA@@2@XZ,"__crt_stdio_output::standard_base<wchar_t,__crt_stdio_output::string_output_adapter<wchar_t> >::state_transition_table"
0x00445A57,6,output.obj,0,?tchar_string@?$common_data@D@__crt_stdio_output@@IAEAAPADD@Z,__crt_stdio_output::common_data<char>::tchar_string
0x00445A5D,4,output.obj,0,?tchar_string@?$common_data@D@__crt_stdio_output@@IAEAAPADXZ,__crt_stdio_output::common_data<char>::tchar_string
0x00445A61,4,output.obj,0,?tchar_string@?$common_data@_W@__crt_stdio_output@@IAEAAPA_WXZ,__crt_stdio_output::common_data<wchar_t>::tchar_string
0x00445A65,6,output.obj,0,?tchar_string@?$common_data@_W@__crt_stdio_output@@IAEAAPA_W_W@Z,__crt_stdio_output::common_data<wchar_t>::tchar_string
0x00445A70,92,output.obj,0,?to_integer_size@__crt_stdio_output@@YAIW4length_modifier@1@@Z,__crt_stdio_output::to_integer_size
0x00445ACC,10,output.obj,0,?type_case_X@?$output_processor@DV?$stream_output_adapter@D@__crt_stdio_output@@V?$format_validation_base@DV?$stream_output_adapter@D@__crt_stdio_output@@@2@@__crt_stdio_output@@AAE_NXZ,"__crt_stdio_output::output_processor<char,__crt_stdio_output::stream_output_adapter<char>,__crt_stdio_output::format_validation_base<char,__crt_stdio_output::stream_output_adapter<char> > >::type_case_X"
0x00445AD6,10,output.obj,0,?type_case_X@?$output_processor@DV?$stream_output_adapter@D@__crt_stdio_output@@V?$positional_parameter_base@DV?$stream_output_adapter@D@__crt_stdio_output@@@2@@__crt_stdio_output@@AAE_NXZ,"__crt_stdio_output::output_processor<char,__crt_stdio_output::stream_output_adapter<char>,__crt_stdio_output::positional_parameter_base<char,__crt_stdio_output::stream_output_adapter<char> > >::type_case_X"
0x00445AE0,10,output.obj,0,?type_case_X@?$output_processor@DV?$stream_output_adapter@D@__crt_stdio_output@@V?$standard_base@DV?$stream_output_adapter@D@__crt_stdio_output@@@2@@__crt_stdio_output@@AAE_NXZ,"__crt_stdio_output::output_processor<char,__crt_stdio_output::stream_output_adapter<char>,__crt_stdio_output::standard_base<char,__crt_stdio_output::stream_output_adapter<char> > >::type_case_X"
0x00445AEA,10,output.obj,0,?type_case_X@?$output_processor@DV?$string_output_adapter@D@__crt_stdio_output@@V?$format_validation_base@DV?$string_output_adapter@D@__crt_stdio_output@@@2@@__crt_stdio_output@@AAE_NXZ,"__crt_stdio_output::output_processor<char,__crt_stdio_output::string_output_adapter<char>,__crt_stdio_output::format_validation_base<char,__crt_stdio_output::string_output_adapter<char> > >::type_case_X"
0x00445AF4,10,output.obj,0,?type_case_X@?$output_processor@DV?$string_output_adapter@D@__crt_stdio_output@@V?$positional_parameter_base@DV?$string_output_adapter@D@__crt_stdio_output@@@2@@__crt_stdio_output@@AAE_NXZ,"__crt_stdio_output::output_processor<char,__crt_stdio_output::string_output_adapter<char>,__crt_stdio_output::positional_parameter_base<char,__crt_stdio_output::string_output_adapter<char> > >::type_case_X"
0x00445AFE,10,output.obj,0,?type_case_X@?$output_processor@DV?$string_output_adapter@D@__crt_stdio_output@@V?$standard_base@DV?$string_output_adapter@D@__crt_stdio_output@@@2@@__crt_stdio_output@@AAE_NXZ,"__crt_stdio_output::output_processor<char,__crt_stdio_output::string_output_adapter<char>,__crt_stdio_output::standard_base<char,__crt_stdio_output::string_output_adapter<char> > >::type_case_X"
0x00445B08,10,output.obj,0,?type_case_X@?$output_processor@_WV?$stream_output_adapter@_W@__crt_stdio_output@@V?$format_validation_base@_WV?$stream_output_adapter@_W@__crt_stdio_output@@@2@@__crt_stdio_output@@AAE_NXZ,"__crt_stdio_output::output_processor<wchar_t,__crt_stdio_output::stream_output_adapter<wchar_t>,__crt_stdio_output::format_validation_base<wchar_t,__crt_stdio_output::stream_output_adapter<wchar_t> > >::type_case_X"
0x00445B12,10,output.obj,0,?type_case_X@?$output_processor@_WV?$stream_output_adapter@_W@__crt_stdio_output@@V?$positional_parameter_base@_WV?$stream_output_adapter@_W@__crt_stdio_output@@@2@@__crt_stdio_output@@AAE_NXZ,"__crt_stdio_output::output_processor<wchar_t,__crt_stdio_output::stream_output_adapter<wchar_t>,__crt_stdio_output::positional_parameter_base<wchar_t,__crt_stdio_output::stream_output_adapter<wchar_t> > >::type_case_X"
0x00445B1C,10,output.obj,0,?type_case_X@?$output_processor@_WV?$stream_output_adapter@_W@__crt_stdio_output@@V?$standard_base@_WV?$stream_output_adapter@_W@__crt_stdio_output@@@2@@__crt_stdio_output@@AAE_NXZ,"__crt_stdio_output::output_processor<wchar_t,__crt_stdio_output::stream_output_adapter<wchar_t>,__crt_stdio_output::standard_base<wchar_t,__crt_stdio_output::stream_output_adapter<wchar_t> > >::type_case_X"
0x00445B26,10,output.obj,0,?type_case_X@?$output_processor@_WV?$string_output_adapter@_W@__crt_stdio_output@@V?$format_validation_base@_WV?$string_output_adapter@_W@__crt_stdio_output@@@2@@__crt_stdio_output@@AAE_NXZ,"__crt_stdio_output::output_processor<wchar_t,__crt_stdio_output::string_output_adapter<wchar_t>,__crt_stdio_output::format_validation_base<wchar_t,__crt_stdio_output::string_output_adapter<wchar_t> > >::type_case_X"
0x00445B30,10,output.obj,0,?type_case_X@?$output_processor@_WV?$string_output_adapter@_W@__crt_stdio_output@@V?$positional_parameter_base@_WV?$string_output_adapter@_W@__crt_stdio_output@@@2@@__crt_stdio_output@@AAE_NXZ,"__crt_stdio_output::output_processor<wchar_t,__crt_stdio_output::string_output_adapter<wchar_t>,__crt_stdio_output::positional_parameter_base<wchar_t,__crt_stdio_output::string_output_adapter<wchar_t> > >::type_case_X"
0x00445B3A,10,output.obj,0,?type_case_X@?$output_processor@_WV?$string_output_adapter@_W@__crt_stdio_output@@V?$standard_base@_WV?$string_output_adapter@_W@__crt_stdio_output@@@2@@__crt_stdio_output@@AAE_NXZ,"__crt_stdio_output::output_processor<wchar_t,__crt_stdio_output::string_output_adapter<wchar_t>,__crt_stdio_output::standard_base<wchar_t,__crt_stdio_output::string_output_adapter<wchar_t> > >::type_case_X"
0x00445B44,90,output.obj,0,?type_case_Z@?$output_processor@DV?$stream_output_adapter@D@__crt_stdio_output@@V?$format_validation_base@DV?$stream_output_adapter@D@__crt_stdio_output@@@2@@__crt_stdio_output@@AAE_NXZ,"__crt_stdio_output::output_processor<char,__crt_stdio_output::stream_output_adapter<char>,__crt_stdio_output::format_validation_base<char,__crt_stdio_output::stream_output_adapter<char> > >::type_case_Z"
0x00445B9E,116,output.obj,0,?type_case_Z@?$output_processor@DV?$stream_output_adapter@D@__crt_stdio_output@@V?$positional_parameter_base@DV?$stream_output_adapter@D@__crt_stdio_output@@@2@@__crt_stdio_output@@AAE_NXZ,"__crt_stdio_output::output_processor<char,__crt_stdio_output::stream_output_adapter<char>,__crt_stdio_output::positional_parameter_base<char,__crt_stdio_output::stream_output_adapter<char> > >::type_case_Z"
0x00445C12,90,output.obj,0,?type_case_Z@?$output_processor@DV?$stream_output_adapter@D@__crt_stdio_output@@V?$standard_base@DV?$stream_output_adapter@D@__crt_stdio_output@@@2@@__crt_stdio_output@@AAE_NXZ,"__crt_stdio_output::output_processor<char,__crt_stdio_output::stream_output_adapter<char>,__crt_stdio_output::standard_base<char,__crt_stdio_output::stream_output_adapter<char> > >::type_case_Z"
0x00445C6C,90,output.obj,0,?type_case_Z@?$output_processor@DV?$string_output_adapter@D@__crt_stdio_output@@V?$format_validation_base@DV?$string_output_adapter@D@__crt_stdio_output@@@2@@__crt_stdio_output@@AAE_NXZ,"__crt_stdio_output::output_processor<char,__crt_stdio_output::string_output_adapter<char>,__crt_stdio_output::format_validation_base<char,__crt_stdio_output::string_output_adapter<char> > >::type_case_Z"
0x00445CC6,116,output.obj,0,?type_case_Z@?$output_processor@DV?$string_output_adapter@D@__crt_stdio_output@@V?$positional_parameter_base@DV?$string_output_adapter@D@__crt_stdio_output@@@2@@__crt_stdio_output@@AAE_NXZ,"__crt_stdio_output::output_processor<char,__crt_stdio_output::string_output_adapter<char>,__crt_stdio_output::positional_parameter_base<char,__crt_stdio_output::string_output_adapter<char> > >::type_case_Z"
0x00445D3A,90,output.obj,0,?type_case_Z@?$output_processor@DV?$string_output_adapter@D@__crt_stdio_output@@V?$standard_base@DV?$string_output_adapter@D@__crt_stdio_output@@@2@@__crt_stdio_output@@AAE_NXZ,"__crt_stdio_output::output_processor<char,__crt_stdio_output::string_output_adapter<char>,__crt_stdio_output::standard_base<char,__crt_stdio_output::string_output_adapter<char> > >::type_case_Z"
0x00445D94,90,output.obj,0,?type_case_Z@?$output_processor@_WV?$stream_output_adapter@_W@__crt_stdio_output@@V?$format_validation_base@_WV?$stream_output_adapter@_W@__crt_stdio_output@@@2@@__crt_stdio_output@@AAE_NXZ,"__crt_stdio_output::output_processor<wchar_t,__crt_stdio_output::stream_output_adapter<wchar_t>,__crt_stdio_output::format_validation_base<wchar_t,__crt_stdio_output::stream_output_adapter<wchar_t> > >::type_case_Z"
0x00445DEE,116,output.obj,0,?type_case_Z@?$output_processor@_WV?$stream_output_adapter@_W@__crt_stdio_output@@V?$positional_parameter_base@_WV?$stream_output_adapter@_W@__crt_stdio_output@@@2@@__crt_stdio_output@@AAE_NXZ,"__crt_stdio_output::output_processor<wchar_t,__crt_stdio_output::stream_output_adapter<wchar_t>,__crt_stdio_output::positional_parameter_base<wchar_t,__crt_stdio_output::stream_output_adapter<wchar_t> > >::type_case_Z"
0x00445E62,90,output.obj,0,?type_case_Z@?$output_processor@_WV?$stream_output_adapter@_W@__crt_stdio_output@@V?$standard_base@_WV?$stream_output_adapter@_W@__crt_stdio_output@@@2@@__crt_stdio_output@@AAE_NXZ,"__crt_stdio_output::output_processor<wchar_t,__crt_stdio_output::stream_output_adapter<wchar_t>,__crt_stdio_output::standard_base<wchar_t,__crt_stdio_output::stream_output_adapter<wchar_t> > >::type_case_Z"
0x00445EBC,90,output.obj,0,?type_case_Z@?$output_processor@_WV?$string_output_adapter@_W@__crt_stdio_output@@V?$format_validation_base@_WV?$string_output_adapter@_W@__crt_stdio_output@@@2@@__crt_stdio_output@@AAE_NXZ,"__crt_stdio_output::output_processor<wchar_t,__crt_stdio_output::string_output_adapter<wchar_t>,__crt_stdio_output::format_validation_base<wchar_t,__crt_stdio_output::string_output_adapter<wchar_t> > >::type_case_Z"
0x00445F16,116,output.obj,0,?type_case_Z@?$output_processor@_WV?$string_output_adapter@_W@__crt_stdio_output@@V?$positional_parameter_base@_WV?$string_output_adapter@_W@__crt_stdio_output@@@2@@__crt_stdio_output@@AAE_NXZ,"__crt_stdio_output::output_processor<wchar_t,__crt_stdio_output::string_output_adapter<wchar_t>,__crt_stdio_output::positional_parameter_base<wchar_t,__crt_stdio_output::string_output_adapter<wchar_t> > >::type_case_Z"
0x00445F8A,90,output.obj,0,?type_case_Z@?$output_processor@_WV?$string_output_adapter@_W@__crt_stdio_output@@V?$standard_base@_WV?$string_output_adapter@_W@__crt_stdio_output@@@2@@__crt_stdio_output@@AAE_NXZ,"__crt_stdio_output::output_processor<wchar_t,__crt_stdio_output::string_output_adapter<wchar_t>,__crt_stdio_output::standard_base<wchar_t,__crt_stdio_output::string_output_adapter<wchar_t> > >::type_case_Z"
0x00445FE4,337,output.obj,0,?type_case_a@?$output_processor@DV?$stream_output_adapter@D@__crt_stdio_output@@V?$format_validation_base@DV?$stream_output_adapter@D@__crt_stdio_output@@@2@@__crt_stdio_output@@AAE_NXZ,"__crt_stdio_output::output_processor<char,__crt_stdio_output::stream_output_adapter<char>,__crt_stdio_output::format_validation_base<char,__crt_stdio_output::stream_output_adapter<char> > >::type_case_a"
0x00446135,381,output.obj,0,?type_case_a@?$output_processor@DV?$stream_output_adapter@D@__crt_stdio_output@@V?$positional_parameter_base@DV?$stream_output_adapter@D@__crt_stdio_output@@@2@@__crt_stdio_output@@AAE_NXZ,"__crt_stdio_output::output_processor<char,__crt_stdio_output::stream_output_adapter<char>,__crt_stdio_output::positional_parameter_base<char,__crt_stdio_output::stream_output_adapter<char> > >::type_case_a"
0x004462B2,337,output.obj,0,?type_case_a@?$output_processor@DV?$stream_output_adapter@D@__crt_stdio_output@@V?$standard_base@DV?$stream_output_adapter@D@__crt_stdio_output@@@2@@__crt_stdio_output@@AAE_NXZ,"__crt_stdio_output::output_processor<char,__crt_stdio_output::stream_output_adapter<char>,__crt_stdio_output::standard_base<char,__crt_stdio_output::stream_output_adapter<char> > >::type_case_a"
0x00446403,337,output.obj,0,?type_case_a@?$output_processor@DV?$string_output_adapter@D@__crt_stdio_output@@V?$format_validation_base@DV?$string_output_adapter@D@__crt_stdio_output@@@2@@__crt_stdio_output@@AAE_NXZ,"__crt_stdio_output::output_processor<char,__crt_stdio_output::string_output_adapter<char>,__crt_stdio_output::format_validation_base<char,__crt_stdio_output::string_output_adapter<char> > >::type_case_a"
0x00446554,381,output.obj,0,?type_case_a@?$output_processor@DV?$string_output_adapter@D@__crt_stdio_output@@V?$positional_parameter_base@DV?$string_output_adapter@D@__crt_stdio_output@@@2@@__crt_stdio_output@@AAE_NXZ,"__crt_stdio_output::output_processor<char,__crt_stdio_output::string_output_adapter<char>,__crt_stdio_output::positional_parameter_base<char,__crt_stdio_output::string_output_adapter<char> > >::type_case_a"
0x004466D1,337,output.obj,0,?type_case_a@?$output_processor@DV?$string_output_adapter@D@__crt_stdio_output@@V?$standard_base@DV?$string_output_adapter@D@__crt_stdio_output@@@2@@__crt_stdio_output@@AAE_NXZ,"__crt_stdio_output::output_processor<char,__crt_stdio_output::string_output_adapter<char>,__crt_stdio_output::standard_base<char,__crt_stdio_output::string_output_adapter<char> > >::type_case_a"
0x00446822,359,output.obj,0,?type_case_a@?$output_processor@_WV?$stream_output_adapter@_W@__crt_stdio_output@@V?$format_validation_base@_WV?$stream_output_adapter@_W@__crt_stdio_output@@@2@@__crt_stdio_output@@AAE_NXZ,"__crt_stdio_output::output_processor<wchar_t,__crt_stdio_output::stream_output_adapter<wchar_t>,__crt_stdio_output::format_validation_base<wchar_t,__crt_stdio_output::stream_output_adapter<wchar_t> > >::type_case_a"
0x00446989,403,output.obj,0,?type_case_a@?$output_processor@_WV?$stream_output_adapter@_W@__crt_stdio_output@@V?$positional_parameter_base@_WV?$stream_output_adapter@_W@__crt_stdio_output@@@2@@__crt_stdio_output@@AAE_NXZ,"__crt_stdio_output::output_processor<wchar_t,__crt_stdio_output::stream_output_adapter<wchar_t>,__crt_stdio_output::positional_parameter_base<wchar_t,__crt_stdio_output::stream_output_adapter<wchar_t> > >::type_case_a"
0x00446B1C,359,output.obj,0,?type_case_a@?$output_processor@_WV?$stream_output_adapter@_W@__crt_stdio_output@@V?$standard_base@_WV?$stream_output_adapter@_W@__crt_stdio_output@@@2@@__crt_stdio_output@@AAE_NXZ,"__crt_stdio_output::output_processor<wchar_t,__crt_stdio_output::stream_output_adapter<wchar_t>,__crt_stdio_output::standard_base<wchar_t,__crt_stdio_output::stream_output_adapter<wchar_t> > >::type_case_a"
0x00446C83,359,output.obj,0,?type_case_a@?$output_processor@_WV?$string_output_adapter@_W@__crt_stdio_output@@V?$format_validation_base@_WV?$string_output_adapter@_W@__crt_stdio_output@@@2@@__crt_stdio_output@@AAE_NXZ,"__crt_stdio_output::output_processor<wchar_t,__crt_stdio_output::string_output_adapter<wchar_t>,__crt_stdio_output::format_validation_base<wchar_t,__crt_stdio_output::string_output_adapter<wchar_t> > >::type_case_a"
0x00446DEA,403,output.obj,0,?type_case_a@?$output_processor@_WV?$string_output_adapter@_W@__crt_stdio_output@@V?$positional_parameter_base@_WV?$string_output_adapter@_W@__crt_stdio_output@@@2@@__crt_stdio_output@@AAE_NXZ,"__crt_stdio_output::output_processor<wchar_t,__crt_stdio_output::string_output_adapter<wchar_t>,__crt_stdio_output::positional_parameter_base<wchar_t,__crt_stdio_output::string_output_adapter<wchar_t> > >::type_case_a"
0x00446F7D,359,output.obj,0,?type_case_a@?$output_processor@_WV?$string_output_adapter@_W@__crt_stdio_output@@V?$standard_base@_WV?$string_output_adapter@_W@__crt_stdio_output@@@2@@__crt_stdio_output@@AAE_NXZ,"__crt_stdio_output::output_processor<wchar_t,__crt_stdio_output::string_output_adapter<wchar_t>,__crt_stdio_output::standard_base<wchar_t,__crt_stdio_output::string_output_adapter<wchar_t> > >::type_case_a"
0x004470E4,8,output.obj,0,?type_case_c@?$output_processor@DV?$stream_output_adapter@D@__crt_stdio_output@@V?$format_validation_base@DV?$stream_output_adapter@D@__crt_stdio_output@@@2@@__crt_stdio_output@@AAE_NXZ,"__crt_stdio_output::output_processor<char,__crt_stdio_output::stream_output_adapter<char>,__crt_stdio_output::format_validation_base<char,__crt_stdio_output::stream_output_adapter<char> > >::type_case_c"
0x004470EC,8,output.obj,0,?type_case_c@?$output_processor@DV?$stream_output_adapter@D@__crt_stdio_output@@V?$positional_parameter_base@DV?$stream_output_adapter@D@__crt_stdio_output@@@2@@__crt_stdio_output@@AAE_NXZ,"__crt_stdio_output::output_processor<char,__crt_stdio_output::stream_output_adapter<char>,__crt_stdio_output::positional_parameter_base<char,__crt_stdio_output::stream_output_adapter<char> > >::type_case_c"
0x004470F4,8,output.obj,0,?type_case_c@?$output_processor@DV?$stream_output_adapter@D@__crt_stdio_output@@V?$standard_base@DV?$stream_output_adapter@D@__crt_stdio_output@@@2@@__crt_stdio_output@@AAE_NXZ,"__crt_stdio_output::output_processor<char,__crt_stdio_output::stream_output_adapter<char>,__crt_stdio_output::standard_base<char,__crt_stdio_output::stream_output_adapter<char> > >::type_case_c"
0x004470FC,8,output.obj,0,?type_case_c@?$output_processor@DV?$string_output_adapter@D@__crt_stdio_output@@V?$format_validation_base@DV?$string_output_adapter@D@__crt_stdio_output@@@2@@__crt_stdio_output@@AAE_NXZ,"__crt_stdio_output::output_processor<char,__crt_stdio_output::string_output_adapter<char>,__crt_stdio_output::format_validation_base<char,__crt_stdio_output::string_output_adapter<char> > >::type_case_c"
0x00447104,8,output.obj,0,?type_case_c@?$output_processor@DV?$string_output_adapter@D@__crt_stdio_output@@V?$positional_parameter_base@DV?$string_output_adapter@D@__crt_stdio_output@@@2@@__crt_stdio_output@@AAE_NXZ,"__crt_stdio_output::output_processor<char,__crt_stdio_output::string_output_adapter<char>,__crt_stdio_output::positional_parameter_base<char,__crt_stdio_output::string_output_adapter<char> > >::type_case_c"
0x0044710C,8,output.obj,0,?type_case_c@?$output_processor@DV?$string_output_adapter@D@__crt_stdio_output@@V?$standard_base@DV?$string_output_adapter@D@__crt_stdio_output@@@2@@__crt_stdio_output@@AAE_NXZ,"__crt_stdio_output::output_processor<char,__crt_stdio_output::string_output_adapter<char>,__crt_stdio_output::standard_base<char,__crt_stdio_output::string_output_adapter<char> > >::type_case_c"
0x00447114,8,output.obj,0,?type_case_c@?$output_processor@_WV?$stream_output_adapter@_W@__crt_stdio_output@@V?$format_validation_base@_WV?$stream_output_adapter@_W@__crt_stdio_output@@@2@@__crt_stdio_output@@AAE_NXZ,"__crt_stdio_output::output_processor<wchar_t,__crt_stdio_output::stream_output_adapter<wchar_t>,__crt_stdio_output::format_validation_base<wchar_t,__crt_stdio_output::stream_output_adapter<wchar_t> > >::type_case_c"
0x0044711C,8,output.obj,0,?type_case_c@?$output_processor@_WV?$stream_output_adapter@_W@__crt_stdio_output@@V?$positional_parameter_base@_WV?$stream_output_adapter@_W@__crt_stdio_output@@@2@@__crt_stdio_output@@AAE_NXZ,"__crt_stdio_output::output_processor<wchar_t,__crt_stdio_output::stream_output_adapter<wchar_t>,__crt_stdio_output::positional_parameter_base<wchar_t,__crt_stdio_output::stream_output_adapter<wchar_t> > >::type_case_c"
0x00447124,8,output.obj,0,?type_case_c@?$output_processor@_WV?$stream_output_adapter@_W@__crt_stdio_output@@V?$standard_base@_WV?$stream_output_adapter@_W@__crt_stdio_output@@@2@@__crt_stdio_output@@AAE_NXZ,"__crt_stdio_output::output_processor<wchar_t,__crt_stdio_output::stream_output_adapter<wchar_t>,__crt_stdio_output::standard_base<wchar_t,__crt_stdio_output::stream_output_adapter<wchar_t> > >::type_case_c"
0x0044712C,8,output.obj,0,?type_case_c@?$output_processor@_WV?$string_output_adapter@_W@__crt_stdio_output@@V?$format_validation_base@_WV?$string_output_adapter@_W@__crt_stdio_output@@@2@@__crt_stdio_output@@AAE_NXZ,"__crt_stdio_output::output_processor<wchar_t,__crt_stdio_output::string_output_adapter<wchar_t>,__crt_stdio_output::format_validation_base<wchar_t,__crt_stdio_output::string_output_adapter<wchar_t> > >::type_case_c"
0x00447134,8,output.obj,0,?type_case_c@?$output_processor@_WV?$string_output_adapter@_W@__crt_stdio_output@@V?$positional_parameter_base@_WV?$string_output_adapter@_W@__crt_stdio_output@@@2@@__crt_stdio_output@@AAE_NXZ,"__crt_stdio_output::output_processor<wchar_t,__crt_stdio_output::string_output_adapter<wchar_t>,__crt_stdio_output::positional_parameter_base<wchar_t,__crt_stdio_output::string_output_adapter<wchar_t> > >::type_case_c"
0x0044713C,8,output.obj,0,?type_case_c@?$output_processor@_WV?$string_output_adapter@_W@__crt_stdio_output@@V?$standard_base@_WV?$string_output_adapter@_W@__crt_stdio_output@@@2@@__crt_stdio_output@@AAE_NXZ,"__crt_stdio_output::output_processor<wchar_t,__crt_stdio_output::string_output_adapter<wchar_t>,__crt_stdio_output::standard_base<wchar_t,__crt_stdio_output::string_output_adapter<wchar_t> > >::type_case_c"
0x00447144,147,output.obj,0,?type_case_c_tchar@?$output_processor@DV?$stream_output_adapter@D@__crt_stdio_output@@V?$format_validation_base@DV?$stream_output_adapter@D@__crt_stdio_output@@@2@@__crt_stdio_output@@AAE_ND@Z,"__crt_stdio_output::output_processor<char,__crt_stdio_output::stream_output_adapter<char>,__crt_stdio_output::format_validation_base<char,__crt_stdio_output::stream_output_adapter<char> > >::type_case_c_tchar"
0x004471D7,193,output.obj,0,?type_case_c_tchar@?$output_processor@DV?$stream_output_adapter@D@__crt_stdio_output@@V?$positional_parameter_base@DV?$stream_output_adapter@D@__crt_stdio_output@@@2@@__crt_stdio_output@@AAE_ND@Z,"__crt_stdio_output::output_processor<char,__crt_stdio_output::stream_output_adapter<char>,__crt_stdio_output::positional_parameter_base<char,__crt_stdio_output::stream_output_adapter<char> > >::type_case_c_tchar"
0x00447298,147,output.obj,0,?type_case_c_tchar@?$output_processor@DV?$stream_output_adapter@D@__crt_stdio_output@@V?$standard_base@DV?$stream_output_adapter@D@__crt_stdio_output@@@2@@__crt_stdio_output@@AAE_ND@Z,"__crt_stdio_output::output_processor<char,__crt_stdio_output::stream_output_adapter<char>,__crt_stdio_output::standard_base<char,__crt_stdio_output::stream_output_adapter<char> > >::type_case_c_tchar"
0x0044732B,147,output.obj,0,?type_case_c_tchar@?$output_processor@DV?$string_output_adapter@D@__crt_stdio_output@@V?$format_validation_base@DV?$string_output_adapter@D@__crt_stdio_output@@@2@@__crt_stdio_output@@AAE_ND@Z,"__crt_stdio_output::output_processor<char,__crt_stdio_output::string_output_adapter<char>,__crt_stdio_output::format_validation_base<char,__crt_stdio_output::string_output_adapter<char> > >::type_case_c_tchar"
0x004473BE,193,output.obj,0,?type_case_c_tchar@?$output_processor@DV?$string_output_adapter@D@__crt_stdio_output@@V?$positional_parameter_base@DV?$string_output_adapter@D@__crt_stdio_output@@@2@@__crt_stdio_output@@AAE_ND@Z,"__crt_stdio_output::output_processor<char,__crt_stdio_output::string_output_adapter<char>,__crt_stdio_output::positional_parameter_base<char,__crt_stdio_output::string_output_adapter<char> > >::type_case_c_tchar"
0x0044747F,147,output.obj,0,?type_case_c_tchar@?$output_processor@DV?$string_output_adapter@D@__crt_stdio_output@@V?$standard_base@DV?$string_output_adapter@D@__crt_stdio_output@@@2@@__crt_stdio_output@@AAE_ND@Z,"__crt_stdio_output::output_processor<char,__crt_stdio_output::string_output_adapter<char>,__crt_stdio_output::standard_base<char,__crt_stdio_output::string_output_adapter<char> > >::type_case_c_tchar"
0x00447512,150,output.obj,0,?type_case_c_tchar@?$output_processor@_WV?$stream_output_adapter@_W@__crt_stdio_output@@V?$format_validation_base@_WV?$stream_output_adapter@_W@__crt_stdio_output@@@2@@__crt_stdio_output@@AAE_N_W@Z,"__crt_stdio_output::output_processor<wchar_t,__crt_stdio_output::stream_output_adapter<wchar_t>,__crt_stdio_output::format_validation_base<wchar_t,__crt_stdio_output::stream_output_adapter<wchar_t> > >::type_case_c_tchar"
0x004475A8,173,output.obj,0,?type_case_c_tchar@?$output_processor@_WV?$stream_output_adapter@_W@__crt_stdio_output@@V?$positional_parameter_base@_WV?$stream_output_adapter@_W@__crt_stdio_output@@@2@@__crt_stdio_output@@AAE_N_W@Z,"__crt_stdio_output::output_processor<wchar_t,__crt_stdio_output::stream_output_adapter<wchar_t>,__crt_stdio_output::positional_parameter_base<wchar_t,__crt_stdio_output::stream_output_adapter<wchar_t> > >::type_case_c_tchar"
0x00447655,150,output.obj,0,?type_case_c_tchar@?$output_processor@_WV?$stream_output_adapter@_W@__crt_stdio_output@@V?$standard_base@_WV?$stream_output_adapter@_W@__crt_stdio_output@@@2@@__crt_stdio_output@@AAE_N_W@Z,"__crt_stdio_output::output_processor<wchar_t,__crt_stdio_output::stream_output_adapter<wchar_t>,__crt_stdio_output::standard_base<wchar_t,__crt_stdio_output::stream_output_adapter<wchar_t> > >::type_case_c_tchar"
0x004476EB,150,output.obj,0,?type_case_c_tchar@?$output_processor@_WV?$string_output_adapter@_W@__crt_stdio_output@@V?$format_validation_base@_WV?$string_output_adapter@_W@__crt_stdio_output@@@2@@__crt_stdio_output@@AAE_N_W@Z,"__crt_stdio_output::output_processor<wchar_t,__crt_stdio_output::string_output_adapter<wchar_t>,__crt_stdio_output::format_validation_base<wchar_t,__crt_stdio_output::string_output_adapter<wchar_t> > >::type_case_c_tchar"
0x00447781,173,output.obj,0,?type_case_c_tchar@?$output_processor@_WV?$string_output_adapter@_W@__crt_stdio_output@@V?$positional_parameter_base@_WV?$string_output_adapter@_W@__crt_stdio_output@@@2@@__crt_stdio_output@@AAE_N_W@Z,"__crt_stdio_output::output_processor<wchar_t,__crt_stdio_output::string_output_adapter<wchar_t>,__crt_stdio_output::positional_parameter_base<wchar_t,__crt_stdio_output::string_output_adapter<wchar_t> > >::type_case_c_tchar"
0x0044782E,150,output.obj,0,?type_case_c_tchar@?$output_processor@_WV?$string_output_adapter@_W@__crt_stdio_output@@V?$standard_base@_WV?$string_output_adapter@_W@__crt_stdio_output@@@2@@__crt_stdio_output@@AAE_N_W@Z,"__crt_stdio_output::output_processor<wchar_t,__crt_stdio_output::string_output_adapter<wchar_t>,__crt_stdio_output::standard_base<wchar_t,__crt_stdio_output::string_output_adapter<wchar_t> > >::type_case_c_tchar"
0x004478C4,14,output.obj,0,?type_case_d@?$output_processor@DV?$stream_output_adapter@D@__crt_stdio_output@@V?$format_validation_base@DV?$stream_output_adapter@D@__crt_stdio_output@@@2@@__crt_stdio_output@@AAE_NXZ,"__crt_stdio_output::output_processor<char,__crt_stdio_output::stream_output_adapter<char>,__crt_stdio_output::format_validation_base<char,__crt_stdio_output::stream_output_adapter<char> > >::type_case_d"
0x004478D2,14,output.obj,0,?type_case_d@?$output_processor@DV?$stream_output_adapter@D@__crt_stdio_output@@V?$positional_parameter_base@DV?$stream_output_adapter@D@__crt_stdio_output@@@2@@__crt_stdio_output@@AAE_NXZ,"__crt_stdio_output::output_processor<char,__crt_stdio_output::stream_output_adapter<char>,__crt_stdio_output::positional_parameter_base<char,__crt_stdio_output::stream_output_adapter<char> > >::type_case_d"
0x004478E0,14,output.obj,0,?type_case_d@?$output_processor@DV?$stream_output_adapter@D@__crt_stdio_output@@V?$standard_base@DV?$stream_output_adapter@D@__crt_stdio_output@@@2@@__crt_stdio_output@@AAE_NXZ,"__crt_stdio_output::output_processor<char,__crt_stdio_output::stream_output_adapter<char>,__crt_stdio_output::standard_base<char,__crt_stdio_output::stream_output_adapter<char> > >::type_case_d"
0x004478EE,14,output.obj,0,?type_case_d@?$output_processor@DV?$string_output_adapter@D@__crt_stdio_output@@V?$format_validation_base@DV?$string_output_adapter@D@__crt_stdio_output@@@2@@__crt_stdio_output@@AAE_NXZ,"__crt_stdio_output::output_processor<char,__crt_stdio_output::string_output_adapter<char>,__crt_stdio_output::format_validation_base<char,__crt_stdio_output::string_output_adapter<char> > >::type_case_d"
0x004478FC,14,output.obj,0,?type_case_d@?$output_processor@DV?$string_output_adapter@D@__crt_stdio_output@@V?$positional_parameter_base@DV?$string_output_adapter@D@__crt_stdio_output@@@2@@__crt_stdio_output@@AAE_NXZ,"__crt_stdio_output::output_processor<char,__crt_stdio_output::string_output_adapter<char>,__crt_stdio_output::positional_parameter_base<char,__crt_stdio_output::string_output_adapter<char> > >::type_case_d"
0x0044790A,14,output.obj,0,?type_case_d@?$output_processor@DV?$string_output_adapter@D@__crt_stdio_output@@V?$standard_base@DV?$string_output_adapter@D@__crt_stdio_output@@@2@@__crt_stdio_output@@AAE_NXZ,"__crt_stdio_output::output_processor<char,__crt_stdio_output::string_output_adapter<char>,__crt_stdio_output::standard_base<char,__crt_stdio_output::string_output_adapter<char> > >::type_case_d"
0x00447918,14,output.obj,0,?type_case_d@?$output_processor@_WV?$stream_output_adapter@_W@__crt_stdio_output@@V?$format_validation_base@_WV?$stream_output_adapter@_W@__crt_stdio_output@@@2@@__crt_stdio_output@@AAE_NXZ,"__crt_stdio_output::output_processor<wchar_t,__crt_stdio_output::stream_output_adapter<wchar_t>,__crt_stdio_output::format_validation_base<wchar_t,__crt_stdio_output::stream_output_adapter<wchar_t> > >::type_case_d"
0x00447926,14,output.obj,0,?type_case_d@?$output_processor@_WV?$stream_output_adapter@_W@__crt_stdio_output@@V?$positional_parameter_base@_WV?$stream_output_adapter@_W@__crt_stdio_output@@@2@@__crt_stdio_output@@AAE_NXZ,"__crt_stdio_output::output_processor<wchar_t,__crt_stdio_output::stream_output_adapter<wchar_t>,__crt_stdio_output::positional_parameter_base<wchar_t,__crt_stdio_output::stream_output_adapter<wchar_t> > >::type_case_d"
0x00447934,14,output.obj,0,?type_case_d@?$output_processor@_WV?$stream_output_adapter@_W@__crt_stdio_output@@V?$standard_base@_WV?$stream_output_adapter@_W@__crt_stdio_output@@@2@@__crt_stdio_output@@AAE_NXZ,"__crt_stdio_output::output_processor<wchar_t,__crt_stdio_output::stream_output_adapter<wchar_t>,__crt_stdio_output::standard_base<wchar_t,__crt_stdio_output::stream_output_adapter<wchar_t> > >::type_case_d"
0x00447942,14,output.obj,0,?type_case_d@?$output_processor@_WV?$string_output_adapter@_W@__crt_stdio_output@@V?$format_validation_base@_WV?$string_output_adapter@_W@__crt_stdio_output@@@2@@__crt_stdio_output@@AAE_NXZ,"__crt_stdio_output::output_processor<wchar_t,__crt_stdio_output::string_output_adapter<wchar_t>,__crt_stdio_output::format_validation_base<wchar_t,__crt_stdio_output::string_output_adapter<wchar_t> > >::type_case_d"
0x00447950,14,output.obj,0,?type_case_d@?$output_processor@_WV?$string_output_adapter@_W@__crt_stdio_output@@V?$positional_parameter_base@_WV?$string_output_adapter@_W@__crt_stdio_output@@@2@@__crt_stdio_output@@AAE_NXZ,"__crt_stdio_output::output_processor<wchar_t,__crt_stdio_output::string_output_adapter<wchar_t>,__crt_stdio_output::positional_parameter_base<wchar_t,__crt_stdio_output::string_output_adapter<wchar_t> > >::type_case_d"
0x0044795E,14,output.obj,0,?type_case_d@?$output_processor@_WV?$string_output_adapter@_W@__crt_stdio_output@@V?$standard_base@_WV?$string_output_adapter@_W@__crt_stdio_output@@@2@@__crt_stdio_output@@AAE_NXZ,"__crt_stdio_output::output_processor<wchar_t,__crt_stdio_output::string_output_adapter<wchar_t>,__crt_stdio_output::standard_base<wchar_t,__crt_stdio_output::string_output_adapter<wchar_t> > >::type_case_d"
0x0044796C,337,output.obj,0,?type_case_integer@?$output_processor@DV?$stream_output_adapter@D@__crt_stdio_output@@V?$format_validation_base@DV?$stream_output_adapter@D@__crt_stdio_output@@@2@@__crt_stdio_output@@AAE_NI_N@Z,"__crt_stdio_output::output_processor<char,__crt_stdio_output::stream_output_adapter<char>,__crt_stdio_output::format_validation_base<char,__crt_stdio_output::stream_output_adapter<char> > >::type_case_integer"
0x00447ABD,385,output.obj,0,?type_case_integer@?$output_processor@DV?$stream_output_adapter@D@__crt_stdio_output@@V?$positional_parameter_base@DV?$stream_output_adapter@D@__crt_stdio_output@@@2@@__crt_stdio_output@@AAE_NI_N@Z,"__crt_stdio_output::output_processor<char,__crt_stdio_output::stream_output_adapter<char>,__crt_stdio_output::positional_parameter_base<char,__crt_stdio_output::stream_output_adapter<char> > >::type_case_integer"
0x00447C3E,337,output.obj,0,?type_case_integer@?$output_processor@DV?$stream_output_adapter@D@__crt_stdio_output@@V?$standard_base@DV?$stream_output_adapter@D@__crt_stdio_output@@@2@@__crt_stdio_output@@AAE_NI_N@Z,"__crt_stdio_output::output_processor<char,__crt_stdio_output::stream_output_adapter<char>,__crt_stdio_output::standard_base<char,__crt_stdio_output::stream_output_adapter<char> > >::type_case_integer"
0x00447D8F,337,output.obj,0,?type_case_integer@?$output_processor@DV?$string_output_adapter@D@__crt_stdio_output@@V?$format_validation_base@DV?$string_output_adapter@D@__crt_stdio_output@@@2@@__crt_stdio_output@@AAE_NI_N@Z,"__crt_stdio_output::output_processor<char,__crt_stdio_output::string_output_adapter<char>,__crt_stdio_output::format_validation_base<char,__crt_stdio_output::string_output_adapter<char> > >::type_case_integer"
0x00447EE0,385,output.obj,0,?type_case_integer@?$output_processor@DV?$string_output_adapter@D@__crt_stdio_output@@V?$positional_parameter_base@DV?$string_output_adapter@D@__crt_stdio_output@@@2@@__crt_stdio_output@@AAE_NI_N@Z,"__crt_stdio_output::output_processor<char,__crt_stdio_output::string_output_adapter<char>,__crt_stdio_output::positional_parameter_base<char,__crt_stdio_output::string_output_adapter<char> > >::type_case_integer"
0x00448061,337,output.obj,0,?type_case_integer@?$output_processor@DV?$string_output_adapter@D@__crt_stdio_output@@V?$standard_base@DV?$string_output_adapter@D@__crt_stdio_output@@@2@@__crt_stdio_output@@AAE_NI_N@Z,"__crt_stdio_output::output_processor<char,__crt_stdio_output::string_output_adapter<char>,__crt_stdio_output::standard_base<char,__crt_stdio_output::string_output_adapter<char> > >::type_case_integer"
0x004481B2,341,output.obj,0,?type_case_integer@?$output_processor@_WV?$stream_output_adapter@_W@__crt_stdio_output@@V?$format_validation_base@_WV?$stream_output_adapter@_W@__crt_stdio_output@@@2@@__crt_stdio_output@@AAE_NI_N@Z,"__crt_stdio_output::output_processor<wchar_t,__crt_stdio_output::stream_output_adapter<wchar_t>,__crt_stdio_output::format_validation_base<wchar_t,__crt_stdio_output::stream_output_adapter<wchar_t> > >::type_case_integer"
0x00448307,389,output.obj,0,?type_case_integer@?$output_processor@_WV?$stream_output_adapter@_W@__crt_stdio_output@@V?$positional_parameter_base@_WV?$stream_output_adapter@_W@__crt_stdio_output@@@2@@__crt_stdio_output@@AAE_NI_N@Z,"__crt_stdio_output::output_processor<wchar_t,__crt_stdio_output::stream_output_adapter<wchar_t>,__crt_stdio_output::positional_parameter_base<wchar_t,__crt_stdio_output::stream_output_adapter<wchar_t> > >::type_case_integer"
0x0044848C,341,output.obj,0,?type_case_integer@?$output_processor@_WV?$stream_output_adapter@_W@__crt_stdio_output@@V?$standard_base@_WV?$stream_output_adapter@_W@__crt_stdio_output@@@2@@__crt_stdio_output@@AAE_NI_N@Z,"__crt_stdio_output::output_processor<wchar_t,__crt_stdio_output::stream_output_adapter<wchar_t>,__crt_stdio_output::standard_base<wchar_t,__crt_stdio_output::stream_output_adapter<wchar_t> > >::type_case_integer"
0x004485E1,341,output.obj,0,?type_case_integer@?$output_processor@_WV?$string_output_adapter@_W@__crt_stdio_output@@V?$format_validation_base@_WV?$string_output_adapter@_W@__crt_stdio_output@@@2@@__crt_stdio_output@@AAE_NI_N@Z,"__crt_stdio_output::output_processor<wchar_t,__crt_stdio_output::string_output_adapter<wchar_t>,__crt_stdio_output::format_validation_base<wchar_t,__crt_stdio_output::string_output_adapter<wchar_t> > >::type_case_integer"
0x00448736,389,output.obj,0,?type_case_integer@?$output_processor@_WV?$string_output_adapter@_W@__crt_stdio_output@@V?$positional_parameter_base@_WV?$string_output_adapter@_W@__crt_stdio_output@@@2@@__crt_stdio_output@@AAE_NI_N@Z,"__crt_stdio_output::output_processor<wchar_t,__crt_stdio_output::string_output_adapter<wchar_t>,__crt_stdio_output::positional_parameter_base<wchar_t,__crt_stdio_output::string_output_adapter<wchar_t> > >::type_case_integer"
0x004488BB,341,output.obj,0,?type_case_integer@?$output_processor@_WV?$string_output_adapter@_W@__crt_stdio_output@@V?$standard_base@_WV?$string_output_adapter@_W@__crt_stdio_output@@@2@@__crt_stdio_output@@AAE_NI_N@Z,"__crt_stdio_output::output_processor<wchar_t,__crt_stdio_output::string_output_adapter<wchar_t>,__crt_stdio_output::standard_base<wchar_t,__crt_stdio_output::string_output_adapter<wchar_t> > >::type_case_integer"
0x00448A10,116,output.obj,0,?type_case_n@?$output_processor@DV?$stream_output_adapter@D@__crt_stdio_output@@V?$format_validation_base@DV?$stream_output_adapter@D@__crt_stdio_output@@@2@@__crt_stdio_output@@AAE_NXZ,"__crt_stdio_output::output_processor<char,__crt_stdio_output::stream_output_adapter<char>,__crt_stdio_output::format_validation_base<char,__crt_stdio_output::stream_output_adapter<char> > >::type_case_n"
0x00448A84,151,output.obj,0,?type_case_n@?$output_processor@DV?$stream_output_adapter@D@__crt_stdio_output@@V?$positional_parameter_base@DV?$stream_output_adapter@D@__crt_stdio_output@@@2@@__crt_stdio_output@@AAE_NXZ,"__crt_stdio_output::output_processor<char,__crt_stdio_output::stream_output_adapter<char>,__crt_stdio_output::positional_parameter_base<char,__crt_stdio_output::stream_output_adapter<char> > >::type_case_n"
0x00448B1B,116,output.obj,0,?type_case_n@?$output_processor@DV?$stream_output_adapter@D@__crt_stdio_output@@V?$standard_base@DV?$stream_output_adapter@D@__crt_stdio_output@@@2@@__crt_stdio_output@@AAE_NXZ,"__crt_stdio_output::output_processor<char,__crt_stdio_output::stream_output_adapter<char>,__crt_stdio_output::standard_base<char,__crt_stdio_output::stream_output_adapter<char> > >::type_case_n"
0x00448B8F,116,output.obj,0,?type_case_n@?$output_processor@DV?$string_output_adapter@D@__crt_stdio_output@@V?$format_validation_base@DV?$string_output_adapter@D@__crt_stdio_output@@@2@@__crt_stdio_output@@AAE_NXZ,"__crt_stdio_output::output_processor<char,__crt_stdio_output::string_output_adapter<char>,__crt_stdio_output::format_validation_base<char,__crt_stdio_output::string_output_adapter<char> > >::type_case_n"
0x00448C03,151,output.obj,0,?type_case_n@?$output_processor@DV?$string_output_adapter@D@__crt_stdio_output@@V?$positional_parameter_base@DV?$string_output_adapter@D@__crt_stdio_output@@@2@@__crt_stdio_output@@AAE_NXZ,"__crt_stdio_output::output_processor<char,__crt_stdio_output::string_output_adapter<char>,__crt_stdio_output::positional_parameter_base<char,__crt_stdio_output::string_output_adapter<char> > >::type_case_n"
0x00448C9A,116,output.obj,0,?type_case_n@?$output_processor@DV?$string_output_adapter@D@__crt_stdio_output@@V?$standard_base@DV?$string_output_adapter@D@__crt_stdio_output@@@2@@__crt_stdio_output@@AAE_NXZ,"__crt_stdio_output::output_processor<char,__crt_stdio_output::string_output_adapter<char>,__crt_stdio_output::standard_base<char,__crt_stdio_output::string_output_adapter<char> > >::type_case_n"
0x00448D0E,116,output.obj,0,?type_case_n@?$output_processor@_WV?$stream_output_adapter@_W@__crt_stdio_output@@V?$format_validation_base@_WV?$stream_output_adapter@_W@__crt_stdio_output@@@2@@__crt_stdio_output@@AAE_NXZ,"__crt_stdio_output::output_processor<wchar_t,__crt_stdio_output::stream_output_adapter<wchar_t>,__crt_stdio_output::format_validation_base<wchar_t,__crt_stdio_output::stream_output_adapter<wchar_t> > >::type_case_n"
0x00448D82,151,output.obj,0,?type_case_n@?$output_processor@_WV?$stream_output_adapter@_W@__crt_stdio_output@@V?$positional_parameter_base@_WV?$stream_output_adapter@_W@__crt_stdio_output@@@2@@__crt_stdio_output@@AAE_NXZ,"__crt_stdio_output::output_processor<wchar_t,__crt_stdio_output::stream_output_adapter<wchar_t>,__crt_stdio_output::positional_parameter_base<wchar_t,__crt_stdio_output::stream_output_adapter<wchar_t> > >::type_case_n"
0x00448E19,116,output.obj,0,?type_case_n@?$output_processor@_WV?$stream_output_adapter@_W@__crt_stdio_output@@V?$standard_base@_WV?$stream_output_adapter@_W@__crt_stdio_output@@@2@@__crt_stdio_output@@AAE_NXZ,"__crt_stdio_output::output_processor<wchar_t,__crt_stdio_output::stream_output_adapter<wchar_t>,__crt_stdio_output::standard_base<wchar_t,__crt_stdio_output::stream_output_adapter<wchar_t> > >::type_case_n"
0x00448E8D,116,output.obj,0,?type_case_n@?$output_processor@_WV?$string_output_adapter@_W@__crt_stdio_output@@V?$format_validation_base@_WV?$string_output_adapter@_W@__crt_stdio_output@@@2@@__crt_stdio_output@@AAE_NXZ,"__crt_stdio_output::output_processor<wchar_t,__crt_stdio_output::string_output_adapter<wchar_t>,__crt_stdio_output::format_validation_base<wchar_t,__crt_stdio_output::string_output_adapter<wchar_t> > >::type_case_n"
0x00448F01,151,output.obj,0,?type_case_n@?$output_processor@_WV?$string_output_adapter@_W@__crt_stdio_output@@V?$positional_parameter_base@_WV?$string_output_adapter@_W@__crt_stdio_output@@@2@@__crt_stdio_output@@AAE_NXZ,"__crt_stdio_output::output_processor<wchar_t,__crt_stdio_output::string_output_adapter<wchar_t>,__crt_stdio_output::positional_parameter_base<wchar_t,__crt_stdio_output::string_output_adapter<wchar_t> > >::type_case_n"
0x00448F98,116,output.obj,0,?type_case_n@?$output_processor@_WV?$string_output_adapter@_W@__crt_stdio_output@@V?$standard_base@_WV?$string_output_adapter@_W@__crt_stdio_output@@@2@@__crt_stdio_output@@AAE_NXZ,"__crt_stdio_output::output_processor<wchar_t,__crt_stdio_output::string_output_adapter<wchar_t>,__crt_stdio_output::standard_base<wchar_t,__crt_stdio_output::string_output_adapter<wchar_t> > >::type_case_n"
0x0044900C,31,output.obj,0,?type_case_o@?$output_processor@DV?$stream_output_adapter@D@__crt_stdio_output@@V?$format_validation_base@DV?$stream_output_adapter@D@__crt_stdio_output@@@2@@__crt_stdio_output@@AAE_NXZ,"__crt_stdio_output::output_processor<char,__crt_stdio_output::stream_output_adapter<char>,__crt_stdio_output::format_validation_base<char,__crt_stdio_output::stream_output_adapter<char> > >::type_case_o"
0x0044902B,31,output.obj,0,?type_case_o@?$output_processor@DV?$stream_output_adapter@D@__crt_stdio_output@@V?$positional_parameter_base@DV?$stream_output_adapter@D@__crt_stdio_output@@@2@@__crt_stdio_output@@AAE_NXZ,"__crt_stdio_output::output_processor<char,__crt_stdio_output::stream_output_adapter<char>,__crt_stdio_output::positional_parameter_base<char,__crt_stdio_output::stream_output_adapter<char> > >::type_case_o"
0x0044904A,31,output.obj,0,?type_case_o@?$output_processor@DV?$stream_output_adapter@D@__crt_stdio_output@@V?$standard_base@DV?$stream_output_adapter@D@__crt_stdio_output@@@2@@__crt_stdio_output@@AAE_NXZ,"__crt_stdio_output::output_processor<char,__crt_stdio_output::stream_output_adapter<char>,__crt_stdio_output::standard_base<char,__crt_stdio_output::stream_output_adapter<char> > >::type_case_o"
0x00449069,31,output.obj,0,?type_case_o@?$output_processor@DV?$string_output_adapter@D@__crt_stdio_output@@V?$format_validation_base@DV?$string_output_adapter@D@__crt_stdio_output@@@2@@__crt_stdio_output@@AAE_NXZ,"__crt_stdio_output::output_processor<char,__crt_stdio_output::string_output_adapter<char>,__crt_stdio_output::format_validation_base<char,__crt_stdio_output::string_output_adapter<char> > >::type_case_o"
0x00449088,31,output.obj,0,?type_case_o@?$output_processor@DV?$string_output_adapter@D@__crt_stdio_output@@V?$positional_parameter_base@DV?$string_output_adapter@D@__crt_stdio_output@@@2@@__crt_stdio_output@@AAE_NXZ,"__crt_stdio_output::output_processor<char,__crt_stdio_output::string_output_adapter<char>,__crt_stdio_output::positional_parameter_base<char,__crt_stdio_output::string_output_adapter<char> > >::type_case_o"
0x004490A7,31,output.obj,0,?type_case_o@?$output_processor@DV?$string_output_adapter@D@__crt_stdio_output@@V?$standard_base@DV?$string_output_adapter@D@__crt_stdio_output@@@2@@__crt_stdio_output@@AAE_NXZ,"__crt_stdio_output::output_processor<char,__crt_stdio_output::string_output_adapter<char>,__crt_stdio_output::standard_base<char,__crt_stdio_output::string_output_adapter<char> > >::type_case_o"
0x004490C6,31,output.obj,0,?type_case_o@?$output_processor@_WV?$stream_output_adapter@_W@__crt_stdio_output@@V?$format_validation_base@_WV?$stream_output_adapter@_W@__crt_stdio_output@@@2@@__crt_stdio_output@@AAE_NXZ,"__crt_stdio_output::output_processor<wchar_t,__crt_stdio_output::stream_output_adapter<wchar_t>,__crt_stdio_output::format_validation_base<wchar_t,__crt_stdio_output::stream_output_adapter<wchar_t> > >::type_case_o"
0x004490E5,31,output.obj,0,?type_case_o@?$output_processor@_WV?$stream_output_adapter@_W@__crt_stdio_output@@V?$positional_parameter_base@_WV?$stream_output_adapter@_W@__crt_stdio_output@@@2@@__crt_stdio_output@@AAE_NXZ,"__crt_stdio_output::output_processor<wchar_t,__crt_stdio_output::stream_output_adapter<wchar_t>,__crt_stdio_output::positional_parameter_base<wchar_t,__crt_stdio_output::stream_output_adapter<wchar_t> > >::type_case_o"
0x00449104,31,output.obj,0,?type_case_o@?$output_processor@_WV?$stream_output_adapter@_W@__crt_stdio_output@@V?$standard_base@_WV?$stream_output_adapter@_W@__crt_stdio_output@@@2@@__crt_stdio_output@@AAE_NXZ,"__crt_stdio_output::output_processor<wchar_t,__crt_stdio_output::stream_output_adapter<wchar_t>,__crt_stdio_output::standard_base<wchar_t,__crt_stdio_output::stream_output_adapter<wchar_t> > >::type_case_o"
0x00449123,31,output.obj,0,?type_case_o@?$output_processor@_WV?$string_output_adapter@_W@__crt_stdio_output@@V?$format_validation_base@_WV?$string_output_adapter@_W@__crt_stdio_output@@@2@@__crt_stdio_output@@AAE_NXZ,"__crt_stdio_output::output_processor<wchar_t,__crt_stdio_output::string_output_adapter<wchar_t>,__crt_stdio_output::format_validation_base<wchar_t,__crt_stdio_output::string_output_adapter<wchar_t> > >::type_case_o"
0x00449142,31,output.obj,0,?type_case_o@?$output_processor@_WV?$string_output_adapter@_W@__crt_stdio_output@@V?$positional_parameter_base@_WV?$string_output_adapter@_W@__crt_stdio_output@@@2@@__crt_stdio_output@@AAE_NXZ,"__crt_stdio_output::output_processor<wchar_t,__crt_stdio_output::string_output_adapter<wchar_t>,__crt_stdio_output::positional_parameter_base<wchar_t,__crt_stdio_output::string_output_adapter<wchar_t> > >::type_case_o"
0x00449161,31,output.obj,0,?type_case_o@?$output_processor@_WV?$string_output_adapter@_W@__crt_stdio_output@@V?$standard_base@_WV?$string_output_adapter@_W@__crt_stdio_output@@@2@@__crt_stdio_output@@AAE_NXZ,"__crt_stdio_output::output_processor<wchar_t,__crt_stdio_output::string_output_adapter<wchar_t>,__crt_stdio_output::standard_base<wchar_t,__crt_stdio_output::string_output_adapter<wchar_t> > >::type_case_o"
0x00449180,24,output.obj,0,?type_case_p@?$output_processor@DV?$stream_output_adapter@D@__crt_stdio_output@@V?$format_validation_base@DV?$stream_output_adapter@D@__crt_stdio_output@@@2@@__crt_stdio_output@@AAE_NXZ,"__crt_stdio_output::output_processor<char,__crt_stdio_output::stream_output_adapter<char>,__crt_stdio_output::format_validation_base<char,__crt_stdio_output::stream_output_adapter<char> > >::type_case_p"
0x00449198,24,output.obj,0,?type_case_p@?$output_processor@DV?$stream_output_adapter@D@__crt_stdio_output@@V?$positional_parameter_base@DV?$stream_output_adapter@D@__crt_stdio_output@@@2@@__crt_stdio_output@@AAE_NXZ,"__crt_stdio_output::output_processor<char,__crt_stdio_output::stream_output_adapter<char>,__crt_stdio_output::positional_parameter_base<char,__crt_stdio_output::stream_output_adapter<char> > >::type_case_p"
0x004491B0,24,output.obj,0,?type_case_p@?$output_processor@DV?$stream_output_adapter@D@__crt_stdio_output@@V?$standard_base@DV?$stream_output_adapter@D@__crt_stdio_output@@@2@@__crt_stdio_output@@AAE_NXZ,"__crt_stdio_output::output_processor<char,__crt_stdio_output::stream_output_adapter<char>,__crt_stdio_output::standard_base<char,__crt_stdio_output::stream_output_adapter<char> > >::type_case_p"
0x004491C8,24,output.obj,0,?type_case_p@?$output_processor@DV?$string_output_adapter@D@__crt_stdio_output@@V?$format_validation_base@DV?$string_output_adapter@D@__crt_stdio_output@@@2@@__crt_stdio_output@@AAE_NXZ,"__crt_stdio_output::output_processor<char,__crt_stdio_output::string_output_adapter<char>,__crt_stdio_output::format_validation_base<char,__crt_stdio_output::string_output_adapter<char> > >::type_case_p"
0x004491E0,24,output.obj,0,?type_case_p@?$output_processor@DV?$string_output_adapter@D@__crt_stdio_output@@V?$positional_parameter_base@DV?$string_output_adapter@D@__crt_stdio_output@@@2@@__crt_stdio_output@@AAE_NXZ,"__crt_stdio_output::output_processor<char,__crt_stdio_output::string_output_adapter<char>,__crt_stdio_output::positional_parameter_base<char,__crt_stdio_output::string_output_adapter<char> > >::type_case_p"
0x004491F8,24,output.obj,0,?type_case_p@?$output_processor@DV?$string_output_adapter@D@__crt_stdio_output@@V?$standard_base@DV?$string_output_adapter@D@__crt_stdio_output@@@2@@__crt_stdio_output@@AAE_NXZ,"__crt_stdio_output::output_processor<char,__crt_stdio_output::string_output_adapter<char>,__crt_stdio_output::standard_base<char,__crt_stdio_output::string_output_adapter<char> > >::type_case_p"
0x00449210,24,output.obj,0,?type_case_p@?$output_processor@_WV?$stream_output_adapter@_W@__crt_stdio_output@@V?$format_validation_base@_WV?$stream_output_adapter@_W@__crt_stdio_output@@@2@@__crt_stdio_output@@AAE_NXZ,"__crt_stdio_output::output_processor<wchar_t,__crt_stdio_output::stream_output_adapter<wchar_t>,__crt_stdio_output::format_validation_base<wchar_t,__crt_stdio_output::stream_output_adapter<wchar_t> > >::type_case_p"
0x00449228,24,output.obj,0,?type_case_p@?$output_processor@_WV?$stream_output_adapter@_W@__crt_stdio_output@@V?$positional_parameter_base@_WV?$stream_output_adapter@_W@__crt_stdio_output@@@2@@__crt_stdio_output@@AAE_NXZ,"__crt_stdio_output::output_processor<wchar_t,__crt_stdio_output::stream_output_adapter<wchar_t>,__crt_stdio_output::positional_parameter_base<wchar_t,__crt_stdio_output::stream_output_adapter<wchar_t> > >::type_case_p"
0x00449240,24,output.obj,0,?type_case_p@?$output_processor@_WV?$stream_output_adapter@_W@__crt_stdio_output@@V?$standard_base@_WV?$stream_output_adapter@_W@__crt_stdio_output@@@2@@__crt_stdio_output@@AAE_NXZ,"__crt_stdio_output::output_processor<wchar_t,__crt_stdio_output::stream_output_adapter<wchar_t>,__crt_stdio_output::standard_base<wchar_t,__crt_stdio_output::stream_output_adapter<wchar_t> > >::type_case_p"
0x00449258,24,output.obj,0,?type_case_p@?$output_processor@_WV?$string_output_adapter@_W@__crt_stdio_output@@V?$format_validation_base@_WV?$string_output_adapter@_W@__crt_stdio_output@@@2@@__crt_stdio_output@@AAE_NXZ,"__crt_stdio_output::output_processor<wchar_t,__crt_stdio_output::string_output_adapter<wchar_t>,__crt_stdio_output::format_validation_base<wchar_t,__crt_stdio_output::string_output_adapter<wchar_t> > >::type_case_p"
0x00449270,24,output.obj,0,?type_case_p@?$output_processor@_WV?$string_output_adapter@_W@__crt_stdio_output@@V?$positional_parameter_base@_WV?$string_output_adapter@_W@__crt_stdio_output@@@2@@__crt_stdio_output@@AAE_NXZ,"__crt_stdio_output::output_processor<wchar_t,__crt_stdio_output::string_output_adapter<wchar_t>,__crt_stdio_output::positional_parameter_base<wchar_t,__crt_stdio_output::string_output_adapter<wchar_t> > >::type_case_p"
0x00449288,24,output.obj,0,?type_case_p@?$output_processor@_WV?$string_output_adapter@_W@__crt_stdio_output@@V?$standard_base@_WV?$string_output_adapter@_W@__crt_stdio_output@@@2@@__crt_stdio_output@@AAE_NXZ,"__crt_stdio_output::output_processor<wchar_t,__crt_stdio_output::string_output_adapter<wchar_t>,__crt_stdio_output::standard_base<wchar_t,__crt_stdio_output::string_output_adapter<wchar_t> > >::type_case_p"
0x004492A0,113,output.obj,0,?type_case_s@?$output_processor@DV?$stream_output_adapter@D@__crt_stdio_output@@V?$format_validation_base@DV?$stream_output_adapter@D@__crt_stdio_output@@@2@@__crt_stdio_output@@AAE_NXZ,"__crt_stdio_output::output_processor<char,__crt_stdio_output::stream_output_adapter<char>,__crt_stdio_output::format_validation_base<char,__crt_stdio_output::stream_output_adapter<char> > >::type_case_s"
0x00449311,126,output.obj,0,?type_case_s@?$output_processor@DV?$stream_output_adapter@D@__crt_stdio_output@@V?$positional_parameter_base@DV?$stream_output_adapter@D@__crt_stdio_output@@@2@@__crt_stdio_output@@AAE_NXZ,"__crt_stdio_output::output_processor<char,__crt_stdio_output::stream_output_adapter<char>,__crt_stdio_output::positional_parameter_base<char,__crt_stdio_output::stream_output_adapter<char> > >::type_case_s"
0x0044938F,113,output.obj,0,?type_case_s@?$output_processor@DV?$stream_output_adapter@D@__crt_stdio_output@@V?$standard_base@DV?$stream_output_adapter@D@__crt_stdio_output@@@2@@__crt_stdio_output@@AAE_NXZ,"__crt_stdio_output::output_processor<char,__crt_stdio_output::stream_output_adapter<char>,__crt_stdio_output::standard_base<char,__crt_stdio_output::stream_output_adapter<char> > >::type_case_s"
0x00449400,113,output.obj,0,?type_case_s@?$output_processor@DV?$string_output_adapter@D@__crt_stdio_output@@V?$format_validation_base@DV?$string_output_adapter@D@__crt_stdio_output@@@2@@__crt_stdio_output@@AAE_NXZ,"__crt_stdio_output::output_processor<char,__crt_stdio_output::string_output_adapter<char>,__crt_stdio_output::format_validation_base<char,__crt_stdio_output::string_output_adapter<char> > >::type_case_s"
0x00449471,126,output.obj,0,?type_case_s@?$output_processor@DV?$string_output_adapter@D@__crt_stdio_output@@V?$positional_parameter_base@DV?$string_output_adapter@D@__crt_stdio_output@@@2@@__crt_stdio_output@@AAE_NXZ,"__crt_stdio_output::output_processor<char,__crt_stdio_output::string_output_adapter<char>,__crt_stdio_output::positional_parameter_base<char,__crt_stdio_output::string_output_adapter<char> > >::type_case_s"
0x004494EF,113,output.obj,0,?type_case_s@?$output_processor@DV?$string_output_adapter@D@__crt_stdio_output@@V?$standard_base@DV?$string_output_adapter@D@__crt_stdio_output@@@2@@__crt_stdio_output@@AAE_NXZ,"__crt_stdio_output::output_processor<char,__crt_stdio_output::string_output_adapter<char>,__crt_stdio_output::standard_base<char,__crt_stdio_output::string_output_adapter<char> > >::type_case_s"
0x00449560,115,output.obj,0,?type_case_s@?$output_processor@_WV?$stream_output_adapter@_W@__crt_stdio_output@@V?$format_validation_base@_WV?$stream_output_adapter@_W@__crt_stdio_output@@@2@@__crt_stdio_output@@AAE_NXZ,"__crt_stdio_output::output_processor<wchar_t,__crt_stdio_output::stream_output_adapter<wchar_t>,__crt_stdio_output::format_validation_base<wchar_t,__crt_stdio_output::stream_output_adapter<wchar_t> > >::type_case_s"
0x004495D3,128,output.obj,0,?type_case_s@?$output_processor@_WV?$stream_output_adapter@_W@__crt_stdio_output@@V?$positional_parameter_base@_WV?$stream_output_adapter@_W@__crt_stdio_output@@@2@@__crt_stdio_output@@AAE_NXZ,"__crt_stdio_output::output_processor<wchar_t,__crt_stdio_output::stream_output_adapter<wchar_t>,__crt_stdio_output::positional_parameter_base<wchar_t,__crt_stdio_output::stream_output_adapter<wchar_t> > >::type_case_s"
0x00449653,115,output.obj,0,?type_case_s@?$output_processor@_WV?$stream_output_adapter@_W@__crt_stdio_output@@V?$standard_base@_WV?$stream_output_adapter@_W@__crt_stdio_output@@@2@@__crt_stdio_output@@AAE_NXZ,"__crt_stdio_output::output_processor<wchar_t,__crt_stdio_output::stream_output_adapter<wchar_t>,__crt_stdio_output::standard_base<wchar_t,__crt_stdio_output::stream_output_adapter<wchar_t> > >::type_case_s"
0x004496C6,115,output.obj,0,?type_case_s@?$output_processor@_WV?$string_output_adapter@_W@__crt_stdio_output@@V?$format_validation_base@_WV?$string_output_adapter@_W@__crt_stdio_output@@@2@@__crt_stdio_output@@AAE_NXZ,"__crt_stdio_output::output_processor<wchar_t,__crt_stdio_output::string_output_adapter<wchar_t>,__crt_stdio_output::format_validation_base<wchar_t,__crt_stdio_output::string_output_adapter<wchar_t> > >::type_case_s"
0x00449739,128,output.obj,0,?type_case_s@?$output_processor@_WV?$string_output_adapter@_W@__crt_stdio_output@@V?$positional_parameter_base@_WV?$string_output_adapter@_W@__crt_stdio_output@@@2@@__crt_stdio_output@@AAE_NXZ,"__crt_stdio_output::output_processor<wchar_t,__crt_stdio_output::string_output_adapter<wchar_t>,__crt_stdio_output::positional_parameter_base<wchar_t,__crt_stdio_output::string_output_adapter<wchar_t> > >::type_case_s"
0x004497B9,115,output.obj,0,?type_case_s@?$output_processor@_WV?$string_output_adapter@_W@__crt_stdio_output@@V?$standard_base@_WV?$string_output_adapter@_W@__crt_stdio_output@@@2@@__crt_stdio_output@@AAE_NXZ,"__crt_stdio_output::output_processor<wchar_t,__crt_stdio_output::string_output_adapter<wchar_t>,__crt_stdio_output::standard_base<wchar_t,__crt_stdio_output::string_output_adapter<wchar_t> > >::type_case_s"
0x0044982C,22,output.obj,0,?type_case_s_compute_narrow_string_length@?$output_processor@DV?$stream_output_adapter@D@__crt_stdio_output@@V?$format_validation_base@DV?$stream_output_adapter@D@__crt_stdio_output@@@2@@__crt_stdio_output@@ABEHHD@Z,"__crt_stdio_output::output_processor<char,__crt_stdio_output::stream_output_adapter<char>,__crt_stdio_output::format_validation_base<char,__crt_stdio_output::stream_output_adapter<char> > >::type_case_s_compute_narrow_string_length"
0x00449842,22,output.obj,0,?type_case_s_compute_narrow_string_length@?$output_processor@DV?$stream_output_adapter@D@__crt_stdio_output@@V?$positional_parameter_base@DV?$stream_output_adapter@D@__crt_stdio_output@@@2@@__crt_stdio_output@@ABEHHD@Z,"__crt_stdio_output::output_processor<char,__crt_stdio_output::stream_output_adapter<char>,__crt_stdio_output::positional_parameter_base<char,__crt_stdio_output::stream_output_adapter<char> > >::type_case_s_compute_narrow_string_length"
0x00449858,22,output.obj,0,?type_case_s_compute_narrow_string_length@?$output_processor@DV?$stream_output_adapter@D@__crt_stdio_output@@V?$standard_base@DV?$stream_output_adapter@D@__crt_stdio_output@@@2@@__crt_stdio_output@@ABEHHD@Z,"__crt_stdio_output::output_processor<char,__crt_stdio_output::stream_output_adapter<char>,__crt_stdio_output::standard_base<char,__crt_stdio_output::stream_output_adapter<char> > >::type_case_s_compute_narrow_string_length"
0x0044986E,22,output.obj,0,?type_case_s_compute_narrow_string_length@?$output_processor@DV?$string_output_adapter@D@__crt_stdio_output@@V?$format_validation_base@DV?$string_output_adapter@D@__crt_stdio_output@@@2@@__crt_stdio_output@@ABEHHD@Z,"__crt_stdio_output::output_processor<char,__crt_stdio_output::string_output_adapter<char>,__crt_stdio_output::format_validation_base<char,__crt_stdio_output::string_output_adapter<char> > >::type_case_s_compute_narrow_string_length"
0x00449884,22,output.obj,0,?type_case_s_compute_narrow_string_length@?$output_processor@DV?$string_output_adapter@D@__crt_stdio_output@@V?$positional_parameter_base@DV?$string_output_adapter@D@__crt_stdio_output@@@2@@__crt_stdio_output@@ABEHHD@Z,"__crt_stdio_output::output_processor<char,__crt_stdio_output::string_output_adapter<char>,__crt_stdio_output::positional_parameter_base<char,__crt_stdio_output::string_output_adapter<char> > >::type_case_s_compute_narrow_string_length"
0x0044989A,22,output.obj,0,?type_case_s_compute_narrow_string_length@?$output_processor@DV?$string_output_adapter@D@__crt_stdio_output@@V?$standard_base@DV?$string_output_adapter@D@__crt_stdio_output@@@2@@__crt_stdio_output@@ABEHHD@Z,"__crt_stdio_output::output_processor<char,__crt_stdio_output::string_output_adapter<char>,__crt_stdio_output::standard_base<char,__crt_stdio_output::string_output_adapter<char> > >::type_case_s_compute_narrow_string_length"
0x004498B0,71,output.obj,0,?type_case_s_compute_narrow_string_length@?$output_processor@_WV?$stream_output_adapter@_W@__crt_stdio_output@@V?$format_validation_base@_WV?$stream_output_adapter@_W@__crt_stdio_output@@@2@@__crt_stdio_output@@ABEHH_W@Z,"__crt_stdio_output::output_processor<wchar_t,__crt_stdio_output::stream_output_adapter<wchar_t>,__crt_stdio_output::format_validation_base<wchar_t,__crt_stdio_output::stream_output_adapter<wchar_t> > >::type_case_s_compute_narrow_string_length"
0x004498F7,71,output.obj,0,?type_case_s_compute_narrow_string_length@?$output_processor@_WV?$stream_output_adapter@_W@__crt_stdio_output@@V?$positional_parameter_base@_WV?$stream_output_adapter@_W@__crt_stdio_output@@@2@@__crt_stdio_output@@ABEHH_W@Z,"__crt_stdio_output::output_processor<wchar_t,__crt_stdio_output::stream_output_adapter<wchar_t>,__crt_stdio_output::positional_parameter_base<wchar_t,__crt_stdio_output::stream_output_adapter<wchar_t> > >::type_case_s_compute_narrow_string_length"
0x0044993E,71,output.obj,0,?type_case_s_compute_narrow_string_length@?$output_processor@_WV?$stream_output_adapter@_W@__crt_stdio_output@@V?$standard_base@_WV?$stream_output_adapter@_W@__crt_stdio_output@@@2@@__crt_stdio_output@@ABEHH_W@Z,"__crt_stdio_output::output_processor<wchar_t,__crt_stdio_output::stream_output_adapter<wchar_t>,__crt_stdio_output::standard_base<wchar_t,__crt_stdio_output::stream_output_adapter<wchar_t> > >::type_case_s_compute_narrow_string_length"
0x00449985,71,output.obj,0,?type_case_s_compute_narrow_string_length@?$output_processor@_WV?$string_output_adapter@_W@__crt_stdio_output@@V?$format_validation_base@_WV?$string_output_adapter@_W@__crt_stdio_output@@@2@@__crt_stdio_output@@ABEHH_W@Z,"__crt_stdio_output::output_processor<wchar_t,__crt_stdio_output::string_output_adapter<wchar_t>,__crt_stdio_output::format_validation_base<wchar_t,__crt_stdio_output::string_output_adapter<wchar_t> > >::type_case_s_compute_narrow_string_length"
0x004499CC,71,output.obj,0,?type_case_s_compute_narrow_string_length@?$output_processor@_WV?$string_output_adapter@_W@__crt_stdio_output@@V?$positional_parameter_base@_WV?$string_output_adapter@_W@__crt_stdio_output@@@2@@__crt_stdio_output@@ABEHH_W@Z,"__crt_stdio_output::output_processor<wchar_t,__crt_stdio_output::string_output_adapter<wchar_t>,__crt_stdio_output::positional_parameter_base<wchar_t,__crt_stdio_output::string_output_adapter<wchar_t> > >::type_case_s_compute_narrow_string_length"
0x00449A13,71,output.obj,0,?type_case_s_compute_narrow_string_length@?$output_processor@_WV?$string_output_adapter@_W@__crt_stdio_output@@V?$standard_base@_WV?$string_output_adapter@_W@__crt_stdio_output@@@2@@__crt_stdio_output@@ABEHH_W@Z,"__crt_stdio_output::output_processor<wchar_t,__crt_stdio_output::string_output_adapter<wchar_t>,__crt_stdio_output::standard_base<wchar_t,__crt_stdio_output::string_output_adapter<wchar_t> > >::type_case_s_compute_narrow_string_length"
0x00449A5A,10,output.obj,0,?type_case_u@?$output_processor@DV?$stream_output_adapter@D@__crt_stdio_output@@V?$format_validation_base@DV?$stream_output_adapter@D@__crt_stdio_output@@@2@@__crt_stdio_output@@AAE_NXZ,"__crt_stdio_output::output_processor<char,__crt_stdio_output::stream_output_adapter<char>,__crt_stdio_output::format_validation_base<char,__crt_stdio_output::stream_output_adapter<char> > >::type_case_u"
0x00449A64,10,output.obj,0,?type_case_u@?$output_processor@DV?$stream_output_adapter@D@__crt_stdio_output@@V?$positional_parameter_base@DV?$stream_output_adapter@D@__crt_stdio_output@@@2@@__crt_stdio_output@@AAE_NXZ,"__crt_stdio_output::output_processor<char,__crt_stdio_output::stream_output_adapter<char>,__crt_stdio_output::positional_parameter_base<char,__crt_stdio_output::stream_output_adapter<char> > >::type_case_u"
0x00449A6E,10,output.obj,0,?type_case_u@?$output_processor@DV?$stream_output_adapter@D@__crt_stdio_output@@V?$standard_base@DV?$stream_output_adapter@D@__crt_stdio_output@@@2@@__crt_stdio_output@@AAE_NXZ,"__crt_stdio_output::output_processor<char,__crt_stdio_output::stream_output_adapter<char>,__crt_stdio_output::standard_base<char,__crt_stdio_output::stream_output_adapter<char> > >::type_case_u"
0x00449A78,10,output.obj,0,?type_case_u@?$output_processor@DV?$string_output_adapter@D@__crt_stdio_output@@V?$format_validation_base@DV?$string_output_adapter@D@__crt_stdio_output@@@2@@__crt_stdio_output@@AAE_NXZ,"__crt_stdio_output::output_processor<char,__crt_stdio_output::string_output_adapter<char>,__crt_stdio_output::format_validation_base<char,__crt_stdio_output::string_output_adapter<char> > >::type_case_u"
0x00449A82,10,output.obj,0,?type_case_u@?$output_processor@DV?$string_output_adapter@D@__crt_stdio_output@@V?$positional_parameter_base@DV?$string_output_adapter@D@__crt_stdio_output@@@2@@__crt_stdio_output@@AAE_NXZ,"__crt_stdio_output::output_processor<char,__crt_stdio_output::string_output_adapter<char>,__crt_stdio_output::positional_parameter_base<char,__crt_stdio_output::string_output_adapter<char> > >::type_case_u"
0x00449A8C,10,output.obj,0,?type_case_u@?$output_processor@DV?$string_output_adapter@D@__crt_stdio_output@@V?$standard_base@DV?$string_output_adapter@D@__crt_stdio_output@@@2@@__crt_stdio_output@@AAE_NXZ,"__crt_stdio_output::output_processor<char,__crt_stdio_output::string_output_adapter<char>,__crt_stdio_output::standard_base<char,__crt_stdio_output::string_output_adapter<char> > >::type_case_u"
0x00449A96,10,output.obj,0,?type_case_u@?$output_processor@_WV?$stream_output_adapter@_W@__crt_stdio_output@@V?$format_validation_base@_WV?$stream_output_adapter@_W@__crt_stdio_output@@@2@@__crt_stdio_output@@AAE_NXZ,"__crt_stdio_output::output_processor<wchar_t,__crt_stdio_output::stream_output_adapter<wchar_t>,__crt_stdio_output::format_validation_base<wchar_t,__crt_stdio_output::stream_output_adapter<wchar_t> > >::type_case_u"
0x00449AA0,10,output.obj,0,?type_case_u@?$output_processor@_WV?$stream_output_adapter@_W@__crt_stdio_output@@V?$positional_parameter_base@_WV?$stream_output_adapter@_W@__crt_stdio_output@@@2@@__crt_stdio_output@@AAE_NXZ,"__crt_stdio_output::output_processor<wchar_t,__crt_stdio_output::stream_output_adapter<wchar_t>,__crt_stdio_output::positional_parameter_base<wchar_t,__crt_stdio_output::stream_output_adapter<wchar_t> > >::type_case_u"
0x00449AAA,10,output.obj,0,?type_case_u@?$output_processor@_WV?$stream_output_adapter@_W@__crt_stdio_output@@V?$standard_base@_WV?$stream_output_adapter@_W@__crt_stdio_output@@@2@@__crt_stdio_output@@AAE_NXZ,"__crt_stdio_output::output_processor<wchar_t,__crt_stdio_output::stream_output_adapter<wchar_t>,__crt_stdio_output::standard_base<wchar_t,__crt_stdio_output::stream_output_adapter<wchar_t> > >::type_case_u"
0x00449AB4,10,output.obj,0,?type_case_u@?$output_processor@_WV?$string_output_adapter@_W@__crt_stdio_output@@V?$format_validation_base@_WV?$string_output_adapter@_W@__crt_stdio_output@@@2@@__crt_stdio_output@@AAE_NXZ,"__crt_stdio_output::output_processor<wchar_t,__crt_stdio_output::string_output_adapter<wchar_t>,__crt_stdio_output::format_validation_base<wchar_t,__crt_stdio_output::string_output_adapter<wchar_t> > >::type_case_u"
0x00449ABE,10,output.obj,0,?type_case_u@?$output_processor@_WV?$string_output_adapter@_W@__crt_stdio_output@@V?$positional_parameter_base@_WV?$string_output_adapter@_W@__crt_stdio_output@@@2@@__crt_stdio_output@@AAE_NXZ,"__crt_stdio_output::output_processor<wchar_t,__crt_stdio_output::string_output_adapter<wchar_t>,__crt_stdio_output::positional_parameter_base<wchar_t,__crt_stdio_output::string_output_adapter<wchar_t> > >::type_case_u"
0x00449AC8,10,output.obj,0,?type_case_u@?$output_processor@_WV?$string_output_adapter@_W@__crt_stdio_output@@V?$standard_base@_WV?$string_output_adapter@_W@__crt_stdio_output@@@2@@__crt_stdio_output@@AAE_NXZ,"__crt_stdio_output::output_processor<wchar_t,__crt_stdio_output::string_output_adapter<wchar_t>,__crt_stdio_output::standard_base<wchar_t,__crt_stdio_output::string_output_adapter<wchar_t> > >::type_case_u"
0x00449AD2,10,output.obj,0,?type_case_x@?$output_processor@DV?$stream_output_adapter@D@__crt_stdio_output@@V?$format_validation_base@DV?$stream_output_adapter@D@__crt_stdio_output@@@2@@__crt_stdio_output@@AAE_NXZ,"__crt_stdio_output::output_processor<char,__crt_stdio_output::stream_output_adapter<char>,__crt_stdio_output::format_validation_base<char,__crt_stdio_output::stream_output_adapter<char> > >::type_case_x"
0x00449ADC,10,output.obj,0,?type_case_x@?$output_processor@DV?$stream_output_adapter@D@__crt_stdio_output@@V?$positional_parameter_base@DV?$stream_output_adapter@D@__crt_stdio_output@@@2@@__crt_stdio_output@@AAE_NXZ,"__crt_stdio_output::output_processor<char,__crt_stdio_output::stream_output_adapter<char>,__crt_stdio_output::positional_parameter_base<char,__crt_stdio_output::stream_output_adapter<char> > >::type_case_x"
0x00449AE6,10,output.obj,0,?type_case_x@?$output_processor@DV?$stream_output_adapter@D@__crt_stdio_output@@V?$standard_base@DV?$stream_output_adapter@D@__crt_stdio_output@@@2@@__crt_stdio_output@@AAE_NXZ,"__crt_stdio_output::output_processor<char,__crt_stdio_output::stream_output_adapter<char>,__crt_stdio_output::standard_base<char,__crt_stdio_output::stream_output_adapter<char> > >::type_case_x"
0x00449AF0,10,output.obj,0,?type_case_x@?$output_processor@DV?$string_output_adapter@D@__crt_stdio_output@@V?$format_validation_base@DV?$string_output_adapter@D@__crt_stdio_output@@@2@@__crt_stdio_output@@AAE_NXZ,"__crt_stdio_output::output_processor<char,__crt_stdio_output::string_output_adapter<char>,__crt_stdio_output::format_validation_base<char,__crt_stdio_output::string_output_adapter<char> > >::type_case_x"
0x00449AFA,10,output.obj,0,?type_case_x@?$output_processor@DV?$string_output_adapter@D@__crt_stdio_output@@V?$positional_parameter_base@DV?$string_output_adapter@D@__crt_stdio_output@@@2@@__crt_stdio_output@@AAE_NXZ,"__crt_stdio_output::output_processor<char,__crt_stdio_output::string_output_adapter<char>,__crt_stdio_output::positional_parameter_base<char,__crt_stdio_output::string_output_adapter<char> > >::type_case_x"
0x00449B04,10,output.obj,0,?type_case_x@?$output_processor@DV?$string_output_adapter@D@__crt_stdio_output@@V?$standard_base@DV?$string_output_adapter@D@__crt_stdio_output@@@2@@__crt_stdio_output@@AAE_NXZ,"__crt_stdio_output::output_processor<char,__crt_stdio_output::string_output_adapter<char>,__crt_stdio_output::standard_base<char,__crt_stdio_output::string_output_adapter<char> > >::type_case_x"
0x00449B0E,10,output.obj,0,?type_case_x@?$output_processor@_WV?$stream_output_adapter@_W@__crt_stdio_output@@V?$format_validation_base@_WV?$stream_output_adapter@_W@__crt_stdio_output@@@2@@__crt_stdio_output@@AAE_NXZ,"__crt_stdio_output::output_processor<wchar_t,__crt_stdio_output::stream_output_adapter<wchar_t>,__crt_stdio_output::format_validation_base<wchar_t,__crt_stdio_output::stream_output_adapter<wchar_t> > >::type_case_x"
0x00449B18,10,output.obj,0,?type_case_x@?$output_processor@_WV?$stream_output_adapter@_W@__crt_stdio_output@@V?$positional_parameter_base@_WV?$stream_output_adapter@_W@__crt_stdio_output@@@2@@__crt_stdio_output@@AAE_NXZ,"__crt_stdio_output::output_processor<wchar_t,__crt_stdio_output::stream_output_adapter<wchar_t>,__crt_stdio_output::positional_parameter_base<wchar_t,__crt_stdio_output::stream_output_adapter<wchar_t> > >::type_case_x"
0x00449B22,10,output.obj,0,?type_case_x@?$output_processor@_WV?$stream_output_adapter@_W@__crt_stdio_output@@V?$standard_base@_WV?$stream_output_adapter@_W@__crt_stdio_output@@@2@@__crt_stdio_output@@AAE_NXZ,"__crt_stdio_output::output_processor<wchar_t,__crt_stdio_output::stream_output_adapter<wchar_t>,__crt_stdio_output::standard_base<wchar_t,__crt_stdio_output::stream_output_adapter<wchar_t> > >::type_case_x"
0x00449B2C,10,output.obj,0,?type_case_x@?$output_processor@_WV?$string_output_adapter@_W@__crt_stdio_output@@V?$format_validation_base@_WV?$string_output_adapter@_W@__crt_stdio_output@@@2@@__crt_stdio_output@@AAE_NXZ,"__crt_stdio_output::output_processor<wchar_t,__crt_stdio_output::string_output_adapter<wchar_t>,__crt_stdio_output::format_validation_base<wchar_t,__crt_stdio_output::string_output_adapter<wchar_t> > >::type_case_x"
0x00449B36,10,output.obj,0,?type_case_x@?$output_processor@_WV?$string_output_adapter@_W@__crt_stdio_output@@V?$positional_parameter_base@_WV?$string_output_adapter@_W@__crt_stdio_output@@@2@@__crt_stdio_output@@AAE_NXZ,"__crt_stdio_output::output_processor<wchar_t,__crt_stdio_output::string_output_adapter<wchar_t>,__crt_stdio_output::positional_parameter_base<wchar_t,__crt_stdio_output::string_output_adapter<wchar_t> > >::type_case_x"
0x00449B40,10,output.obj,0,?type_case_x@?$output_processor@_WV?$string_output_adapter@_W@__crt_stdio_output@@V?$standard_base@_WV?$string_output_adapter@_W@__crt_stdio_output@@@2@@__crt_stdio_output@@AAE_NXZ,"__crt_stdio_output::output_processor<wchar_t,__crt_stdio_output::string_output_adapter<wchar_t>,__crt_stdio_output::standard_base<wchar_t,__crt_stdio_output::string_output_adapter<wchar_t> > >::type_case_x"
0x00449B4A,17,output.obj,0,?unset_flag@?$output_processor@DV?$stream_output_adapter@D@__crt_stdio_output@@V?$format_validation_base@DV?$stream_output_adapter@D@__crt_stdio_output@@@2@@__crt_stdio_output@@AAEXI@Z,"__crt_stdio_output::output_processor<char,__crt_stdio_output::stream_output_adapter<char>,__crt_stdio_output::format_validation_base<char,__crt_stdio_output::stream_output_adapter<char> > >::unset_flag"
0x00449B5B,17,output.obj,0,?unset_flag@?$output_processor@DV?$stream_output_adapter@D@__crt_stdio_output@@V?$positional_parameter_base@DV?$stream_output_adapter@D@__crt_stdio_output@@@2@@__crt_stdio_output@@AAEXI@Z,"__crt_stdio_output::output_processor<char,__crt_stdio_output::stream_output_adapter<char>,__crt_stdio_output::positional_parameter_base<char,__crt_stdio_output::stream_output_adapter<char> > >::unset_flag"
0x00449B6C,17,output.obj,0,?unset_flag@?$output_processor@DV?$stream_output_adapter@D@__crt_stdio_output@@V?$standard_base@DV?$stream_output_adapter@D@__crt_stdio_output@@@2@@__crt_stdio_output@@AAEXI@Z,"__crt_stdio_output::output_processor<char,__crt_stdio_output::stream_output_adapter<char>,__crt_stdio_output::standard_base<char,__crt_stdio_output::stream_output_adapter<char> > >::unset_flag"
0x00449B7D,17,output.obj,0,?unset_flag@?$output_processor@DV?$string_output_adapter@D@__crt_stdio_output@@V?$format_validation_base@DV?$string_output_adapter@D@__crt_stdio_output@@@2@@__crt_stdio_output@@AAEXI@Z,"__crt_stdio_output::output_processor<char,__crt_stdio_output::string_output_adapter<char>,__crt_stdio_output::format_validation_base<char,__crt_stdio_output::string_output_adapter<char> > >::unset_flag"
0x00449B8E,17,output.obj,0,?unset_flag@?$output_processor@DV?$string_output_adapter@D@__crt_stdio_output@@V?$positional_parameter_base@DV?$string_output_adapter@D@__crt_stdio_output@@@2@@__crt_stdio_output@@AAEXI@Z,"__crt_stdio_output::output_processor<char,__crt_stdio_output::string_output_adapter<char>,__crt_stdio_output::positional_parameter_base<char,__crt_stdio_output::string_output_adapter<char> > >::unset_flag"
0x00449B9F,17,output.obj,0,?unset_flag@?$output_processor@DV?$string_output_adapter@D@__crt_stdio_output@@V?$standard_base@DV?$string_output_adapter@D@__crt_stdio_output@@@2@@__crt_stdio_output@@AAEXI@Z,"__crt_stdio_output::output_processor<char,__crt_stdio_output::string_output_adapter<char>,__crt_stdio_output::standard_base<char,__crt_stdio_output::string_output_adapter<char> > >::unset_flag"
0x00449BB0,17,output.obj,0,?unset_flag@?$output_processor@_WV?$stream_output_adapter@_W@__crt_stdio_output@@V?$format_validation_base@_WV?$stream_output_adapter@_W@__crt_stdio_output@@@2@@__crt_stdio_output@@AAEXI@Z,"__crt_stdio_output::output_processor<wchar_t,__crt_stdio_output::stream_output_adapter<wchar_t>,__crt_stdio_output::format_validation_base<wchar_t,__crt_stdio_output::stream_output_adapter<wchar_t> > >::unset_flag"
0x00449BC1,17,output.obj,0,?unset_flag@?$output_processor@_WV?$stream_output_adapter@_W@__crt_stdio_output@@V?$positional_parameter_base@_WV?$stream_output_adapter@_W@__crt_stdio_output@@@2@@__crt_stdio_output@@AAEXI@Z,"__crt_stdio_output::output_processor<wchar_t,__crt_stdio_output::stream_output_adapter<wchar_t>,__crt_stdio_output::positional_parameter_base<wchar_t,__crt_stdio_output::stream_output_adapter<wchar_t> > >::unset_flag"
0x00449BD2,17,output.obj,0,?unset_flag@?$output_processor@_WV?$stream_output_adapter@_W@__crt_stdio_output@@V?$standard_base@_WV?$stream_output_adapter@_W@__crt_stdio_output@@@2@@__crt_stdio_output@@AAEXI@Z,"__crt_stdio_output::output_processor<wchar_t,__crt_stdio_output::stream_output_adapter<wchar_t>,__crt_stdio_output::standard_base<wchar_t,__crt_stdio_output::stream_output_adapter<wchar_t> > >::unset_flag"
0x00449BE3,17,output.obj,0,?unset_flag@?$output_processor@_WV?$string_output_adapter@_W@__crt_stdio_output@@V?$format_validation_base@_WV?$string_output_adapter@_W@__crt_stdio_output@@@2@@__crt_stdio_output@@AAEXI@Z,"__crt_stdio_output::output_processor<wchar_t,__crt_stdio_output::string_output_adapter<wchar_t>,__crt_stdio_output::format_validation_base<wchar_t,__crt_stdio_output::string_output_adapter<wchar_t> > >::unset_flag"
0x00449BF4,17,output.obj,0,?unset_flag@?$output_processor@_WV?$string_output_adapter@_W@__crt_stdio_output@@V?$positional_parameter_base@_WV?$string_output_adapter@_W@__crt_stdio_output@@@2@@__crt_stdio_output@@AAEXI@Z,"__crt_stdio_output::output_processor<wchar_t,__crt_stdio_output::string_output_adapter<wchar_t>,__crt_stdio_output::positional_parameter_base<wchar_t,__crt_stdio_output::string_output_adapter<wchar_t> > >::unset_flag"
0x00449C05,17,output.obj,0,?unset_flag@?$output_processor@_WV?$string_output_adapter@_W@__crt_stdio_output@@V?$standard_base@_WV?$string_output_adapter@_W@__crt_stdio_output@@@2@@__crt_stdio_output@@AAEXI@Z,"__crt_stdio_output::output_processor<wchar_t,__crt_stdio_output::string_output_adapter<wchar_t>,__crt_stdio_output::standard_base<wchar_t,__crt_stdio_output::string_output_adapter<wchar_t> > >::unset_flag"
0x00449C16,180,output.obj,0,?update_field_width@?$positional_parameter_base@DV?$stream_output_adapter@D@__crt_stdio_output@@@__crt_stdio_output@@IAE_NXZ,"__crt_stdio_output::positional_parameter_base<char,__crt_stdio_output::stream_output_adapter<char> >::update_field_width"
0x00449CCA,180,output.obj,0,?update_field_width@?$positional_parameter_base@DV?$string_output_adapter@D@__crt_stdio_output@@@__crt_stdio_output@@IAE_NXZ,"__crt_stdio_output::positional_parameter_base<char,__crt_stdio_output::string_output_adapter<char> >::update_field_width"
0x00449D7E,181,output.obj,0,?update_field_width@?$positional_parameter_base@_WV?$stream_output_adapter@_W@__crt_stdio_output@@@__crt_stdio_output@@IAE_NXZ,"__crt_stdio_output::positional_parameter_base<wchar_t,__crt_stdio_output::stream_output_adapter<wchar_t> >::update_field_width"
0x00449E33,181,output.obj,0,?update_field_width@?$positional_parameter_base@_WV?$string_output_adapter@_W@__crt_stdio_output@@@__crt_stdio_output@@IAE_NXZ,"__crt_stdio_output::positional_parameter_base<wchar_t,__crt_stdio_output::string_output_adapter<wchar_t> >::update_field_width"
0x00449EE8,16,output.obj,0,?update_field_width@?$standard_base@DV?$stream_output_adapter@D@__crt_stdio_output@@@__crt_stdio_output@@IAE_NXZ,"__crt_stdio_output::standard_base<char,__crt_stdio_output::stream_output_adapter<char> >::update_field_width"
0x00449EF8,16,output.obj,0,?update_field_width@?$standard_base@DV?$string_output_adapter@D@__crt_stdio_output@@@__crt_stdio_output@@IAE_NXZ,"__crt_stdio_output::standard_base<char,__crt_stdio_output::string_output_adapter<char> >::update_field_width"
0x00449F08,16,output.obj,0,?update_field_width@?$standard_base@_WV?$stream_output_adapter@_W@__crt_stdio_output@@@__crt_stdio_output@@IAE_NXZ,"__crt_stdio_output::standard_base<wchar_t,__crt_stdio_output::stream_output_adapter<wchar_t> >::update_field_width"
0x00449F18,16,output.obj,0,?update_field_width@?$standard_base@_WV?$string_output_adapter@_W@__crt_stdio_output@@@__crt_stdio_output@@IAE_NXZ,"__crt_stdio_output::standard_base<wchar_t,__crt_stdio_output::string_output_adapter<wchar_t> >::update_field_width"
0x00449F28,180,output.obj,0,?update_precision@?$positional_parameter_base@DV?$stream_output_adapter@D@__crt_stdio_output@@@__crt_stdio_output@@IAE_NXZ,"__crt_stdio_output::positional_parameter_base<char,__crt_stdio_output::stream_output_adapter<char> >::update_precision"
0x00449FDC,180,output.obj,0,?update_precision@?$positional_parameter_base@DV?$string_output_adapter@D@__crt_stdio_output@@@__crt_stdio_output@@IAE_NXZ,"__crt_stdio_output::positional_parameter_base<char,__crt_stdio_output::string_output_adapter<char> >::update_precision"
0x0044A090,181,output.obj,0,?update_precision@?$positional_parameter_base@_WV?$stream_output_adapter@_W@__crt_stdio_output@@@__crt_stdio_output@@IAE_NXZ,"__crt_stdio_output::positional_parameter_base<wchar_t,__crt_stdio_output::stream_output_adapter<wchar_t> >::update_precision"
0x0044A145,181,output.obj,0,?update_precision@?$positional_parameter_base@_WV?$string_output_adapter@_W@__crt_stdio_output@@@__crt_stdio_output@@IAE_NXZ,"__crt_stdio_output::positional_parameter_base<wchar_t,__crt_stdio_output::string_output_adapter<wchar_t> >::update_precision"
0x0044A1FA,16,output.obj,0,?update_precision@?$standard_base@DV?$stream_output_adapter@D@__crt_stdio_output@@@__crt_stdio_output@@IAE_NXZ,"__crt_stdio_output::standard_base<char,__crt_stdio_output::stream_output_adapter<char> >::update_precision"
0x0044A20A,16,output.obj,0,?update_precision@?$standard_base@DV?$string_output_adapter@D@__crt_stdio_output@@@__crt_stdio_output@@IAE_NXZ,"__crt_stdio_output::standard_base<char,__crt_stdio_output::string_output_adapter<char> >::update_precision"
0x0044A21A,16,output.obj,0,?update_precision@?$standard_base@_WV?$stream_output_adapter@_W@__crt_stdio_output@@@__crt_stdio_output@@IAE_NXZ,"__crt_stdio_output::standard_base<wchar_t,__crt_stdio_output::stream_output_adapter<wchar_t> >::update_precision"
0x0044A22A,16,output.obj,0,?update_precision@?$standard_base@_WV?$string_output_adapter@_W@__crt_stdio_output@@@__crt_stdio_output@@IAE_NXZ,"__crt_stdio_output::standard_base<wchar_t,__crt_stdio_output::string_output_adapter<wchar_t> >::update_precision"
0x0044A23A,7,output.obj,0,?valid@__crt_stdio_stream@@QBE_NXZ,__crt_stdio_stream::valid
0x0044A241,33,output.obj,0,?validate@?$stream_output_adapter@D@__crt_stdio_output@@QBE_NXZ,__crt_stdio_output::stream_output_adapter<char>::validate
0x0044A262,27,output.obj,0,?validate@?$stream_output_adapter@_W@__crt_stdio_output@@QBE_NXZ,__crt_stdio_output::stream_output_adapter<wchar_t>::validate
0x0044A27D,27,output.obj,0,?validate@?$string_output_adapter@D@__crt_stdio_output@@QBE_NXZ,__crt_stdio_output::string_output_adapter<char>::validate
0x0044A298,27,output.obj,0,?validate@?$string_output_adapter@_W@__crt_stdio_output@@QBE_NXZ,__crt_stdio_output::string_output_adapter<wchar_t>::validate
0x0044A2B3,75,output.obj,0,?validate_and_store_parameter_data@?$positional_parameter_base@DV?$stream_output_adapter@D@__crt_stdio_output@@@__crt_stdio_output@@AAE_NAAUparameter_data@12@W4parameter_type@12@DW4length_modifier@2@@Z,"__crt_stdio_output::positional_parameter_base<char,__crt_stdio_output::stream_output_adapter<char> >::validate_and_store_parameter_data"
0x0044A2FE,75,output.obj,0,?validate_and_store_parameter_data@?$positional_parameter_base@DV?$string_output_adapter@D@__crt_stdio_output@@@__crt_stdio_output@@AAE_NAAUparameter_data@12@W4parameter_type@12@DW4length_modifier@2@@Z,"__crt_stdio_output::positional_parameter_base<char,__crt_stdio_output::string_output_adapter<char> >::validate_and_store_parameter_data"
0x0044A349,77,output.obj,0,?validate_and_store_parameter_data@?$positional_parameter_base@_WV?$stream_output_adapter@_W@__crt_stdio_output@@@__crt_stdio_output@@AAE_NAAUparameter_data@12@W4parameter_type@12@_WW4length_modifier@2@@Z,"__crt_stdio_output::positional_parameter_base<wchar_t,__crt_stdio_output::stream_output_adapter<wchar_t> >::validate_and_store_parameter_data"
0x0044A396,77,output.obj,0,?validate_and_store_parameter_data@?$positional_parameter_base@_WV?$string_output_adapter@_W@__crt_stdio_output@@@__crt_stdio_output@@AAE_NAAUparameter_data@12@W4parameter_type@12@_WW4length_modifier@2@@Z,"__crt_stdio_output::positional_parameter_base<wchar_t,__crt_stdio_output::string_output_adapter<wchar_t> >::validate_and_store_parameter_data"
0x0044A3E3,248,output.obj,0,?validate_and_update_state_at_beginning_of_format_character@?$positional_parameter_base@DV?$stream_output_adapter@D@__crt_stdio_output@@@__crt_stdio_output@@IAE_NXZ,"__crt_stdio_output::positional_parameter_base<char,__crt_stdio_output::stream_output_adapter<char> >::validate_and_update_state_at_beginning_of_format_character"
0x0044A4DB,248,output.obj,0,?validate_and_update_state_at_beginning_of_format_character@?$positional_parameter_base@DV?$string_output_adapter@D@__crt_stdio_output@@@__crt_stdio_output@@IAE_NXZ,"__crt_stdio_output::positional_parameter_base<char,__crt_stdio_output::string_output_adapter<char> >::validate_and_update_state_at_beginning_of_format_character"
0x0044A5D3,257,output.obj,0,?validate_and_update_state_at_beginning_of_format_character@?$positional_parameter_base@_WV?$stream_output_adapter@_W@__crt_stdio_output@@@__crt_stdio_output@@IAE_NXZ,"__crt_stdio_output::positional_parameter_base<wchar_t,__crt_stdio_output::stream_output_adapter<wchar_t> >::validate_and_update_state_at_beginning_of_format_character"
0x0044A6D4,257,output.obj,0,?validate_and_update_state_at_beginning_of_format_character@?$positional_parameter_base@_WV?$string_output_adapter@_W@__crt_stdio_output@@@__crt_stdio_output@@IAE_NXZ,"__crt_stdio_output::positional_parameter_base<wchar_t,__crt_stdio_output::string_output_adapter<wchar_t> >::validate_and_update_state_at_beginning_of_format_character"
0x0044A7D5,3,output.obj,0,?validate_and_update_state_at_beginning_of_format_character@?$standard_base@DV?$stream_output_adapter@D@__crt_stdio_output@@@__crt_stdio_output@@IAE_NXZ,"__crt_stdio_output::standard_base<char,__crt_stdio_output::stream_output_adapter<char> >::validate_and_update_state_at_beginning_of_format_character"
0x0044A7D8,3,output.obj,0,?validate_and_update_state_at_beginning_of_format_character@?$standard_base@DV?$string_output_adapter@D@__crt_stdio_output@@@__crt_stdio_output@@IAE_NXZ,"__crt_stdio_output::standard_base<char,__crt_stdio_output::string_output_adapter<char> >::validate_and_update_state_at_beginning_of_format_character"
0x0044A7DB,3,output.obj,0,?validate_and_update_state_at_beginning_of_format_character@?$standard_base@_WV?$stream_output_adapter@_W@__crt_stdio_output@@@__crt_stdio_output@@IAE_NXZ,"__crt_stdio_output::standard_base<wchar_t,__crt_stdio_output::stream_output_adapter<wchar_t> >::validate_and_update_state_at_beginning_of_format_character"
0x0044A7DE,3,output.obj,0,?validate_and_update_state_at_beginning_of_format_character@?$standard_base@_WV?$string_output_adapter@_W@__crt_stdio_output@@@__crt_stdio_output@@IAE_NXZ,"__crt_stdio_output::standard_base<wchar_t,__crt_stdio_output::string_output_adapter<wchar_t> >::validate_and_update_state_at_beginning_of_format_character"
0x0044A7E1,34,output.obj,0,?validate_and_update_state_at_end_of_format_string@?$format_validation_base@DV?$stream_output_adapter@D@__crt_stdio_output@@@__crt_stdio_output@@IBE_NXZ,"__crt_stdio_output::format_validation_base<char,__crt_stdio_output::stream_output_adapter<char> >::validate_and_update_state_at_end_of_format_string"
0x0044A803,34,output.obj,0,?validate_and_update_state_at_end_of_format_string@?$format_validation_base@DV?$string_output_adapter@D@__crt_stdio_output@@@__crt_stdio_output@@IBE_NXZ,"__crt_stdio_output::format_validation_base<char,__crt_stdio_output::string_output_adapter<char> >::validate_and_update_state_at_end_of_format_string"
0x0044A825,34,output.obj,0,?validate_and_update_state_at_end_of_format_string@?$format_validation_base@_WV?$stream_output_adapter@_W@__crt_stdio_output@@@__crt_stdio_output@@IBE_NXZ,"__crt_stdio_output::format_validation_base<wchar_t,__crt_stdio_output::stream_output_adapter<wchar_t> >::validate_and_update_state_at_end_of_format_string"
0x0044A847,34,output.obj,0,?validate_and_update_state_at_end_of_format_string@?$format_validation_base@_WV?$string_output_adapter@_W@__crt_stdio_output@@@__crt_stdio_output@@IBE_NXZ,"__crt_stdio_output::format_validation_base<wchar_t,__crt_stdio_output::string_output_adapter<wchar_t> >::validate_and_update_state_at_end_of_format_string"
0x0044A869,144,output.obj,0,?validate_and_update_state_at_end_of_format_string@?$positional_parameter_base@DV?$stream_output_adapter@D@__crt_stdio_output@@@__crt_stdio_output@@IAE_NXZ,"__crt_stdio_output::positional_parameter_base<char,__crt_stdio_output::stream_output_adapter<char> >::validate_and_update_state_at_end_of_format_string"
0x0044A8F9,144,output.obj,0,?validate_and_update_state_at_end_of_format_string@?$positional_parameter_base@DV?$string_output_adapter@D@__crt_stdio_output@@@__crt_stdio_output@@IAE_NXZ,"__crt_stdio_output::positional_parameter_base<char,__crt_stdio_output::string_output_adapter<char> >::validate_and_update_state_at_end_of_format_string"
0x0044A989,144,output.obj,0,?validate_and_update_state_at_end_of_format_string@?$positional_parameter_base@_WV?$stream_output_adapter@_W@__crt_stdio_output@@@__crt_stdio_output@@IAE_NXZ,"__crt_stdio_output::positional_parameter_base<wchar_t,__crt_stdio_output::stream_output_adapter<wchar_t> >::validate_and_update_state_at_end_of_format_string"
0x0044AA19,144,output.obj,0,?validate_and_update_state_at_end_of_format_string@?$positional_parameter_base@_WV?$string_output_adapter@_W@__crt_stdio_output@@@__crt_stdio_output@@IAE_NXZ,"__crt_stdio_output::positional_parameter_base<wchar_t,__crt_stdio_output::string_output_adapter<wchar_t> >::validate_and_update_state_at_end_of_format_string"
0x0044AAA9,3,output.obj,0,?validate_and_update_state_at_end_of_format_string@?$standard_base@DV?$stream_output_adapter@D@__crt_stdio_output@@@__crt_stdio_output@@IBE_NXZ,"__crt_stdio_output::standard_base<char,__crt_stdio_output::stream_output_adapter<char> >::validate_and_update_state_at_end_of_format_string"
0x0044AAAC,3,output.obj,0,?validate_and_update_state_at_end_of_format_string@?$standard_base@DV?$string_output_adapter@D@__crt_stdio_output@@@__crt_stdio_output@@IBE_NXZ,"__crt_stdio_output::standard_base<char,__crt_stdio_output::string_output_adapter<char> >::validate_and_update_state_at_end_of_format_string"
0x0044AAAF,3,output.obj,0,?validate_and_update_state_at_end_of_format_string@?$standard_base@_WV?$stream_output_adapter@_W@__crt_stdio_output@@@__crt_stdio_output@@IBE_NXZ,"__crt_stdio_output::standard_base<wchar_t,__crt_stdio_output::stream_output_adapter<wchar_t> >::validate_and_update_state_at_end_of_format_string"
0x0044AAB2,3,output.obj,0,?validate_and_update_state_at_end_of_format_string@?$standard_base@_WV?$string_output_adapter@_W@__crt_stdio_output@@@__crt_stdio_output@@IBE_NXZ,"__crt_stdio_output::standard_base<wchar_t,__crt_stdio_output::string_output_adapter<wchar_t> >::validate_and_update_state_at_end_of_format_string"
0x0044AAB5,79,output.obj,0,?validate_state_for_type_case_a@?$positional_parameter_base@DV?$stream_output_adapter@D@__crt_stdio_output@@@__crt_stdio_output@@IAE_NXZ,"__crt_stdio_output::positional_parameter_base<char,__crt_stdio_output::stream_output_adapter<char> >::validate_state_for_type_case_a"
0x0044AB04,79,output.obj,0,?validate_state_for_type_case_a@?$positional_parameter_base@DV?$string_output_adapter@D@__crt_stdio_output@@@__crt_stdio_output@@IAE_NXZ,"__crt_stdio_output::positional_parameter_base<char,__crt_stdio_output::string_output_adapter<char> >::validate_state_for_type_case_a"
0x0044AB53,79,output.obj,0,?validate_state_for_type_case_a@?$positional_parameter_base@_WV?$stream_output_adapter@_W@__crt_stdio_output@@@__crt_stdio_output@@IAE_NXZ,"__crt_stdio_output::positional_parameter_base<wchar_t,__crt_stdio_output::stream_output_adapter<wchar_t> >::validate_state_for_type_case_a"
0x0044ABA2,79,output.obj,0,?validate_state_for_type_case_a@?$positional_parameter_base@_WV?$string_output_adapter@_W@__crt_stdio_output@@@__crt_stdio_output@@IAE_NXZ,"__crt_stdio_output::positional_parameter_base<wchar_t,__crt_stdio_output::string_output_adapter<wchar_t> >::validate_state_for_type_case_a"
0x0044ABF1,3,output.obj,0,?validate_state_for_type_case_a@?$standard_base@DV?$stream_output_adapter@D@__crt_stdio_output@@@__crt_stdio_output@@IBE_NXZ,"__crt_stdio_output::standard_base<char,__crt_stdio_output::stream_output_adapter<char> >::validate_state_for_type_case_a"
0x0044ABF4,3,output.obj,0,?validate_state_for_type_case_a@?$standard_base@DV?$string_output_adapter@D@__crt_stdio_output@@@__crt_stdio_output@@IBE_NXZ,"__crt_stdio_output::standard_base<char,__crt_stdio_output::string_output_adapter<char> >::validate_state_for_type_case_a"
0x0044ABF7,3,output.obj,0,?validate_state_for_type_case_a@?$standard_base@_WV?$stream_output_adapter@_W@__crt_stdio_output@@@__crt_stdio_output@@IBE_NXZ,"__crt_stdio_output::standard_base<wchar_t,__crt_stdio_output::stream_output_adapter<wchar_t> >::validate_state_for_type_case_a"
0x0044ABFA,3,output.obj,0,?validate_state_for_type_case_a@?$standard_base@_WV?$string_output_adapter@_W@__crt_stdio_output@@@__crt_stdio_output@@IBE_NXZ,"__crt_stdio_output::standard_base<wchar_t,__crt_stdio_output::string_output_adapter<wchar_t> >::validate_state_for_type_case_a"
0x0044ABFD,135,output.obj,0,?validate_stream_is_ansi_if_required@?$__acrt_stdio_char_traits@D@@SA_NQAU_iobuf@@@Z,__acrt_stdio_char_traits<char>::validate_stream_is_ansi_if_required
0x0044AC84,3,output.obj,0,?validate_stream_is_ansi_if_required@?$__acrt_stdio_char_traits@_W@@SA_NQAU_iobuf@@@Z,__acrt_stdio_char_traits<wchar_t>::validate_stream_is_ansi_if_required
0x0044AC87,6,output.obj,0,?wide_null_string@?$output_processor@DV?$stream_output_adapter@D@__crt_stdio_output@@V?$format_validation_base@DV?$stream_output_adapter@D@__crt_stdio_output@@@2@@__crt_stdio_output@@CAPA_WXZ,"__crt_stdio_output::output_processor<char,__crt_stdio_output::stream_output_adapter<char>,__crt_stdio_output::format_validation_base<char,__crt_stdio_output::stream_output_adapter<char> > >::wide_null_string"
0x0044AC8D,6,output.obj,0,?wide_null_string@?$output_processor@DV?$stream_output_adapter@D@__crt_stdio_output@@V?$positional_parameter_base@DV?$stream_output_adapter@D@__crt_stdio_output@@@2@@__crt_stdio_output@@CAPA_WXZ,"__crt_stdio_output::output_processor<char,__crt_stdio_output::stream_output_adapter<char>,__crt_stdio_output::positional_parameter_base<char,__crt_stdio_output::stream_output_adapter<char> > >::wide_null_string"
0x0044AC93,6,output.obj,0,?wide_null_string@?$output_processor@DV?$stream_output_adapter@D@__crt_stdio_output@@V?$standard_base@DV?$stream_output_adapter@D@__crt_stdio_output@@@2@@__crt_stdio_output@@CAPA_WXZ,"__crt_stdio_output::output_processor<char,__crt_stdio_output::stream_output_adapter<char>,__crt_stdio_output::standard_base<char,__crt_stdio_output::stream_output_adapter<char> > >::wide_null_string"
0x0044AC99,6,output.obj,0,?wide_null_string@?$output_processor@DV?$string_output_adapter@D@__crt_stdio_output@@V?$format_validation_base@DV?$string_output_adapter@D@__crt_stdio_output@@@2@@__crt_stdio_output@@CAPA_WXZ,"__crt_stdio_output::output_processor<char,__crt_stdio_output::string_output_adapter<char>,__crt_stdio_output::format_validation_base<char,__crt_stdio_output::string_output_adapter<char> > >::wide_null_string"
0x0044AC9F,6,output.obj,0,?wide_null_string@?$output_processor@DV?$string_output_adapter@D@__crt_stdio_output@@V?$positional_parameter_base@DV?$string_output_adapter@D@__crt_stdio_output@@@2@@__crt_stdio_output@@CAPA_WXZ,"__crt_stdio_output::output_processor<char,__crt_stdio_output::string_output_adapter<char>,__crt_stdio_output::positional_parameter_base<char,__crt_stdio_output::string_output_adapter<char> > >::wide_null_string"
0x0044ACA5,6,output.obj,0,?wide_null_string@?$output_processor@DV?$string_output_adapter@D@__crt_stdio_output@@V?$standard_base@DV?$string_output_adapter@D@__crt_stdio_output@@@2@@__crt_stdio_output@@CAPA_WXZ,"__crt_stdio_output::output_processor<char,__crt_stdio_output::string_output_adapter<char>,__crt_stdio_output::standard_base<char,__crt_stdio_output::string_output_adapter<char> > >::wide_null_string"
0x0044ACAB,6,output.obj,0,?wide_null_string@?$output_processor@_WV?$stream_output_adapter@_W@__crt_stdio_output@@V?$format_validation_base@_WV?$stream_output_adapter@_W@__crt_stdio_output@@@2@@__crt_stdio_output@@CAPA_WXZ,"__crt_stdio_output::output_processor<wchar_t,__crt_stdio_output::stream_output_adapter<wchar_t>,__crt_stdio_output::format_validation_base<wchar_t,__crt_stdio_output::stream_output_adapter<wchar_t> > >::wide_null_string"
0x0044ACB1,6,output.obj,0,?wide_null_string@?$output_processor@_WV?$stream_output_adapter@_W@__crt_stdio_output@@V?$positional_parameter_base@_WV?$stream_output_adapter@_W@__crt_stdio_output@@@2@@__crt_stdio_output@@CAPA_WXZ,"__crt_stdio_output::output_processor<wchar_t,__crt_stdio_output::stream_output_adapter<wchar_t>,__crt_stdio_output::positional_parameter_base<wchar_t,__crt_stdio_output::stream_output_adapter<wchar_t> > >::wide_null_string"
0x0044ACB7,6,output.obj,0,?wide_null_string@?$output_processor@_WV?$stream_output_adapter@_W@__crt_stdio_output@@V?$standard_base@_WV?$stream_output_adapter@_W@__crt_stdio_output@@@2@@__crt_stdio_output@@CAPA_WXZ,"__crt_stdio_output::output_processor<wchar_t,__crt_stdio_output::stream_output_adapter<wchar_t>,__crt_stdio_output::standard_base<wchar_t,__crt_stdio_output::stream_output_adapter<wchar_t> > >::wide_null_string"
0x0044ACBD,6,output.obj,0,?wide_null_string@?$output_processor@_WV?$string_output_adapter@_W@__crt_stdio_output@@V?$format_validation_base@_WV?$string_output_adapter@_W@__crt_stdio_output@@@2@@__crt_stdio_output@@CAPA_WXZ,"__crt_stdio_output::output_processor<wchar_t,__crt_stdio_output::string_output_adapter<wchar_t>,__crt_stdio_output::format_validation_base<wchar_t,__crt_stdio_output::string_output_adapter<wchar_t> > >::wide_null_string"
0x0044ACC3,6,output.obj,0,?wide_null_string@?$output_processor@_WV?$string_output_adapter@_W@__crt_stdio_output@@V?$positional_parameter_base@_WV?$string_output_adapter@_W@__crt_stdio_output@@@2@@__crt_stdio_output@@CAPA_WXZ,"__crt_stdio_output::output_processor<wchar_t,__crt_stdio_output::string_output_adapter<wchar_t>,__crt_stdio_output::positional_parameter_base<wchar_t,__crt_stdio_output::string_output_adapter<wchar_t> > >::wide_null_string"
0x0044ACC9,6,output.obj,0,?wide_null_string@?$output_processor@_WV?$string_output_adapter@_W@__crt_stdio_output@@V?$standard_base@_WV?$string_output_adapter@_W@__crt_stdio_output@@@2@@__crt_stdio_output@@CAPA_WXZ,"__crt_stdio_output::output_processor<wchar_t,__crt_stdio_output::string_output_adapter<wchar_t>,__crt_stdio_output::standard_base<wchar_t,__crt_stdio_output::string_output_adapter<wchar_t> > >::wide_null_string"
0x0044ACCF,31,output.obj,0,?write_character@?$output_adapter_common@DV?$stream_output_adapter@D@__crt_stdio_output@@@__crt_stdio_output@@QBEXDQAH@Z,"__crt_stdio_output::output_adapter_common<char,__crt_stdio_output::stream_output_adapter<char> >::write_character"
0x0044ACEE,31,output.obj,0,?write_character@?$output_adapter_common@_WV?$stream_output_adapter@_W@__crt_stdio_output@@@__crt_stdio_output@@QBEX_WQAH@Z,"__crt_stdio_output::output_adapter_common<wchar_t,__crt_stdio_output::stream_output_adapter<wchar_t> >::write_character"
0x0044AD0D,66,output.obj,0,?write_character@?$string_output_adapter@D@__crt_stdio_output@@QBE_NDQAH@Z,__crt_stdio_output::string_output_adapter<char>::write_character
0x0044AD4F,69,output.obj,0,?write_character@?$string_output_adapter@_W@__crt_stdio_output@@QBE_N_WQAH@Z,__crt_stdio_output::string_output_adapter<wchar_t>::write_character
0x0044AD94,54,output.obj,0,?write_character_without_count_update@?$stream_output_adapter@D@__crt_stdio_output@@QBE_ND@Z,__crt_stdio_output::stream_output_adapter<char>::write_character_without_count_update
0x0044ADCA,57,output.obj,0,?write_character_without_count_update@?$stream_output_adapter@_W@__crt_stdio_output@@QBE_N_W@Z,__crt_stdio_output::stream_output_adapter<wchar_t>::write_character_without_count_update
0x0044AE03,165,output.obj,0,?write_stored_string_tchar@?$output_processor@DV?$stream_output_adapter@D@__crt_stdio_output@@V?$format_validation_base@DV?$stream_output_adapter@D@__crt_stdio_output@@@2@@__crt_stdio_output@@AAE_ND@Z,"__crt_stdio_output::output_processor<char,__crt_stdio_output::stream_output_adapter<char>,__crt_stdio_output::format_validation_base<char,__crt_stdio_output::stream_output_adapter<char> > >::write_stored_string_tchar"
0x0044AEA8,165,output.obj,0,?write_stored_string_tchar@?$output_processor@DV?$stream_output_adapter@D@__crt_stdio_output@@V?$positional_parameter_base@DV?$stream_output_adapter@D@__crt_stdio_output@@@2@@__crt_stdio_output@@AAE_ND@Z,"__crt_stdio_output::output_processor<char,__crt_stdio_output::stream_output_adapter<char>,__crt_stdio_output::positional_parameter_base<char,__crt_stdio_output::stream_output_adapter<char> > >::write_stored_string_tchar"
0x0044AF4D,165,output.obj,0,?write_stored_string_tchar@?$output_processor@DV?$stream_output_adapter@D@__crt_stdio_output@@V?$standard_base@DV?$stream_output_adapter@D@__crt_stdio_output@@@2@@__crt_stdio_output@@AAE_ND@Z,"__crt_stdio_output::output_processor<char,__crt_stdio_output::stream_output_adapter<char>,__crt_stdio_output::standard_base<char,__crt_stdio_output::stream_output_adapter<char> > >::write_stored_string_tchar"
0x0044AFF2,165,output.obj,0,?write_stored_string_tchar@?$output_processor@DV?$string_output_adapter@D@__crt_stdio_output@@V?$format_validation_base@DV?$string_output_adapter@D@__crt_stdio_output@@@2@@__crt_stdio_output@@AAE_ND@Z,"__crt_stdio_output::output_processor<char,__crt_stdio_output::string_output_adapter<char>,__crt_stdio_output::format_validation_base<char,__crt_stdio_output::string_output_adapter<char> > >::write_stored_string_tchar"
0x0044B097,165,output.obj,0,?write_stored_string_tchar@?$output_processor@DV?$string_output_adapter@D@__crt_stdio_output@@V?$positional_parameter_base@DV?$string_output_adapter@D@__crt_stdio_output@@@2@@__crt_stdio_output@@AAE_ND@Z,"__crt_stdio_output::output_processor<char,__crt_stdio_output::string_output_adapter<char>,__crt_stdio_output::positional_parameter_base<char,__crt_stdio_output::string_output_adapter<char> > >::write_stored_string_tchar"
0x0044B13C,165,output.obj,0,?write_stored_string_tchar@?$output_processor@DV?$string_output_adapter@D@__crt_stdio_output@@V?$standard_base@DV?$string_output_adapter@D@__crt_stdio_output@@@2@@__crt_stdio_output@@AAE_ND@Z,"__crt_stdio_output::output_processor<char,__crt_stdio_output::string_output_adapter<char>,__crt_stdio_output::standard_base<char,__crt_stdio_output::string_output_adapter<char> > >::write_stored_string_tchar"
0x0044B1E1,141,output.obj,0,?write_stored_string_tchar@?$output_processor@_WV?$stream_output_adapter@_W@__crt_stdio_output@@V?$format_validation_base@_WV?$stream_output_adapter@_W@__crt_stdio_output@@@2@@__crt_stdio_output@@AAE_N_W@Z,"__crt_stdio_output::output_processor<wchar_t,__crt_stdio_output::stream_output_adapter<wchar_t>,__crt_stdio_output::format_validation_base<wchar_t,__crt_stdio_output::stream_output_adapter<wchar_t> > >::write_stored_string_tchar"
0x0044B26E,141,output.obj,0,?write_stored_string_tchar@?$output_processor@_WV?$stream_output_adapter@_W@__crt_stdio_output@@V?$positional_parameter_base@_WV?$stream_output_adapter@_W@__crt_stdio_output@@@2@@__crt_stdio_output@@AAE_N_W@Z,"__crt_stdio_output::output_processor<wchar_t,__crt_stdio_output::stream_output_adapter<wchar_t>,__crt_stdio_output::positional_parameter_base<wchar_t,__crt_stdio_output::stream_output_adapter<wchar_t> > >::write_stored_string_tchar"
0x0044B2FB,141,output.obj,0,?write_stored_string_tchar@?$output_processor@_WV?$stream_output_adapter@_W@__crt_stdio_output@@V?$standard_base@_WV?$stream_output_adapter@_W@__crt_stdio_output@@@2@@__crt_stdio_output@@AAE_N_W@Z,"__crt_stdio_output::output_processor<wchar_t,__crt_stdio_output::stream_output_adapter<wchar_t>,__crt_stdio_output::standard_base<wchar_t,__crt_stdio_output::stream_output_adapter<wchar_t> > >::write_stored_string_tchar"
0x0044B388,141,output.obj,0,?write_stored_string_tchar@?$output_processor@_WV?$string_output_adapter@_W@__crt_stdio_output@@V?$format_validation_base@_WV?$string_output_adapter@_W@__crt_stdio_output@@@2@@__crt_stdio_output@@AAE_N_W@Z,"__crt_stdio_output::output_processor<wchar_t,__crt_stdio_output::string_output_adapter<wchar_t>,__crt_stdio_output::format_validation_base<wchar_t,__crt_stdio_output::string_output_adapter<wchar_t> > >::write_stored_string_tchar"
0x0044B415,141,output.obj,0,?write_stored_string_tchar@?$output_processor@_WV?$string_output_adapter@_W@__crt_stdio_output@@V?$positional_parameter_base@_WV?$string_output_adapter@_W@__crt_stdio_output@@@2@@__crt_stdio_output@@AAE_N_W@Z,"__crt_stdio_output::output_processor<wchar_t,__crt_stdio_output::string_output_adapter<wchar_t>,__crt_stdio_output::positional_parameter_base<wchar_t,__crt_stdio_output::string_output_adapter<wchar_t> > >::write_stored_string_tchar"
0x0044B4A2,141,output.obj,0,?write_stored_string_tchar@?$output_processor@_WV?$string_output_adapter@_W@__crt_stdio_output@@V?$standard_base@_WV?$string_output_adapter@_W@__crt_stdio_output@@@2@@__crt_stdio_output@@AAE_N_W@Z,"__crt_stdio_output::output_processor<wchar_t,__crt_stdio_output::string_output_adapter<wchar_t>,__crt_stdio_output::standard_base<wchar_t,__crt_stdio_output::string_output_adapter<wchar_t> > >::write_stored_string_tchar"
0x0044B52F,44,output.obj,0,?write_string@?$stream_output_adapter@D@__crt_stdio_output@@QBEXQBDHQAHAAV__crt_deferred_errno_cache@@@Z,__crt_stdio_output::stream_output_adapter<char>::write_string
0x0044B55B,44,output.obj,0,?write_string@?$stream_output_adapter@_W@__crt_stdio_output@@QBEXQB_WHQAHAAV__crt_deferred_errno_cache@@@Z,__crt_stdio_output::stream_output_adapter<wchar_t>::write_string
0x0044B587,103,output.obj,0,?write_string@?$string_output_adapter@D@__crt_stdio_output@@QBEXQBDHQAHAAV__crt_deferred_errno_cache@@@Z,__crt_stdio_output::string_output_adapter<char>::write_string
0x0044B5EE,113,output.obj,0,?write_string@?$string_output_adapter@_W@__crt_stdio_output@@QBEXQB_WHQAHAAV__crt_deferred_errno_cache@@@Z,__crt_stdio_output::string_output_adapter<wchar_t>::write_string
0x0044B65F,158,output.obj,0,?write_string_impl@?$output_adapter_common@DV?$stream_output_adapter@D@__crt_stdio_output@@@__crt_stdio_output@@IBEXQBDHQAHAAV__crt_deferred_errno_cache@@@Z,"__crt_stdio_output::output_adapter_common<char,__crt_stdio_output::stream_output_adapter<char> >::write_string_impl"
0x0044B6FD,161,output.obj,0,?write_string_impl@?$output_adapter_common@_WV?$stream_output_adapter@_W@__crt_stdio_output@@@__crt_stdio_output@@IBEXQB_WHQAHAAV__crt_deferred_errno_cache@@@Z,"__crt_stdio_output::output_adapter_common<wchar_t,__crt_stdio_output::stream_output_adapter<wchar_t> >::write_string_impl"
0x0044B79E,19,output.obj,0,___acrt_disable_global_locale_sync,__acrt_disable_global_locale_sync
0x0044B7B1,21,output.obj,0,___acrt_enable_global_locale_sync,__acrt_enable_global_locale_sync
0x0044B7C6,30,output.obj,0,___acrt_isleadbyte_l_noupdate,__acrt_isleadbyte_l_noupdate
0x0044B7E4,11,output.obj,0,___acrt_locale_changed,__acrt_locale_changed
0x0044B7EF,34,output.obj,0,___acrt_locale_get_ctype_array_value,__acrt_locale_get_ctype_array_value
0x0044B811,131,output.obj,0,___stdio_common_vfprintf,__stdio_common_vfprintf
0x0044B894,131,output.obj,0,___stdio_common_vfprintf_p,__stdio_common_vfprintf_p
0x0044B917,131,output.obj,0,___stdio_common_vfprintf_s,__stdio_common_vfprintf_s
0x0044B99A,131,output.obj,0,___stdio_common_vfwprintf,__stdio_common_vfwprintf
0x0044BA1D,131,output.obj,0,___stdio_common_vfwprintf_p,__stdio_common_vfwprintf_p
0x0044BAA0,131,output.obj,0,___stdio_common_vfwprintf_s,__stdio_common_vfwprintf_s
0x0044BB23,39,output.obj,0,___stdio_common_vsnprintf_s,__stdio_common_vsnprintf_s
0x0044BB4A,39,output.obj,0,___stdio_common_vsnwprintf_s,__stdio_common_vsnwprintf_s
0x0044BB71,36,output.obj,0,___stdio_common_vsprintf,__stdio_common_vsprintf
0x0044BB95,36,output.obj,0,___stdio_common_vsprintf_p,__stdio_common_vsprintf_p
0x0044BBB9,36,output.obj,0,___stdio_common_vsprintf_s,__stdio_common_vsprintf_s
0x0044BBDD,36,output.obj,0,___stdio_common_vswprintf,__stdio_common_vswprintf
0x0044BC01,36,output.obj,0,___stdio_common_vswprintf_p,__stdio_common_vswprintf_p
0x0044BC25,36,output.obj,0,___stdio_common_vswprintf_s,__stdio_common_vswprintf_s
0x0044BC49,26,output.obj,0,__ctype_fast_check_internal,_ctype_fast_check_internal
0x0044BC63,26,output.obj,0,__isdigit_fast_internal,_isdigit_fast_internal
0x0044BC7D,25,output.obj,0,__tolower_fast_internal,_tolower_fast_internal
0x0044BCA0,14,sqrt.obj,0,_sqrt,sqrt
0x0044BCAE,3,qsort.obj,0,??1scoped_global_state_reset@__crt_state_management@@QAE@XZ,__crt_state_management::scoped_global_state_reset::~scoped_global_state_reset
0x0044BD80,1262,qsort.obj,0,_qsort,qsort
0x0044C270,67,acos.obj,0,_acos,acos
0x0044C2C0,67,cos.obj,0,_cos,cos
0x0044C30F,71,fabs.obj,0,_fabs,fabs
0x0044C360,67,sin.obj,0,_sin,sin
0x0044C3B0,139,strlen.obj,0,_strlen,strlen
0x0044C8FB,65,xtoa.obj,0,__i64toa,_i64toa
0x0044C93C,63,xtoa.obj,0,__i64toa_s,_i64toa_s
0x0044C97B,65,xtoa.obj,0,__i64tow,_i64tow
0x0044C9BC,63,xtoa.obj,0,__i64tow_s,_i64tow_s
0x0044C9FB,53,xtoa.obj,0,__itoa,_itoa
0x0044CA30,51,xtoa.obj,0,__itoa_s,_itoa_s
0x0044CA63,53,xtoa.obj,0,__itow,_itow
0x0044CA98,51,xtoa.obj,0,__itow_s,_itow_s
0x0044CACB,53,xtoa.obj,0,__ltoa,_ltoa
0x0044CB00,51,xtoa.obj,0,__ltoa_s,_ltoa_s
0x0044CB33,53,xtoa.obj,0,__ltow,_ltow
0x0044CB68,51,xtoa.obj,0,__ltow_s,_ltow_s
0x0044CB9B,34,xtoa.obj,0,__ui64toa,_ui64toa
0x0044CBBD,32,xtoa.obj,0,__ui64toa_s,_ui64toa_s
0x0044CBDD,34,xtoa.obj,0,__ui64tow,_ui64tow
0x0044CBFF,32,xtoa.obj,0,__ui64tow_s,_ui64tow_s
0x0044CC1F,31,xtoa.obj,0,__ultoa,_ultoa
0x0044CC3E,29,xtoa.obj,0,__ultoa_s,_ultoa_s
0x0044CC5B,31,xtoa.obj,0,__ultow,_ultow
0x0044CC7A,29,xtoa.obj,0,__ultow_s,_ultow_s
0x0044CC97,33,rand.obj,0,_rand,rand
0x0044CCB8,18,rand.obj,0,_srand,srand
0x0044CCD0,140,strcmp.obj,0,_strcmp,strcmp
0x0044CD60,7,strcat.obj,0,_strcpy,strcpy
0x0044CD70,232,strcat.obj,0,_strcat,strcat
0x0044CE58,16,strlwr.obj,0,??0?$__crt_scoped_stack_ptr@D@@QAE@U?$__crt_scoped_stack_ptr_tag@D@@@Z,__crt_scoped_stack_ptr<char>::__crt_scoped_stack_ptr<char>
0x0044CE68,16,strlwr.obj,0,??0?$__crt_scoped_stack_ptr_tag@D@@QAE@QAD@Z,__crt_scoped_stack_ptr_tag<char>::__crt_scoped_stack_ptr_tag<char>
0x0044CE78,9,strlwr.obj,0,??1?$__crt_scoped_stack_ptr@D@@QAE@XZ,__crt_scoped_stack_ptr<char>::~__crt_scoped_stack_ptr<char>
0x0044CE81,7,strlwr.obj,0,??B?$__crt_scoped_stack_ptr@D@@QBE_NXZ,__crt_scoped_stack_ptr<char>::operator bool
0x0044CFF4,3,strlwr.obj,0,?get@?$__crt_scoped_stack_ptr@D@@QBEPADXZ,__crt_scoped_stack_ptr<char>::get
0x0044CFF7,19,strlwr.obj,0,__MallocaComputeSize,_MallocaComputeSize
0x0044D00A,22,strlwr.obj,0,__MarkAllocaS,_MarkAllocaS
0x0044D020,32,strlwr.obj,0,__freea_crt,_freea_crt
0x0044D040,92,strlwr.obj,0,__strlwr,_strlwr
0x0044D09C,26,strlwr.obj,0,__strlwr_l,_strlwr_l
0x0044D0B6,23,strlwr.obj,0,__strlwr_s,_strlwr_s
0x0044D0CD,55,strlwr.obj,0,__strlwr_s_l,_strlwr_s_l
0x0044D110,292,strncpy.obj,0,_strncpy,strncpy
0x0044D3A0,92,strupr.obj,0,__strupr,_strupr
0x0044D3FC,26,strupr.obj,0,__strupr_l,_strupr_l
0x0044D416,23,strupr.obj,0,__strupr_s,_strupr_s
0x0044D42D,55,strupr.obj,0,__strupr_s_l,_strupr_s_l
0x0044D464,12,fclose.obj,0,?is_in_use@__crt_stdio_stream@@QBE_NXZ,__crt_stdio_stream::is_in_use
0x0044D470,119,fclose.obj,0,__fclose_nolock,_fclose_nolock
0x0044D4E7,132,fclose.obj,0,_fclose,fclose
0x0044D6F0,18,fgets.obj,0,??$getc_nolock@PAU_iobuf@@@?$__crt_char_traits@D@@SAH$$QAPAU_iobuf@@@Z,__crt_char_traits<char>::getc_nolock<_iobuf *>
0x0044D702,18,fgets.obj,0,??$getc_nolock@PAU_iobuf@@@?$__crt_char_traits@_W@@SAG$$QAPAU_iobuf@@@Z,__crt_char_traits<wchar_t>::getc_nolock<_iobuf *>
0x0044D714,11,fgets.obj,0,_fgets,fgets
0x0044D71F,11,fgets.obj,0,_fgetws,fgetws
0x0044D925,35,fopen.obj,0,??$open_file@ABQBDABQBDABHPAU_iobuf@@@?$__crt_char_traits@D@@SAPAU_iobuf@@ABQBD0ABH$$QAPAU1@@Z,"__crt_char_traits<char>::open_file<char const * const &,char const * const &,int const &,_iobuf *>"
0x0044D948,35,fopen.obj,0,??$open_file@ABQB_WABQB_WABHPAU_iobuf@@@?$__crt_char_traits@_W@@SAPAU_iobuf@@ABQB_W0ABH$$QAPAU1@@Z,"__crt_char_traits<wchar_t>::open_file<wchar_t const * const &,wchar_t const * const &,int const &,_iobuf *>"
0x0044D96B,9,fopen.obj,0,?unlock@__crt_stdio_stream@@QBEXXZ,__crt_stdio_stream::unlock
0x0044D974,11,fopen.obj,0,__fsopen,_fsopen
0x0044D97F,23,fopen.obj,0,__wfopen,_wfopen
0x0044D996,71,fopen.obj,0,__wfopen_s,_wfopen_s
0x0044D9DD,11,fopen.obj,0,__wfsopen,_wfsopen
0x0044D9E8,23,fopen.obj,0,_fopen,fopen
0x0044D9FF,71,fopen.obj,0,_fopen_s,fopen_s
0x0044DA46,26,abs.obj,0,__abs64,_abs64
0x0044DA60,15,abs.obj,0,_abs,abs
0x0044DA6F,6,new_handler.obj,0,??$?B$$A6AHI@Z@__crt_fast_encoded_nullptr_t@@QBEP6AHI@ZXZ,__crt_fast_encoded_nullptr_t::operator<int __cdecl(unsigned int)> int (__cdecl*)(unsigned int)
0x0044DA75,22,new_handler.obj,0,??$__crt_fast_decode_pointer@P6AHI@Z@@YAP6AHI@ZQ6AHI@Z@Z,__crt_fast_decode_pointer<int (__cdecl*)(unsigned int)>
0x0044DA8B,31,new_handler.obj,0,??$__crt_fast_encode_pointer@P6AHI@Z@@YAP6AHI@ZQ6AHI@Z@Z,__crt_fast_encode_pointer<int (__cdecl*)(unsigned int)>
0x0044DAAA,11,new_handler.obj,0,?__crt_fast_encode_pointer@@YA?AU__crt_fast_encoded_nullptr_t@@$$T@Z,__crt_fast_encode_pointer
0x0044DAB5,15,new_handler.obj,0,?__crt_rotate_pointer_value@@YAIIH@Z,__crt_rotate_pointer_value
0x0044DAC4,13,new_handler.obj,0,?_set_new_handler@@YAP6AHI@ZH@Z,_set_new_handler
0x0044DAD1,3,new_handler.obj,0,?get_current_state_index@__crt_state_management@@YAIXZ,__crt_state_management::get_current_state_index
0x0044DAD4,38,new_handler.obj,0,?initialize@?$dual_state_global@P6AHI@Z@__crt_state_management@@QAEXQ6AHI@Z@Z,__crt_state_management::dual_state_global<int (__cdecl*)(unsigned int)>::initialize
0x0044DAFA,3,new_handler.obj,0,?value@?$dual_state_global@P6AHI@Z@__crt_state_management@@QAEAAP6AHI@ZXZ,__crt_state_management::dual_state_global<int (__cdecl*)(unsigned int)>::value
0x0044DAFD,15,new_handler.obj,0,___acrt_initialize_new_handler,__acrt_initialize_new_handler
0x0044DB0C,45,new_handler.obj,0,__callnewh,_callnewh
0x0044DB39,92,new_handler.obj,0,__query_new_handler,_query_new_handler
0x0044DB95,106,new_handler.obj,0,__set_new_handler,_set_new_handler
0x0044DBFF,11,malloc.obj,0,_malloc,malloc
0x0044DC2E,32,exception_filter.obj,0,__seh_filter_dll,_seh_filter_dll
0x0044DC4E,344,exception_filter.obj,0,__seh_filter_exe,_seh_filter_exe
0x0044DDA6,6,exit.obj,0,??$?B$$A6GXPAXK0@Z@__crt_fast_encoded_nullptr_t@@QBEP6GXPAXK0@ZXZ,"__crt_fast_encoded_nullptr_t::operator<void __stdcall(void *,unsigned long,void *)> void (__stdcall*)(void *,unsigned long,void *)"
0x0044DE1F,22,exit.obj,0,??$__crt_fast_decode_pointer@P6GXPAXK0@Z@@YAP6GXPAXK0@ZQ6GX0K0@Z@Z,"__crt_fast_decode_pointer<void (__stdcall*)(void *,unsigned long,void *)>"
0x0044DE35,31,exit.obj,0,??$__crt_fast_encode_pointer@P6GXPAXK0@Z@@YAP6GXPAXK0@ZQ6GX0K0@Z@Z,"__crt_fast_encode_pointer<void (__stdcall*)(void *,unsigned long,void *)>"
0x0044DE54,19,exit.obj,0,??$__crt_get_proc_address@P6GXI@Z@@YAP6GXI@ZQAUHINSTANCE__@@QBD@Z,__crt_get_proc_address<void (__stdcall*)(unsigned int)>
0x0044DEA7,16,exit.obj,0,??0?$__crt_unique_handle_t@U__crt_hmodule_traits@@@@QAE@QAUHINSTANCE__@@@Z,__crt_unique_handle_t<__crt_hmodule_traits>::__crt_unique_handle_t<__crt_hmodule_traits>
0x0044DEB7,23,exit.obj,0,??1?$__crt_unique_handle_t@U__crt_hmodule_traits@@@@QAE@XZ,__crt_unique_handle_t<__crt_hmodule_traits>::~__crt_unique_handle_t<__crt_hmodule_traits>
0x0044DFBA,4,exit.obj,0,?__acrt_select_exit_lock@@YA?AW4__acrt_lock_id@@XZ,__acrt_select_exit_lock
0x0044DFD1,23,exit.obj,0,?close@?$__crt_unique_handle_t@U__crt_hmodule_traits@@@@QAEXXZ,__crt_unique_handle_t<__crt_hmodule_traits>::close
0x0044DFE8,21,exit.obj,0,?close@__crt_hmodule_traits@@SA_NPAUHINSTANCE__@@@Z,__crt_hmodule_traits::close
0x0044E0A3,3,exit.obj,0,?get@?$__crt_unique_handle_t@U__crt_hmodule_traits@@@@QBEPAUHINSTANCE__@@XZ,__crt_unique_handle_t<__crt_hmodule_traits>::get
0x0044E0A6,3,exit.obj,0,?get_address_of@?$__crt_unique_handle_t@U__crt_hmodule_traits@@@@QAEPAPAUHINSTANCE__@@XZ,__crt_unique_handle_t<__crt_hmodule_traits>::get_address_of
0x0044E0A9,3,exit.obj,0,?get_invalid_value@__crt_hmodule_traits@@SAPAUHINSTANCE__@@XZ,__crt_hmodule_traits::get_invalid_value
0x0044E164,22,exit.obj,0,__Exit,_Exit
0x0044E17A,15,exit.obj,0,___acrt_initialize_thread_local_exit_callback,__acrt_initialize_thread_local_exit_callback
0x0044E189,15,exit.obj,0,__c_exit,_c_exit
0x0044E198,15,exit.obj,0,__cexit,_cexit
0x0044E1A7,22,exit.obj,0,__exit,_exit
0x0044E1BD,7,exit.obj,0,__is_c_termination_complete,_is_c_termination_complete
0x0044E1C4,38,exit.obj,0,__register_thread_local_exe_atexit_callback,_register_thread_local_exe_atexit_callback
0x0044E1EA,22,exit.obj,0,_exit,exit
0x0044E200,22,exit.obj,0,_quick_exit,quick_exit
0x0044E216,18,argv_parsing.obj,0,??$?RE@__crt_internal_free_policy@@QBEXQBE@Z,__crt_internal_free_policy::operator()<unsigned char>
0x0044E228,18,argv_parsing.obj,0,??$?RPAD@__crt_internal_free_policy@@QBEXQBQAD@Z,__crt_internal_free_policy::operator()<char *>
0x0044E23A,18,argv_parsing.obj,0,??$?RPA_W@__crt_internal_free_policy@@QBEXQBQA_W@Z,__crt_internal_free_policy::operator()<wchar_t *>
0x0044E4B1,28,argv_parsing.obj,0,??$get_module_file_name@$$TAAY0BAF@DH@?$__crt_char_traits@D@@SAK$$QA$$TAAY0BAF@D$$QAH@Z,"__crt_char_traits<char>::get_module_file_name<std::nullptr_t,char (&)[261],int>"
0x0044E4CD,26,argv_parsing.obj,0,??$get_module_file_name@$$TAAY0BAF@_WH@?$__crt_char_traits@_W@@SAK$$QA$$TAAY0BAF@_W$$QAH@Z,"__crt_char_traits<wchar_t>::get_module_file_name<std::nullptr_t,wchar_t (&)[261],int>"
0x0044E7EF,17,argv_parsing.obj,0,??$set_program_name@PAD@?$__crt_char_traits@D@@SAX$$QAPAD@Z,__crt_char_traits<char>::set_program_name<char *>
0x0044E800,17,argv_parsing.obj,0,??$set_program_name@PA_W@?$__crt_char_traits@_W@@SAX$$QAPA_W@Z,__crt_char_traits<wchar_t>::set_program_name<wchar_t *>
0x0044E831,16,argv_parsing.obj,0,??0?$__crt_unique_heap_ptr@EU__crt_internal_free_policy@@@@QAE@QAE@Z,"__crt_unique_heap_ptr<unsigned char,__crt_internal_free_policy>::__crt_unique_heap_ptr<unsigned char,__crt_internal_free_policy>"
0x0044E841,16,argv_parsing.obj,0,??0?$__crt_unique_heap_ptr@PADU__crt_internal_free_policy@@@@QAE@QAPAD@Z,"__crt_unique_heap_ptr<char *,__crt_internal_free_policy>::__crt_unique_heap_ptr<char *,__crt_internal_free_policy>"
0x0044E851,16,argv_parsing.obj,0,??0?$__crt_unique_heap_ptr@PA_WU__crt_internal_free_policy@@@@QAE@QAPA_W@Z,"__crt_unique_heap_ptr<wchar_t *,__crt_internal_free_policy>::__crt_unique_heap_ptr<wchar_t *,__crt_internal_free_policy>"
0x0044E861,18,argv_parsing.obj,0,??1?$__crt_unique_heap_ptr@EU__crt_internal_free_policy@@@@QAE@XZ,"__crt_unique_heap_ptr<unsigned char,__crt_internal_free_policy>::~__crt_unique_heap_ptr<unsigned char,__crt_internal_free_policy>"
0x0044E873,18,argv_parsing.obj,0,??1?$__crt_unique_heap_ptr@PADU__crt_internal_free_policy@@@@QAE@XZ,"__crt_unique_heap_ptr<char *,__crt_internal_free_policy>::~__crt_unique_heap_ptr<char *,__crt_internal_free_policy>"
0x0044E885,18,argv_parsing.obj,0,??1?$__crt_unique_heap_ptr@PA_WU__crt_internal_free_policy@@@@QAE@XZ,"__crt_unique_heap_ptr<wchar_t *,__crt_internal_free_policy>::~__crt_unique_heap_ptr<wchar_t *,__crt_internal_free_policy>"
0x0044E897,7,argv_parsing.obj,0,??B?$__crt_unique_heap_ptr@EU__crt_internal_free_policy@@@@QBE_NXZ,"__crt_unique_heap_ptr<unsigned char,__crt_internal_free_policy>::operator bool"
0x0044E8CA,6,argv_parsing.obj,0,?detach@?$__crt_unique_heap_ptr@EU__crt_internal_free_policy@@@@QAEPAEXZ,"__crt_unique_heap_ptr<unsigned char,__crt_internal_free_policy>::detach"
0x0044E8D0,6,argv_parsing.obj,0,?detach@?$__crt_unique_heap_ptr@PADU__crt_internal_free_policy@@@@QAEPAPADXZ,"__crt_unique_heap_ptr<char *,__crt_internal_free_policy>::detach"
0x0044E8D6,6,argv_parsing.obj,0,?detach@?$__crt_unique_heap_ptr@PA_WU__crt_internal_free_policy@@@@QAEPAPA_WXZ,"__crt_unique_heap_ptr<wchar_t *,__crt_internal_free_policy>::detach"
0x0044E8FA,3,argv_parsing.obj,0,?get@?$__crt_unique_heap_ptr@EU__crt_internal_free_policy@@@@QBEPAEXZ,"__crt_unique_heap_ptr<unsigned char,__crt_internal_free_policy>::get"
0x0044E8FD,3,argv_parsing.obj,0,?get@?$__crt_unique_heap_ptr@PADU__crt_internal_free_policy@@@@QBEPAPADXZ,"__crt_unique_heap_ptr<char *,__crt_internal_free_policy>::get"
0x0044E900,3,argv_parsing.obj,0,?get@?$__crt_unique_heap_ptr@PA_WU__crt_internal_free_policy@@@@QBEPAPA_WXZ,"__crt_unique_heap_ptr<wchar_t *,__crt_internal_free_policy>::get"
0x0044E903,3,argv_parsing.obj,0,?get_address_of@?$__crt_unique_heap_ptr@PADU__crt_internal_free_policy@@@@QAEPAPAPADXZ,"__crt_unique_heap_ptr<char *,__crt_internal_free_policy>::get_address_of"
0x0044E906,3,argv_parsing.obj,0,?get_address_of@?$__crt_unique_heap_ptr@PA_WU__crt_internal_free_policy@@@@QAEPAPAPA_WXZ,"__crt_unique_heap_ptr<wchar_t *,__crt_internal_free_policy>::get_address_of"
0x0044E921,7,argv_parsing.obj,0,?is_valid@?$__crt_unique_heap_ptr@EU__crt_internal_free_policy@@@@QBE_NXZ,"__crt_unique_heap_ptr<unsigned char,__crt_internal_free_policy>::is_valid"
0x0044E928,18,argv_parsing.obj,0,?release@?$__crt_unique_heap_ptr@EU__crt_internal_free_policy@@@@QAEXXZ,"__crt_unique_heap_ptr<unsigned char,__crt_internal_free_policy>::release"
0x0044E93A,18,argv_parsing.obj,0,?release@?$__crt_unique_heap_ptr@PADU__crt_internal_free_policy@@@@QAEXXZ,"__crt_unique_heap_ptr<char *,__crt_internal_free_policy>::release"
0x0044E94C,18,argv_parsing.obj,0,?release@?$__crt_unique_heap_ptr@PA_WU__crt_internal_free_policy@@@@QAEXXZ,"__crt_unique_heap_ptr<wchar_t *,__crt_internal_free_policy>::release"
0x0044E978,79,argv_parsing.obj,0,___acrt_allocate_buffer_for_argv,__acrt_allocate_buffer_for_argv
0x0044E9C7,11,argv_parsing.obj,0,__configure_narrow_argv,_configure_narrow_argv
0x0044E9D2,11,argv_parsing.obj,0,__configure_wide_argv,_configure_wide_argv
0x0044E9DD,15,argv_parsing.obj,0,__set_pgmptr,_set_pgmptr
0x0044E9EC,15,argv_parsing.obj,0,__set_wpgmptr,_set_wpgmptr
0x0044E9FB,18,environment_initialization.obj,0,??$?R_W@__crt_internal_free_policy@@QBEXQB_W@Z,__crt_internal_free_policy::operator()<wchar_t>
0x0044EDE6,5,environment_initialization.obj,0,??$get_environment_from_os@$$V@?$__crt_char_traits@D@@SAPADXZ,__crt_char_traits<char>::get_environment_from_os<>
0x0044EDEB,5,environment_initialization.obj,0,??$get_environment_from_os@$$V@?$__crt_char_traits@_W@@SAPA_WXZ,__crt_char_traits<wchar_t>::get_environment_from_os<>
0x0044EEF0,24,environment_initialization.obj,0,??$set_variable_in_environment_nolock@PADH@?$__crt_char_traits@D@@SAH$$QAPAD$$QAH@Z,"__crt_char_traits<char>::set_variable_in_environment_nolock<char *,int>"
0x0044EF08,24,environment_initialization.obj,0,??$set_variable_in_environment_nolock@PA_WH@?$__crt_char_traits@_W@@SAH$$QAPA_W$$QAH@Z,"__crt_char_traits<wchar_t>::set_variable_in_environment_nolock<wchar_t *,int>"
0x0044EF20,30,environment_initialization.obj,0,??$tcscpy_s@PADABIAAPAD@?$__crt_char_traits@D@@SAH$$QAPADABIAAPAD@Z,"__crt_char_traits<char>::tcscpy_s<char *,unsigned int const &,char * &>"
0x0044EF3E,30,environment_initialization.obj,0,??$tcscpy_s@PA_WABIAAPA_W@?$__crt_char_traits@_W@@SAH$$QAPA_WABIAAPA_W@Z,"__crt_char_traits<wchar_t>::tcscpy_s<wchar_t *,unsigned int const &,wchar_t * &>"
0x0044EF5C,24,environment_initialization.obj,0,??$tcslen@AAPAD@?$__crt_char_traits@D@@SAIAAPAD@Z,__crt_char_traits<char>::tcslen<char * &>
0x0044EF74,30,environment_initialization.obj,0,??$tcslen@AAPA_W@?$__crt_char_traits@_W@@SAIAAPA_W@Z,__crt_char_traits<wchar_t>::tcslen<wchar_t * &>
0x0044EF92,41,environment_initialization.obj,0,??$uninitialize@A6AXAAPAPAD@Z@?$dual_state_global@PAPAD@__crt_state_management@@QAEXA6AXAAPAPAD@Z@Z,__crt_state_management::dual_state_global<char * *>::uninitialize<void (__cdecl&)(char * * &)>
0x0044EFBB,41,environment_initialization.obj,0,??$uninitialize@A6AXAAPAPA_W@Z@?$dual_state_global@PAPA_W@__crt_state_management@@QAEXA6AXAAPAPA_W@Z@Z,__crt_state_management::dual_state_global<wchar_t * *>::uninitialize<void (__cdecl&)(wchar_t * * &)>
0x0044F01A,16,environment_initialization.obj,0,??0?$__crt_unique_heap_ptr@_WU__crt_internal_free_policy@@@@QAE@QA_W@Z,"__crt_unique_heap_ptr<wchar_t,__crt_internal_free_policy>::__crt_unique_heap_ptr<wchar_t,__crt_internal_free_policy>"
0x0044F02A,18,environment_initialization.obj,0,??1?$__crt_unique_heap_ptr@_WU__crt_internal_free_policy@@@@QAE@XZ,"__crt_unique_heap_ptr<wchar_t,__crt_internal_free_policy>::~__crt_unique_heap_ptr<wchar_t,__crt_internal_free_policy>"
0x0044F03C,7,environment_initialization.obj,0,??B?$__crt_unique_heap_ptr@PADU__crt_internal_free_policy@@@@QBE_NXZ,"__crt_unique_heap_ptr<char *,__crt_internal_free_policy>::operator bool"
0x0044F043,7,environment_initialization.obj,0,??B?$__crt_unique_heap_ptr@PA_WU__crt_internal_free_policy@@@@QBE_NXZ,"__crt_unique_heap_ptr<wchar_t *,__crt_internal_free_policy>::operator bool"
0x0044F04A,7,environment_initialization.obj,0,??B?$__crt_unique_heap_ptr@_WU__crt_internal_free_policy@@@@QBE_NXZ,"__crt_unique_heap_ptr<wchar_t,__crt_internal_free_policy>::operator bool"
0x0044F051,28,environment_initialization.obj,0,?__crt_compute_required_transform_buffer_count@@YAIIQBD@Z,__crt_compute_required_transform_buffer_count
0x0044F06D,30,environment_initialization.obj,0,?__crt_compute_required_transform_buffer_count@@YAIIQB_W@Z,__crt_compute_required_transform_buffer_count
0x0044F08B,31,environment_initialization.obj,0,?__crt_transform_string@@YAIIQBDQA_WI@Z,__crt_transform_string
0x0044F0AA,34,environment_initialization.obj,0,?__crt_transform_string@@YAIIQB_WQADI@Z,__crt_transform_string
0x0044F0CC,6,environment_initialization.obj,0,?detach@?$__crt_unique_heap_ptr@DU__crt_internal_free_policy@@@@QAEPADXZ,"__crt_unique_heap_ptr<char,__crt_internal_free_policy>::detach"
0x0044F0D2,6,environment_initialization.obj,0,?detach@?$__crt_unique_heap_ptr@_WU__crt_internal_free_policy@@@@QAEPA_WXZ,"__crt_unique_heap_ptr<wchar_t,__crt_internal_free_policy>::detach"
0x0044F0D8,3,environment_initialization.obj,0,?get@?$__crt_unique_heap_ptr@_WU__crt_internal_free_policy@@@@QBEPA_WXZ,"__crt_unique_heap_ptr<wchar_t,__crt_internal_free_policy>::get"
0x0044F0FF,38,environment_initialization.obj,0,?initialize@?$dual_state_global@PAPAD@__crt_state_management@@QAEXQAPAD@Z,__crt_state_management::dual_state_global<char * *>::initialize
0x0044F125,38,environment_initialization.obj,0,?initialize@?$dual_state_global@PAPA_W@__crt_state_management@@QAEXQAPA_W@Z,__crt_state_management::dual_state_global<wchar_t * *>::initialize
0x0044F14B,7,environment_initialization.obj,0,?is_valid@?$__crt_unique_heap_ptr@PADU__crt_internal_free_policy@@@@QBE_NXZ,"__crt_unique_heap_ptr<char *,__crt_internal_free_policy>::is_valid"
0x0044F152,7,environment_initialization.obj,0,?is_valid@?$__crt_unique_heap_ptr@PA_WU__crt_internal_free_policy@@@@QBE_NXZ,"__crt_unique_heap_ptr<wchar_t *,__crt_internal_free_policy>::is_valid"
0x0044F159,7,environment_initialization.obj,0,?is_valid@?$__crt_unique_heap_ptr@_WU__crt_internal_free_policy@@@@QBE_NXZ,"__crt_unique_heap_ptr<wchar_t,__crt_internal_free_policy>::is_valid"
0x0044F168,18,environment_initialization.obj,0,?release@?$__crt_unique_heap_ptr@_WU__crt_internal_free_policy@@@@QAEXXZ,"__crt_unique_heap_ptr<wchar_t,__crt_internal_free_policy>::release"
0x0044F17A,3,environment_initialization.obj,0,?value@?$dual_state_global@PAPAD@__crt_state_management@@QAEAAPAPADXZ,__crt_state_management::dual_state_global<char * *>::value
0x0044F17D,3,environment_initialization.obj,0,?value@?$dual_state_global@PAPA_W@__crt_state_management@@QAEAAPAPA_WXZ,__crt_state_management::dual_state_global<wchar_t * *>::value
0x0044F180,5,environment_initialization.obj,0,___dcrt_get_or_create_narrow_environment_nolock,__dcrt_get_or_create_narrow_environment_nolock
0x0044F185,5,environment_initialization.obj,0,___dcrt_get_or_create_wide_environment_nolock,__dcrt_get_or_create_wide_environment_nolock
0x0044F18A,55,environment_initialization.obj,0,___dcrt_uninitialize_environments_nolock,__dcrt_uninitialize_environments_nolock
0x0044F1C1,6,environment_initialization.obj,0,___p__environ,__p__environ
0x0044F1C7,6,environment_initialization.obj,0,___p__wenviron,__p__wenviron
0x0044F1CD,20,environment_initialization.obj,0,__get_initial_narrow_environment,_get_initial_narrow_environment
0x0044F1E1,20,environment_initialization.obj,0,__get_initial_wide_environment,_get_initial_wide_environment
0x0044F1F5,5,environment_initialization.obj,0,__initialize_narrow_environment,_initialize_narrow_environment
0x0044F1FA,5,environment_initialization.obj,0,__initialize_wide_environment,_initialize_wide_environment
0x0044F1FF,34,environment_initialization.obj,0,__invoke_watson_if_error,_invoke_watson_if_error
0x0044F221,6,onexit.obj,0,??$?B$$A6AXXZ@__crt_fast_encoded_nullptr_t@@QBEP6AXXZXZ,__crt_fast_encoded_nullptr_t::operator<void __cdecl(void)> void (__cdecl*)(void)
0x0044F227,6,onexit.obj,0,??$?BP6AXXZ@__crt_fast_encoded_nullptr_t@@QBEPAP6AXXZXZ,__crt_fast_encoded_nullptr_t::operator<void (__cdecl*)(void)> void (__cdecl**)(void)
0x0044F22D,18,onexit.obj,0,??$?RP6AXXZ@__crt_internal_free_policy@@QBEXQBQ6AXXZ@Z,__crt_internal_free_policy::operator()<void (__cdecl*)(void)>
0x0044F341,22,onexit.obj,0,??$__crt_fast_decode_pointer@P6AXXZ@@YAP6AXXZQ6AXXZ@Z,__crt_fast_decode_pointer<void (__cdecl*)(void)>
0x0044F357,22,onexit.obj,0,??$__crt_fast_decode_pointer@PAP6AXXZ@@YAPAP6AXXZQAP6AXXZ@Z,__crt_fast_decode_pointer<void (__cdecl**)(void)>
0x0044F36D,31,onexit.obj,0,??$__crt_fast_encode_pointer@P6AHXZ@@YAP6AHXZQ6AHXZ@Z,__crt_fast_encode_pointer<int (__cdecl*)(void)>
0x0044F38C,31,onexit.obj,0,??$__crt_fast_encode_pointer@P6AXXZ@@YAP6AXXZQ6AXXZ@Z,__crt_fast_encode_pointer<void (__cdecl*)(void)>
0x0044F3AB,31,onexit.obj,0,??$__crt_fast_encode_pointer@PAP6AXXZ@@YAPAP6AXXZQAP6AXXZ@Z,__crt_fast_encode_pointer<void (__cdecl**)(void)>
0x0044F438,16,onexit.obj,0,??0?$__crt_unique_heap_ptr@P6AXXZU__crt_internal_free_policy@@@@QAE@QAP6AXXZ@Z,"__crt_unique_heap_ptr<void (__cdecl*)(void),__crt_internal_free_policy>::__crt_unique_heap_ptr<void (__cdecl*)(void),__crt_internal_free_policy>"
0x0044F448,18,onexit.obj,0,??1?$__crt_unique_heap_ptr@P6AXXZU__crt_internal_free_policy@@@@QAE@XZ,"__crt_unique_heap_ptr<void (__cdecl*)(void),__crt_internal_free_policy>::~__crt_unique_heap_ptr<void (__cdecl*)(void),__crt_internal_free_policy>"
0x0044F681,6,onexit.obj,0,?detach@?$__crt_unique_heap_ptr@P6AXXZU__crt_internal_free_policy@@@@QAEPAP6AXXZXZ,"__crt_unique_heap_ptr<void (__cdecl*)(void),__crt_internal_free_policy>::detach"
0x0044F687,18,onexit.obj,0,?release@?$__crt_unique_heap_ptr@P6AXXZU__crt_internal_free_policy@@@@QAEXXZ,"__crt_unique_heap_ptr<void (__cdecl*)(void),__crt_internal_free_policy>::release"
0x0044F699,22,onexit.obj,0,__crt_at_quick_exit,_crt_at_quick_exit
0x0044F6AF,22,onexit.obj,0,__crt_atexit,_crt_atexit
0x0044F6C5,45,onexit.obj,0,__execute_onexit_table,_execute_onexit_table
0x0044F6F2,41,onexit.obj,0,__initialize_onexit_table,_initialize_onexit_table
0x0044F71B,51,onexit.obj,0,__register_onexit_function,_register_onexit_function
0x0044F82A,6,initialization.obj,0,??$?BX@__crt_fast_encoded_nullptr_t@@QBEPAXXZ,__crt_fast_encoded_nullptr_t::operator<void> void *
0x0044F830,31,initialization.obj,0,??$__crt_fast_encode_pointer@PAX@@YAPAXQAX@Z,__crt_fast_encode_pointer<void *>
0x0044F8A1,11,initialization.obj,0,?__acrt_stdio_is_initialized@@YA_NXZ,__acrt_stdio_is_initialized
0x0044F8AC,38,initialization.obj,0,?initialize@?$dual_state_global@PAU__crt_locale_data@@@__crt_state_management@@QAEXQAU__crt_locale_data@@@Z,__crt_state_management::dual_state_global<__crt_locale_data *>::initialize
0x0044F8D2,18,initialization.obj,0,___acrt_initialize,__acrt_initialize
0x0044F8E4,11,initialization.obj,0,___acrt_thread_attach,__acrt_thread_attach
0x0044F8EF,8,initialization.obj,0,___acrt_thread_detach,__acrt_thread_detach
0x0044F8F7,48,initialization.obj,0,___acrt_uninitialize,__acrt_uninitialize
0x0044F927,18,initialization.obj,0,___acrt_uninitialize_critical,__acrt_uninitialize_critical
0x0044F9D7,277,report_runtime_error.obj,0,___acrt_report_runtime_error,__acrt_report_runtime_error
0x0044FAEC,6,report_runtime_error.obj,0,__query_app_type,_query_app_type
0x0044FAF2,15,report_runtime_error.obj,0,__set_app_type,_set_app_type
0x0044FB01,22,matherr.obj,0,??$__crt_fast_decode_pointer@P6AHPAU_exception@@@Z@@YAP6AHPAU_exception@@@ZQ6AH0@Z@Z,__crt_fast_decode_pointer<int (__cdecl*)(_exception *)>
0x0044FB17,31,matherr.obj,0,??$__crt_fast_encode_pointer@P6AHPAU_exception@@@Z@@YAP6AHPAU_exception@@@ZQ6AH0@Z@Z,__crt_fast_encode_pointer<int (__cdecl*)(_exception *)>
0x0044FB36,38,matherr.obj,0,?initialize@?$dual_state_global@P6AHPAU_exception@@@Z@__crt_state_management@@QAEXQ6AHPAU_exception@@@Z@Z,__crt_state_management::dual_state_global<int (__cdecl*)(_exception *)>::initialize
0x0044FB5C,3,matherr.obj,0,?value@?$dual_state_global@P6AHPAU_exception@@@Z@__crt_state_management@@QAEAAP6AHPAU_exception@@@ZXZ,__crt_state_management::dual_state_global<int (__cdecl*)(_exception *)>::value
0x0044FB5F,24,matherr.obj,0,___acrt_has_user_matherr,__acrt_has_user_matherr
0x0044FB77,15,matherr.obj,0,___acrt_initialize_user_matherr,__acrt_initialize_user_matherr
0x0044FB86,50,matherr.obj,0,___acrt_invoke_user_matherr,__acrt_invoke_user_matherr
0x0044FBB8,21,matherr.obj,0,___setusermatherr,__setusermatherr
0x0044FC98,83,argv_winmain.obj,0,__get_narrow_winmain_command_line,_get_narrow_winmain_command_line
0x0044FCEB,74,argv_winmain.obj,0,__get_wide_winmain_command_line,_get_wide_winmain_command_line
0x0044FD35,69,initterm.obj,0,__initterm,_initterm
0x0044FD7A,46,initterm.obj,0,__initterm_e,_initterm_e
0x0044FDA8,13,setmode.obj,0,??$__crt_interlocked_read@H@@YAHPDH@Z,__crt_interlocked_read<int>
0x0044FDB5,3,setmode.obj,0,?value@?$dual_state_global@H@__crt_state_management@@QAEAAHXZ,__crt_state_management::dual_state_global<int>::value
0x0044FDB8,45,setmode.obj,0,__get_fmode,_get_fmode
0x0044FDE5,61,setmode.obj,0,__set_fmode,_set_fmode
0x0044FE22,273,setmode.obj,0,__setmode,_setmode
0x0044FF33,207,setmode.obj,0,__setmode_nolock,_setmode_nolock
0x00450005,18,wsetlocale.obj,0,??$?RU__crt_locale_data@@@__crt_internal_free_policy@@QBEXQBU__crt_locale_data@@@Z,__crt_internal_free_policy::operator()<__crt_locale_data>
0x00450017,18,wsetlocale.obj,0,??$?RU__crt_locale_pointers@@@__crt_internal_free_policy@@QBEXQBU__crt_locale_pointers@@@Z,__crt_internal_free_policy::operator()<__crt_locale_pointers>
0x00450029,18,wsetlocale.obj,0,??$?RU__crt_multibyte_data@@@__crt_internal_free_policy@@QBEXQBU__crt_multibyte_data@@@Z,__crt_internal_free_policy::operator()<__crt_multibyte_data>
0x004503D2,16,wsetlocale.obj,0,??0?$__crt_unique_heap_ptr@U__crt_locale_data@@U__crt_internal_free_policy@@@@QAE@QAU__crt_locale_data@@@Z,"__crt_unique_heap_ptr<__crt_locale_data,__crt_internal_free_policy>::__crt_unique_heap_ptr<__crt_locale_data,__crt_internal_free_policy>"
0x004503E2,16,wsetlocale.obj,0,??0?$__crt_unique_heap_ptr@U__crt_locale_pointers@@U__crt_internal_free_policy@@@@QAE@QAU__crt_locale_pointers@@@Z,"__crt_unique_heap_ptr<__crt_locale_pointers,__crt_internal_free_policy>::__crt_unique_heap_ptr<__crt_locale_pointers,__crt_internal_free_policy>"
0x004503F2,16,wsetlocale.obj,0,??0?$__crt_unique_heap_ptr@U__crt_multibyte_data@@U__crt_internal_free_policy@@@@QAE@QAU__crt_multibyte_data@@@Z,"__crt_unique_heap_ptr<__crt_multibyte_data,__crt_internal_free_policy>::__crt_unique_heap_ptr<__crt_multibyte_data,__crt_internal_free_policy>"
0x00450402,74,wsetlocale.obj,0,??0_expandlocale_locale_name_cache@@QAE@QA_WIQAU__crt_qualified_locale_data@@@Z,_expandlocale_locale_name_cache::_expandlocale_locale_name_cache
0x0045044C,18,wsetlocale.obj,0,??1?$__crt_unique_heap_ptr@U__crt_locale_data@@U__crt_internal_free_policy@@@@QAE@XZ,"__crt_unique_heap_ptr<__crt_locale_data,__crt_internal_free_policy>::~__crt_unique_heap_ptr<__crt_locale_data,__crt_internal_free_policy>"
0x0045045E,18,wsetlocale.obj,0,??1?$__crt_unique_heap_ptr@U__crt_locale_pointers@@U__crt_internal_free_policy@@@@QAE@XZ,"__crt_unique_heap_ptr<__crt_locale_pointers,__crt_internal_free_policy>::~__crt_unique_heap_ptr<__crt_locale_pointers,__crt_internal_free_policy>"
0x00450470,18,wsetlocale.obj,0,??1?$__crt_unique_heap_ptr@U__crt_multibyte_data@@U__crt_internal_free_policy@@@@QAE@XZ,"__crt_unique_heap_ptr<__crt_multibyte_data,__crt_internal_free_policy>::~__crt_unique_heap_ptr<__crt_multibyte_data,__crt_internal_free_policy>"
0x00450482,48,wsetlocale.obj,0,??1_expandlocale_locale_name_cache@@QAE@XZ,_expandlocale_locale_name_cache::~_expandlocale_locale_name_cache
0x004504B2,7,wsetlocale.obj,0,??B?$__crt_unique_heap_ptr@U__crt_locale_data@@U__crt_internal_free_policy@@@@QBE_NXZ,"__crt_unique_heap_ptr<__crt_locale_data,__crt_internal_free_policy>::operator bool"
0x004504B9,7,wsetlocale.obj,0,??B?$__crt_unique_heap_ptr@U__crt_locale_pointers@@U__crt_internal_free_policy@@@@QBE_NXZ,"__crt_unique_heap_ptr<__crt_locale_pointers,__crt_internal_free_policy>::operator bool"
0x004504C0,7,wsetlocale.obj,0,??B?$__crt_unique_heap_ptr@U__crt_multibyte_data@@U__crt_internal_free_policy@@@@QBE_NXZ,"__crt_unique_heap_ptr<__crt_multibyte_data,__crt_internal_free_policy>::operator bool"
0x004506E0,68,wsetlocale.obj,0,?commit_locale_name@_expandlocale_locale_name_cache@@QAEXQB_WI@Z,_expandlocale_locale_name_cache::commit_locale_name
0x00450724,53,wsetlocale.obj,0,?commit_locale_name_cache_already_updated@_expandlocale_locale_name_cache@@QAEXQB_WI@Z,_expandlocale_locale_name_cache::commit_locale_name_cache_already_updated
0x00450759,6,wsetlocale.obj,0,?detach@?$__crt_unique_heap_ptr@U__crt_locale_data@@U__crt_internal_free_policy@@@@QAEPAU__crt_locale_data@@XZ,"__crt_unique_heap_ptr<__crt_locale_data,__crt_internal_free_policy>::detach"
0x0045075F,6,wsetlocale.obj,0,?detach@?$__crt_unique_heap_ptr@U__crt_locale_pointers@@U__crt_internal_free_policy@@@@QAEPAU__crt_locale_pointers@@XZ,"__crt_unique_heap_ptr<__crt_locale_pointers,__crt_internal_free_policy>::detach"
0x00450765,6,wsetlocale.obj,0,?detach@?$__crt_unique_heap_ptr@U__crt_multibyte_data@@U__crt_internal_free_policy@@@@QAEPAU__crt_multibyte_data@@XZ,"__crt_unique_heap_ptr<__crt_multibyte_data,__crt_internal_free_policy>::detach"
0x0045076B,3,wsetlocale.obj,0,?get@?$__crt_unique_heap_ptr@U__crt_locale_data@@U__crt_internal_free_policy@@@@QBEPAU__crt_locale_data@@XZ,"__crt_unique_heap_ptr<__crt_locale_data,__crt_internal_free_policy>::get"
0x0045076E,3,wsetlocale.obj,0,?get@?$__crt_unique_heap_ptr@U__crt_locale_pointers@@U__crt_internal_free_policy@@@@QBEPAU__crt_locale_pointers@@XZ,"__crt_unique_heap_ptr<__crt_locale_pointers,__crt_internal_free_policy>::get"
0x00450771,3,wsetlocale.obj,0,?get@?$__crt_unique_heap_ptr@U__crt_multibyte_data@@U__crt_internal_free_policy@@@@QBEPAU__crt_multibyte_data@@XZ,"__crt_unique_heap_ptr<__crt_multibyte_data,__crt_internal_free_policy>::get"
0x00450774,7,wsetlocale.obj,0,?is_valid@?$__crt_unique_heap_ptr@U__crt_locale_data@@U__crt_internal_free_policy@@@@QBE_NXZ,"__crt_unique_heap_ptr<__crt_locale_data,__crt_internal_free_policy>::is_valid"
0x0045077B,7,wsetlocale.obj,0,?is_valid@?$__crt_unique_heap_ptr@U__crt_locale_pointers@@U__crt_internal_free_policy@@@@QBE_NXZ,"__crt_unique_heap_ptr<__crt_locale_pointers,__crt_internal_free_policy>::is_valid"
0x00450782,7,wsetlocale.obj,0,?is_valid@?$__crt_unique_heap_ptr@U__crt_multibyte_data@@U__crt_internal_free_policy@@@@QBE_NXZ,"__crt_unique_heap_ptr<__crt_multibyte_data,__crt_internal_free_policy>::is_valid"
0x00450789,18,wsetlocale.obj,0,?release@?$__crt_unique_heap_ptr@U__crt_locale_data@@U__crt_internal_free_policy@@@@QAEXXZ,"__crt_unique_heap_ptr<__crt_locale_data,__crt_internal_free_policy>::release"
0x0045079B,18,wsetlocale.obj,0,?release@?$__crt_unique_heap_ptr@U__crt_locale_pointers@@U__crt_internal_free_policy@@@@QAEXXZ,"__crt_unique_heap_ptr<__crt_locale_pointers,__crt_internal_free_policy>::release"
0x004507AD,18,wsetlocale.obj,0,?release@?$__crt_unique_heap_ptr@U__crt_multibyte_data@@U__crt_internal_free_policy@@@@QAEXXZ,"__crt_unique_heap_ptr<__crt_multibyte_data,__crt_internal_free_policy>::release"
0x004507BF,3,wsetlocale.obj,0,?value@?$dual_state_global@PAU__crt_locale_data@@@__crt_state_management@@QAEAAPAU__crt_locale_data@@XZ,__crt_state_management::dual_state_global<__crt_locale_data *>::value
0x004507C2,96,wsetlocale.obj,0,___acrt_copy_locale_name,__acrt_copy_locale_name
0x00450822,11,wsetlocale.obj,0,___acrt_set_locale_changed,__acrt_set_locale_changed
0x0045082D,39,wsetlocale.obj,0,___acrt_uninitialize_locale,__acrt_uninitialize_locale
0x00450854,23,wsetlocale.obj,0,___ascii_tolower,__ascii_tolower
0x0045086B,23,wsetlocale.obj,0,___ascii_towlower,__ascii_towlower
0x00450882,112,wsetlocale.obj,0,___lc_lctowcs,__lc_lctowcs
0x004508F2,336,wsetlocale.obj,0,___lc_wcstolc,__lc_wcstolc
0x00450A42,98,wsetlocale.obj,0,__configthreadlocale,_configthreadlocale
0x00450AD3,100,wsetlocale.obj,0,__create_locale,_create_locale
0x00450EFD,194,wsetlocale.obj,0,__free_locale,_free_locale
0x00450FBF,155,wsetlocale.obj,0,__get_current_locale,_get_current_locale
0x0045105A,263,wsetlocale.obj,0,__wcreate_locale,_wcreate_locale
0x00451161,65,wsetlocale.obj,0,__wcscats,_wcscats
0x004511A2,131,wsetlocale.obj,0,__wsetlocale,_wsetlocale
0x00451F07,3,new_mode.obj,0,?value@?$dual_state_global@J@__crt_state_management@@QAEAAJXZ,__crt_state_management::dual_state_global<long>::value
0x00451F0A,7,new_mode.obj,0,__query_new_mode,_query_new_mode
0x00451F11,47,new_mode.obj,0,__set_new_mode,_set_new_mode
0x00451F40,6,ncommode.obj,0,___p__commode,__p__commode
0x00451F46,27,free.obj,0,_free,free
0x00451F77,18,terminate.obj,0,__get_terminate,_get_terminate
0x00451F89,32,terminate.obj,0,_set_terminate,set_terminate
0x00451FA9,60,terminate.obj,0,_terminate,terminate
0x00451FE5,95,contrlfp.obj,0,__controlfp_s,_controlfp_s
0x00452044,33,abort.obj,0,__set_abort_behavior,_set_abort_behavior
0x00452065,68,abort.obj,0,_abort,abort
0x00452103,90,strcpy_s.obj,0,_strcpy_s,strcpy_s
0x0045215D,11,calloc.obj,0,_calloc,calloc
0x00452168,49,atox.obj,0,??$is_overflow_condition@K@__crt_strtox@@YA_NIK@Z,__crt_strtox::is_overflow_condition<unsigned long>
0x00452199,65,atox.obj,0,??$is_overflow_condition@_K@__crt_strtox@@YA_NI_K@Z,__crt_strtox::is_overflow_condition<unsigned __int64>
0x004521DA,27,atox.obj,0,??$make_c_string_character_source@D$$T@__crt_strtox@@YA?AV?$c_string_character_source@D@0@QBD$$T@Z,"__crt_strtox::make_c_string_character_source<char,std::nullptr_t>"
0x004521F5,27,atox.obj,0,??$make_c_string_character_source@_W$$T@__crt_strtox@@YA?AV?$c_string_character_source@_W@0@QB_W$$T@Z,"__crt_strtox::make_c_string_character_source<wchar_t,std::nullptr_t>"
0x00452210,547,atox.obj,0,??$parse_integer@KV?$c_string_character_source@D@__crt_strtox@@@__crt_strtox@@YAKQAU__crt_locale_pointers@@V?$c_string_character_source@D@0@H_N@Z,"__crt_strtox::parse_integer<unsigned long,__crt_strtox::c_string_character_source<char> >"
0x00452433,1544,atox.obj,0,??$parse_integer@KV?$c_string_character_source@_W@__crt_strtox@@@__crt_strtox@@YAKQAU__crt_locale_pointers@@V?$c_string_character_source@_W@0@H_N@Z,"__crt_strtox::parse_integer<unsigned long,__crt_strtox::c_string_character_source<wchar_t> >"
0x00452A3B,678,atox.obj,0,??$parse_integer@_KV?$c_string_character_source@D@__crt_strtox@@@__crt_strtox@@YA_KQAU__crt_locale_pointers@@V?$c_string_character_source@D@0@H_N@Z,"__crt_strtox::parse_integer<unsigned __int64,__crt_strtox::c_string_character_source<char> >"
0x00452CE1,1745,atox.obj,0,??$parse_integer@_KV?$c_string_character_source@_W@__crt_strtox@@@__crt_strtox@@YA_KQAU__crt_locale_pointers@@V?$c_string_character_source@_W@0@H_N@Z,"__crt_strtox::parse_integer<unsigned __int64,__crt_strtox::c_string_character_source<wchar_t> >"
0x004533B2,43,atox.obj,0,??$parse_integer_from_string@JD$$T@__crt_strtox@@YAJQBD$$THQAU__crt_locale_pointers@@@Z,"__crt_strtox::parse_integer_from_string<long,char,std::nullptr_t>"
0x004533DD,43,atox.obj,0,??$parse_integer_from_string@J_W$$T@__crt_strtox@@YAJQB_W$$THQAU__crt_locale_pointers@@@Z,"__crt_strtox::parse_integer_from_string<long,wchar_t,std::nullptr_t>"
0x00453408,43,atox.obj,0,??$parse_integer_from_string@_JD$$T@__crt_strtox@@YA_JQBD$$THQAU__crt_locale_pointers@@@Z,"__crt_strtox::parse_integer_from_string<__int64,char,std::nullptr_t>"
0x00453433,43,atox.obj,0,??$parse_integer_from_string@_J_W$$T@__crt_strtox@@YA_JQB_W$$THQAU__crt_locale_pointers@@@Z,"__crt_strtox::parse_integer_from_string<__int64,wchar_t,std::nullptr_t>"
0x0045345E,28,atox.obj,0,??0?$c_string_character_source@D@__crt_strtox@@QAE@QBDQAPBD@Z,__crt_strtox::c_string_character_source<char>::c_string_character_source<char>
0x0045347A,28,atox.obj,0,??0?$c_string_character_source@_W@__crt_strtox@@QAE@QB_WQAPB_W@Z,__crt_strtox::c_string_character_source<wchar_t>::c_string_character_source<wchar_t>
0x00453496,12,atox.obj,0,??1?$c_string_character_source@D@__crt_strtox@@QAE@XZ,__crt_strtox::c_string_character_source<char>::~c_string_character_source<char>
0x004534A2,12,atox.obj,0,??1?$c_string_character_source@_W@__crt_strtox@@QAE@XZ,__crt_strtox::c_string_character_source<wchar_t>::~c_string_character_source<wchar_t>
0x004534AE,8,atox.obj,0,?get@?$c_string_character_source@D@__crt_strtox@@QAEDXZ,__crt_strtox::c_string_character_source<char>::get
0x004534B6,11,atox.obj,0,?get@?$c_string_character_source@_W@__crt_strtox@@QAE_WXZ,__crt_strtox::c_string_character_source<wchar_t>::get
0x004534C1,30,atox.obj,0,?is_space@__crt_strtox@@YA_NDQAU__crt_locale_pointers@@@Z,__crt_strtox::is_space
0x004534DF,24,atox.obj,0,?is_space@__crt_strtox@@YA_N_WPAU__crt_locale_pointers@@@Z,__crt_strtox::is_space
0x004534F7,6,atox.obj,0,?maximum_signed_value@__crt_strtox@@YAJK@Z,__crt_strtox::maximum_signed_value
0x004534FD,9,atox.obj,0,?maximum_signed_value@__crt_strtox@@YA_J_K@Z,__crt_strtox::maximum_signed_value
0x00453506,6,atox.obj,0,?minimum_signed_value@__crt_strtox@@YAJK@Z,__crt_strtox::minimum_signed_value
0x0045350C,8,atox.obj,0,?minimum_signed_value@__crt_strtox@@YA_J_K@Z,__crt_strtox::minimum_signed_value
0x00453514,58,atox.obj,0,?parse_digit@__crt_strtox@@YAID@Z,__crt_strtox::parse_digit
0x0045354E,479,atox.obj,0,?parse_digit@__crt_strtox@@YAI_W@Z,__crt_strtox::parse_digit
0x0045372D,16,atox.obj,0,?restore_state@?$c_string_character_source@D@__crt_strtox@@QAE_NQBD@Z,__crt_strtox::c_string_character_source<char>::restore_state
0x0045373D,16,atox.obj,0,?restore_state@?$c_string_character_source@_W@__crt_strtox@@QAE_NQB_W@Z,__crt_strtox::c_string_character_source<wchar_t>::restore_state
0x0045374D,3,atox.obj,0,?save_state@?$c_string_character_source@D@__crt_strtox@@QBEPBDXZ,__crt_strtox::c_string_character_source<char>::save_state
0x00453750,3,atox.obj,0,?save_state@?$c_string_character_source@_W@__crt_strtox@@QBEPB_WXZ,__crt_strtox::c_string_character_source<wchar_t>::save_state
0x00453753,41,atox.obj,0,?unget@?$c_string_character_source@D@__crt_strtox@@QAEXD@Z,__crt_strtox::c_string_character_source<char>::unget
0x0045377C,46,atox.obj,0,?unget@?$c_string_character_source@_W@__crt_strtox@@QAEX_W@Z,__crt_strtox::c_string_character_source<wchar_t>::unget
0x004537AA,27,atox.obj,0,?validate@?$c_string_character_source@D@__crt_strtox@@QBE_NXZ,__crt_strtox::c_string_character_source<char>::validate
0x004537C5,27,atox.obj,0,?validate@?$c_string_character_source@_W@__crt_strtox@@QBE_NXZ,__crt_strtox::c_string_character_source<wchar_t>::validate
0x004537E0,417,atox.obj,0,?wide_character_to_digit@__crt_strtox@@YAH_W@Z,__crt_strtox::wide_character_to_digit
0x00453981,12,atox.obj,0,___acrt_get_locale_data_prefix,__acrt_get_locale_data_prefix
0x0045398D,35,atox.obj,0,___ascii_iswalpha,__ascii_iswalpha
0x004539B0,23,atox.obj,0,___ascii_toupper,__ascii_toupper
0x004539C7,23,atox.obj,0,___ascii_towupper,__ascii_towupper
0x004539DE,35,atox.obj,0,__atoi64,_atoi64
0x00453A01,36,atox.obj,0,__atoi64_l,_atoi64_l
0x00453A25,36,atox.obj,0,__atoi_l,_atoi_l
0x00453A49,36,atox.obj,0,__atol_l,_atol_l
0x00453A6D,36,atox.obj,0,__atoll_l,_atoll_l
0x00453A91,40,atox.obj,0,__chvalidchk_l,_chvalidchk_l
0x00453AB9,84,atox.obj,0,__ischartype_l,_ischartype_l
0x00453B0D,35,atox.obj,0,__wtoi,_wtoi
0x00453B30,35,atox.obj,0,__wtoi64,_wtoi64
0x00453B53,36,atox.obj,0,__wtoi64_l,_wtoi64_l
0x00453B77,36,atox.obj,0,__wtoi_l,_wtoi_l
0x00453B9B,35,atox.obj,0,__wtol,_wtol
0x00453BBE,36,atox.obj,0,__wtol_l,_wtol_l
0x00453BE2,35,atox.obj,0,__wtoll,_wtoll
0x00453C05,36,atox.obj,0,__wtoll_l,_wtoll_l
0x00453C29,35,atox.obj,0,_atoi,atoi
0x00453C4C,35,atox.obj,0,_atol,atol
0x00453C6F,35,atox.obj,0,_atoll,atoll
0x00453CA0,120,strncmp.obj,0,_strncmp,strncmp
0x00453D18,58,wcsncmp.obj,0,_wcsncmp,wcsncmp
0x00453D52,22,invalid_parameter.obj,0,??$__crt_fast_decode_pointer@P6AXPB_W00II@Z@@YAP6AXPB_W00II@ZQ6AX000II@Z@Z,"__crt_fast_decode_pointer<void (__cdecl*)(wchar_t const *,wchar_t const *,wchar_t const *,unsigned int,unsigned int)>"
0x00453D68,31,invalid_parameter.obj,0,??$__crt_fast_encode_pointer@P6AXPB_W00II@Z@@YAP6AXPB_W00II@ZQ6AX000II@Z@Z,"__crt_fast_encode_pointer<void (__cdecl*)(wchar_t const *,wchar_t const *,wchar_t const *,unsigned int,unsigned int)>"
0x00453D87,17,invalid_parameter.obj,0,??$initialize_from_array@$$BY00Q6AXPB_W00II@Z@?$dual_state_global@P6AXPB_W00II@Z@__crt_state_management@@QAAXAAY00Q6AXPB_W00II@Z@Z,"__crt_state_management::dual_state_global<void (__cdecl*)(wchar_t const *,wchar_t const *,wchar_t const *,unsigned int,unsigned int)>::initialize_from_array<void (__cdecl*[1])(wchar_t const *,wchar_t const *,wchar_t const *,unsigned int,unsigned int)>"
0x00453D98,3,invalid_parameter.obj,0,?dangerous_get_state_array@?$dual_state_global@P6AXPB_W00II@Z@__crt_state_management@@QAEPAP6AXPB_W00II@ZXZ,"__crt_state_management::dual_state_global<void (__cdecl*)(wchar_t const *,wchar_t const *,wchar_t const *,unsigned int,unsigned int)>::dangerous_get_state_array"
0x00453D9B,3,invalid_parameter.obj,0,?value@?$dual_state_global@P6AXPB_W00II@Z@__crt_state_management@@QAEAAP6AXPB_W00II@ZXZ,"__crt_state_management::dual_state_global<void (__cdecl*)(wchar_t const *,wchar_t const *,wchar_t const *,unsigned int,unsigned int)>::value"
0x00453D9E,313,invalid_parameter.obj,0,___acrt_call_reportfault,__acrt_call_reportfault
0x00453ED7,15,invalid_parameter.obj,0,___acrt_initialize_invalid_parameter_handler,__acrt_initialize_invalid_parameter_handler
0x00453EE6,19,invalid_parameter.obj,0,__get_invalid_parameter_handler,_get_invalid_parameter_handler
0x00453EF9,17,invalid_parameter.obj,0,__get_thread_local_invalid_parameter_handler,_get_thread_local_invalid_parameter_handler
0x00453F0A,100,invalid_parameter.obj,0,__invalid_parameter,_invalid_parameter
0x00453F6E,16,invalid_parameter.obj,0,__invalid_parameter_noinfo,_invalid_parameter_noinfo
0x00453F7E,29,invalid_parameter.obj,0,__invalid_parameter_noinfo_noreturn,_invalid_parameter_noinfo_noreturn
0x00453F9B,52,invalid_parameter.obj,0,__invoke_watson,_invoke_watson
0x00453FCF,48,invalid_parameter.obj,0,__set_invalid_parameter_handler,_set_invalid_parameter_handler
0x00453FFF,29,invalid_parameter.obj,0,__set_thread_local_invalid_parameter_handler,_set_thread_local_invalid_parameter_handler
0x0045401C,67,errno.obj,0,___acrt_errno_from_os_error,__acrt_errno_from_os_error
0x0045405F,35,errno.obj,0,___acrt_errno_map_os_error,__acrt_errno_map_os_error
0x00454082,19,errno.obj,0,___doserrno,__doserrno
0x00454095,19,errno.obj,0,__errno,_errno
0x004540A8,37,errno.obj,0,__get_doserrno,_get_doserrno
0x004540CD,37,errno.obj,0,__get_errno,_get_errno
0x004540F2,33,errno.obj,0,__set_doserrno,_set_doserrno
0x00454113,33,errno.obj,0,__set_errno,_set_errno
0x0045413A,58,free_base.obj,0,__free_base,_free_base
0x00454174,78,malloc_base.obj,0,__malloc_base,_malloc_base
0x004541C2,27,strtox.obj,0,??$make_c_string_character_source@DPAPAD@__crt_strtox@@YA?AV?$c_string_character_source@D@0@QBDQAPAD@Z,"__crt_strtox::make_c_string_character_source<char,char * *>"
0x004541DD,27,strtox.obj,0,??$make_c_string_character_source@_WPAPA_W@__crt_strtox@@YA?AV?$c_string_character_source@_W@0@QB_WQAPA_W@Z,"__crt_strtox::make_c_string_character_source<wchar_t,wchar_t * *>"
0x004541F8,43,strtox.obj,0,??$parse_integer_from_string@JDPAPAD@__crt_strtox@@YAJQBDQAPADHQAU__crt_locale_pointers@@@Z,"__crt_strtox::parse_integer_from_string<long,char,char * *>"
0x00454223,43,strtox.obj,0,??$parse_integer_from_string@J_WPAPA_W@__crt_strtox@@YAJQB_WQAPA_WHQAU__crt_locale_pointers@@@Z,"__crt_strtox::parse_integer_from_string<long,wchar_t,wchar_t * *>"
0x0045424E,43,strtox.obj,0,??$parse_integer_from_string@KDPAPAD@__crt_strtox@@YAKQBDQAPADHQAU__crt_locale_pointers@@@Z,"__crt_strtox::parse_integer_from_string<unsigned long,char,char * *>"
0x00454279,43,strtox.obj,0,??$parse_integer_from_string@K_WPAPA_W@__crt_strtox@@YAKQB_WQAPA_WHQAU__crt_locale_pointers@@@Z,"__crt_strtox::parse_integer_from_string<unsigned long,wchar_t,wchar_t * *>"
0x004542A4,43,strtox.obj,0,??$parse_integer_from_string@_JDPAPAD@__crt_strtox@@YA_JQBDQAPADHQAU__crt_locale_pointers@@@Z,"__crt_strtox::parse_integer_from_string<__int64,char,char * *>"
0x004542CF,43,strtox.obj,0,??$parse_integer_from_string@_J_WPAPA_W@__crt_strtox@@YA_JQB_WQAPA_WHQAU__crt_locale_pointers@@@Z,"__crt_strtox::parse_integer_from_string<__int64,wchar_t,wchar_t * *>"
0x004542FA,43,strtox.obj,0,??$parse_integer_from_string@_KDPAPAD@__crt_strtox@@YA_KQBDQAPADHQAU__crt_locale_pointers@@@Z,"__crt_strtox::parse_integer_from_string<unsigned __int64,char,char * *>"
0x00454325,43,strtox.obj,0,??$parse_integer_from_string@_K_WPAPA_W@__crt_strtox@@YA_KQB_WQAPA_WHQAU__crt_locale_pointers@@@Z,"__crt_strtox::parse_integer_from_string<unsigned __int64,wchar_t,wchar_t * *>"
0x00454350,42,strtox.obj,0,__strtoi64,_strtoi64
0x0045437A,43,strtox.obj,0,__strtoi64_l,_strtoi64_l
0x004543A5,43,strtox.obj,0,__strtoimax_l,_strtoimax_l
0x004543D0,43,strtox.obj,0,__strtol_l,_strtol_l
0x004543FB,43,strtox.obj,0,__strtoll_l,_strtoll_l
0x00454426,42,strtox.obj,0,__strtoui64,_strtoui64
0x00454450,43,strtox.obj,0,__strtoui64_l,_strtoui64_l
0x0045447B,43,strtox.obj,0,__strtoul_l,_strtoul_l
0x004544A6,43,strtox.obj,0,__strtoull_l,_strtoull_l
0x004544D1,43,strtox.obj,0,__strtoumax_l,_strtoumax_l
0x004544FC,42,strtox.obj,0,__wcstoi64,_wcstoi64
0x00454526,43,strtox.obj,0,__wcstoi64_l,_wcstoi64_l
0x00454551,43,strtox.obj,0,__wcstoimax_l,_wcstoimax_l
0x0045457C,43,strtox.obj,0,__wcstol_l,_wcstol_l
0x004545A7,43,strtox.obj,0,__wcstoll_l,_wcstoll_l
0x004545D2,42,strtox.obj,0,__wcstoui64,_wcstoui64
0x004545FC,43,strtox.obj,0,__wcstoui64_l,_wcstoui64_l
0x00454627,43,strtox.obj,0,__wcstoul_l,_wcstoul_l
0x00454652,43,strtox.obj,0,__wcstoull_l,_wcstoull_l
0x0045467D,43,strtox.obj,0,__wcstoumax_l,_wcstoumax_l
0x004546A8,42,strtox.obj,0,_strtoimax,strtoimax
0x004546D2,42,strtox.obj,0,_strtol,strtol
0x004546FC,42,strtox.obj,0,_strtoll,strtoll
0x00454726,42,strtox.obj,0,_strtoul,strtoul
0x00454750,42,strtox.obj,0,_strtoull,strtoull
0x0045477A,42,strtox.obj,0,_strtoumax,strtoumax
0x004547A4,42,strtox.obj,0,_wcstoimax,wcstoimax
0x004547CE,42,strtox.obj,0,_wcstol,wcstol
0x004547F8,42,strtox.obj,0,_wcstoll,wcstoll
0x00454822,42,strtox.obj,0,_wcstoul,wcstoul
0x0045484C,42,strtox.obj,0,_wcstoull,wcstoull
0x00454876,42,strtox.obj,0,_wcstoumax,wcstoumax
0x004548A0,322,mbtowc.obj,0,__mbtowc_l,_mbtowc_l
0x004549E2,26,mbtowc.obj,0,_mbtowc,mbtowc
0x004549FC,81,wctomb.obj,0,__wctomb_l,_wctomb_l
0x00454A4D,347,wctomb.obj,0,__wctomb_s_l,_wctomb_s_l
0x00454BA8,50,wctomb.obj,0,_wctomb,wctomb
0x00454BDA,29,wctomb.obj,0,_wctomb_s,wctomb_s
0x004553F2,4,strnlen.obj,0,??1?$__crt_simd_cleanup_guard@$00@@QAE@XZ,__crt_simd_cleanup_guard<1>::~__crt_simd_cleanup_guard<1>
0x004553F6,3,strnlen.obj,0,??1?$__crt_simd_cleanup_guard@$0A@@@QAE@XZ,__crt_simd_cleanup_guard<0>::~__crt_simd_cleanup_guard<0>
0x004553F9,5,strnlen.obj,0,?compare_equals@?$__crt_simd_traits@$00E@@SA?AT__m256i@@T2@0@Z,"__crt_simd_traits<1,unsigned char>::compare_equals"
0x004553FE,5,strnlen.obj,0,?compare_equals@?$__crt_simd_traits@$00G@@SA?AT__m256i@@T2@0@Z,"__crt_simd_traits<1,unsigned short>::compare_equals"
0x00455403,5,strnlen.obj,0,?compare_equals@?$__crt_simd_traits@$0A@E@@SA?AT__m128i@@T2@0@Z,"__crt_simd_traits<0,unsigned char>::compare_equals"
0x00455408,5,strnlen.obj,0,?compare_equals@?$__crt_simd_traits@$0A@G@@SA?AT__m128i@@T2@0@Z,"__crt_simd_traits<0,unsigned short>::compare_equals"
0x0045540D,5,strnlen.obj,0,?compute_byte_mask@?$__crt_simd_pack_traits@$00@@SAHT__m256i@@@Z,__crt_simd_pack_traits<1>::compute_byte_mask
0x00455412,5,strnlen.obj,0,?compute_byte_mask@?$__crt_simd_pack_traits@$0A@@@SAHT__m128i@@@Z,__crt_simd_pack_traits<0>::compute_byte_mask
0x00455417,5,strnlen.obj,0,?get_zero_pack@?$__crt_simd_pack_traits@$00@@SA?AT__m256i@@XZ,__crt_simd_pack_traits<1>::get_zero_pack
0x0045541C,4,strnlen.obj,0,?get_zero_pack@?$__crt_simd_pack_traits@$0A@@@SA?AT__m128i@@XZ,__crt_simd_pack_traits<0>::get_zero_pack
0x00455420,290,strnlen.obj,0,_strnlen,strnlen
0x00455542,296,strnlen.obj,0,_wcslen,wcslen
0x0045566A,432,strnlen.obj,0,_wcsnlen,wcsnlen
0x0045581A,18,per_thread_data.obj,0,??$?RU__acrt_ptd@@@__crt_internal_free_policy@@QBEXQBU__acrt_ptd@@@Z,__crt_internal_free_policy::operator()<__acrt_ptd>
0x00455B06,16,per_thread_data.obj,0,??0?$__crt_unique_heap_ptr@U__acrt_ptd@@U__crt_internal_free_policy@@@@QAE@QAU__acrt_ptd@@@Z,"__crt_unique_heap_ptr<__acrt_ptd,__crt_internal_free_policy>::__crt_unique_heap_ptr<__acrt_ptd,__crt_internal_free_policy>"
0x00455B16,17,per_thread_data.obj,0,??0__crt_scoped_get_last_error_reset@@QAE@XZ,__crt_scoped_get_last_error_reset::__crt_scoped_get_last_error_reset
0x00455B27,18,per_thread_data.obj,0,??1?$__crt_unique_heap_ptr@U__acrt_ptd@@U__crt_internal_free_policy@@@@QAE@XZ,"__crt_unique_heap_ptr<__acrt_ptd,__crt_internal_free_policy>::~__crt_unique_heap_ptr<__acrt_ptd,__crt_internal_free_policy>"
0x00455B39,9,per_thread_data.obj,0,??1__crt_scoped_get_last_error_reset@@QAE@XZ,__crt_scoped_get_last_error_reset::~__crt_scoped_get_last_error_reset
0x00455B42,7,per_thread_data.obj,0,??B?$__crt_unique_heap_ptr@U__acrt_ptd@@U__crt_internal_free_policy@@@@QBE_NXZ,"__crt_unique_heap_ptr<__acrt_ptd,__crt_internal_free_policy>::operator bool"
0x00455C90,3,per_thread_data.obj,0,?dangerous_get_state_array@?$dual_state_global@PAU__crt_locale_data@@@__crt_state_management@@QAEPAPAU__crt_locale_data@@XZ,__crt_state_management::dual_state_global<__crt_locale_data *>::dangerous_get_state_array
0x00455D86,6,per_thread_data.obj,0,?detach@?$__crt_unique_heap_ptr@U__acrt_ptd@@U__crt_internal_free_policy@@@@QAEPAU__acrt_ptd@@XZ,"__crt_unique_heap_ptr<__acrt_ptd,__crt_internal_free_policy>::detach"
0x00455D8C,3,per_thread_data.obj,0,?get@?$__crt_unique_heap_ptr@U__acrt_ptd@@U__crt_internal_free_policy@@@@QBEPAU__acrt_ptd@@XZ,"__crt_unique_heap_ptr<__acrt_ptd,__crt_internal_free_policy>::get"
0x00455D8F,3,per_thread_data.obj,0,?get_current_state_index@__crt_state_management@@YAIABV__crt_scoped_get_last_error_reset@@@Z,__crt_state_management::get_current_state_index
0x00455EC4,7,per_thread_data.obj,0,?is_valid@?$__crt_unique_heap_ptr@U__acrt_ptd@@U__crt_internal_free_policy@@@@QBE_NXZ,"__crt_unique_heap_ptr<__acrt_ptd,__crt_internal_free_policy>::is_valid"
0x00455ECB,18,per_thread_data.obj,0,?release@?$__crt_unique_heap_ptr@U__acrt_ptd@@U__crt_internal_free_policy@@@@QAEXXZ,"__crt_unique_heap_ptr<__acrt_ptd,__crt_internal_free_policy>::release"
0x00455F3F,44,per_thread_data.obj,0,___acrt_freeptd,__acrt_freeptd
0x00455F6B,189,per_thread_data.obj,0,___acrt_getptd,__acrt_getptd
0x00456028,154,per_thread_data.obj,0,___acrt_getptd_head,__acrt_getptd_head
0x004560C2,181,per_thread_data.obj,0,___acrt_getptd_noexit,__acrt_getptd_noexit
0x00456177,44,per_thread_data.obj,0,___acrt_initialize_ptd,__acrt_initialize_ptd
0x004561A3,26,per_thread_data.obj,0,___acrt_uninitialize_ptd,__acrt_uninitialize_ptd
0x004561BD,6,per_thread_data.obj,0,___threadhandle,__threadhandle
0x004561C3,6,per_thread_data.obj,0,___threadid,__threadid
0x004561C9,3,locale_update.obj,0,?value@?$dual_state_global@PAU__crt_multibyte_data@@@__crt_state_management@@QAEAAPAU__crt_multibyte_data@@XZ,__crt_state_management::dual_state_global<__crt_multibyte_data *>::value
0x004561CC,28,locale_update.obj,0,___acrt_should_sync_with_global_locale,__acrt_should_sync_with_global_locale
0x004561E8,45,locale_update.obj,0,___acrt_update_locale_info,__acrt_update_locale_info
0x00456215,45,locale_update.obj,0,___acrt_update_multibyte_info,__acrt_update_multibyte_info
0x00456242,98,cvt.obj,0,?__acrt_fp_classify@@YA?AW4__acrt_fp_class@@ABN@Z,__acrt_fp_classify
0x004562A4,25,cvt.obj,0,?__acrt_fp_is_negative@@YA_NABN@Z,__acrt_fp_is_negative
0x00456C0E,11,cvt.obj,0,?strrchr@@YAPADQADH@Z,strrchr
0x00456C19,348,cvt.obj,0,___acrt_fp_format,__acrt_fp_format
0x00456DA5,297,fputwc.obj,0,__fputwc_nolock,_fputwc_nolock
0x00456ECE,26,fputwc.obj,0,__fputwchar,_fputwchar
0x00456EE8,11,fputwc.obj,0,__putwc_nolock,_putwc_nolock
0x00456EF3,126,fputwc.obj,0,_fputwc,fputwc
0x00456F71,11,fputwc.obj,0,_putwc,putwc
0x00456F7C,11,fputwc.obj,0,_putwchar,putwchar
0x00456F87,7,fileno.obj,0,?lowio_handle@__crt_stdio_stream@@QBEHXZ,__crt_stdio_stream::lowio_handle
0x00456F8E,39,fileno.obj,0,__fileno,_fileno
0x00456FB5,18,_file.obj,0,??$?RPAU__crt_stdio_stream_data@@@__crt_internal_free_policy@@QBEXQBQAU__crt_stdio_stream_data@@@Z,__crt_internal_free_policy::operator()<__crt_stdio_stream_data *>
0x00456FC7,16,_file.obj,0,??0?$__crt_unique_heap_ptr@PAU__crt_stdio_stream_data@@U__crt_internal_free_policy@@@@QAE@QAPAU__crt_stdio_stream_data@@@Z,"__crt_unique_heap_ptr<__crt_stdio_stream_data *,__crt_internal_free_policy>::__crt_unique_heap_ptr<__crt_stdio_stream_data *,__crt_internal_free_policy>"
0x00456FD7,18,_file.obj,0,??1?$__crt_unique_heap_ptr@PAU__crt_stdio_stream_data@@U__crt_internal_free_policy@@@@QAE@XZ,"__crt_unique_heap_ptr<__crt_stdio_stream_data *,__crt_internal_free_policy>::~__crt_unique_heap_ptr<__crt_stdio_stream_data *,__crt_internal_free_policy>"
0x00456FE9,6,_file.obj,0,?detach@?$__crt_unique_heap_ptr@PAU__crt_stdio_stream_data@@U__crt_internal_free_policy@@@@QAEPAPAU__crt_stdio_stream_data@@XZ,"__crt_unique_heap_ptr<__crt_stdio_stream_data *,__crt_internal_free_policy>::detach"
0x00456FEF,18,_file.obj,0,?release@?$__crt_unique_heap_ptr@PAU__crt_stdio_stream_data@@U__crt_internal_free_policy@@@@QAEXXZ,"__crt_unique_heap_ptr<__crt_stdio_stream_data *,__crt_internal_free_policy>::release"
0x00457001,200,_file.obj,0,___acrt_initialize_stdio,__acrt_initialize_stdio
0x004570C9,16,_file.obj,0,___acrt_iob_func,__acrt_iob_func
0x004570D9,76,_file.obj,0,___acrt_uninitialize_stdio,__acrt_uninitialize_stdio
0x00457125,70,_file.obj,0,__get_stream_buffer_pointers,_get_stream_buffer_pointers
0x0045716B,20,_file.obj,0,__lock_file,_lock_file
0x0045717F,20,_file.obj,0,__unlock_file,_unlock_file
0x00457193,41,fputc.obj,0,__fputc_nolock,_fputc_nolock
0x004571BC,26,fputc.obj,0,__fputchar,_fputchar
0x004571D6,11,fputc.obj,0,__putc_nolock,_putc_nolock
0x004571E1,266,fputc.obj,0,_fputc,fputc
0x004572EB,11,fputc.obj,0,_putc,putc
0x004572F6,11,fputc.obj,0,_putchar,putchar
0x00457301,21,printf_count_output.obj,0,__get_printf_count_output,_get_printf_count_output
0x00457316,42,printf_count_output.obj,0,__set_printf_count_output,_set_printf_count_output
0x00457340,15,_sftbuf.obj,0,?has_any_buffer@__crt_stdio_stream@@QBE_NXZ,__crt_stdio_stream::has_any_buffer
0x0045734F,21,_sftbuf.obj,0,?has_any_of@__crt_stdio_stream@@QBE_NJ@Z,__crt_stdio_stream::has_any_of
0x00457364,12,_sftbuf.obj,0,?has_temporary_buffer@__crt_stdio_stream@@QBE_NXZ,__crt_stdio_stream::has_temporary_buffer
0x00457370,36,_sftbuf.obj,0,?set_flags@__crt_stdio_stream@@QBE_NJ@Z,__crt_stdio_stream::set_flags
0x00457394,41,_sftbuf.obj,0,?unset_flags@__crt_stdio_stream@@QBE_NJ@Z,__crt_stdio_stream::unset_flags
0x004573BD,59,_sftbuf.obj,0,___acrt_should_use_temporary_buffer,__acrt_should_use_temporary_buffer
0x004573F8,172,_sftbuf.obj,0,___acrt_stdio_begin_temporary_buffering_nolock,__acrt_stdio_begin_temporary_buffering_nolock
0x004574A4,58,_sftbuf.obj,0,___acrt_stdio_end_temporary_buffering_nolock,__acrt_stdio_end_temporary_buffering_nolock
0x004574DE,37,nlsdata.obj,0,___p___mb_cur_max,__p___mb_cur_max
0x0045768F,96,ioinit.obj,0,___acrt_initialize_lowio,__acrt_initialize_lowio
0x004576EF,44,ioinit.obj,0,___acrt_uninitialize_lowio,__acrt_uninitialize_lowio
0x00457720,21,common.obj,0,__twoToTOS,_twoToTOS
0x00457735,23,common.obj,0,__load_CW,_load_CW
0x0045774C,25,common.obj,0,__convertTOStoQNaN,_convertTOStoQNaN
0x00457765,67,common.obj,0,__fload_withFB,_fload_withFB
0x004577A8,22,common.obj,0,__checkTOS_withFB,_checkTOS_withFB
0x004577BE,13,common.obj,0,__fast_exit,_fast_exit
0x004577CB,42,common.obj,0,__math_exit,_math_exit
0x004577F5,20,common.obj,0,__check_overflow_exit,_check_overflow_exit
0x00457809,163,common.obj,0,__check_range_exit,_check_range_exit
0x004578B0,177,sqrt_impl.obj,0,__CIsqrt,_CIsqrt
0x00457961,16,mathfcns.obj,0,___acrt_initialize_sse2,__acrt_initialize_sse2
0x00457971,33,mathfcns.obj,0,__set_SSE2_enable,_set_SSE2_enable
0x004579A0,59,acos_impl.obj,0,__CIacos,_CIacos
0x004579DB,203,acos_impl.obj,0,__CIacos_default,_CIacos_default
0x00457AB0,1364,acos_pentium4.obj,0,__CIacos_pentium4,_CIacos_pentium4
0x00458010,59,cos_impl.obj,0,__CIcos,_CIcos
0x0045804B,167,cos_impl.obj,0,__CIcos_default,_CIcos_default
0x00458100,428,cos_pentium4.obj,0,__CIcos_pentium4,_CIcos_pentium4
0x004582B0,59,sin_impl.obj,0,__CIsin,_CIsin
0x004582EB,167,sin_impl.obj,0,__CIsin_default,_CIsin_default
0x004583A0,456,sin_pentium4.obj,0,__CIsin_pentium4,_CIsin_pentium4
0x00458568,16,lcmapstringa.obj,0,??0?$__crt_scoped_stack_ptr@_W@@QAE@U?$__crt_scoped_stack_ptr_tag@_W@@@Z,__crt_scoped_stack_ptr<wchar_t>::__crt_scoped_stack_ptr<wchar_t>
0x00458578,16,lcmapstringa.obj,0,??0?$__crt_scoped_stack_ptr_tag@_W@@QAE@QA_W@Z,__crt_scoped_stack_ptr_tag<wchar_t>::__crt_scoped_stack_ptr_tag<wchar_t>
0x00458588,9,lcmapstringa.obj,0,??1?$__crt_scoped_stack_ptr@_W@@QAE@XZ,__crt_scoped_stack_ptr<wchar_t>::~__crt_scoped_stack_ptr<wchar_t>
0x00458591,7,lcmapstringa.obj,0,??B?$__crt_scoped_stack_ptr@_W@@QBE_NXZ,__crt_scoped_stack_ptr<wchar_t>::operator bool
0x00458782,3,lcmapstringa.obj,0,?get@?$__crt_scoped_stack_ptr@_W@@QBEPA_WXZ,__crt_scoped_stack_ptr<wchar_t>::get
0x00458785,73,lcmapstringa.obj,0,___acrt_LCMapStringA,__acrt_LCMapStringA
0x00458969,141,close.obj,0,__close,_close
0x004589F6,156,close.obj,0,__close_nolock,_close_nolock
0x00458A92,18,stream.obj,0,??$?RU__crt_stdio_stream_data@@@__crt_internal_free_policy@@QBEXQBU__crt_stdio_stream_data@@@Z,__crt_internal_free_policy::operator()<__crt_stdio_stream_data>
0x00458AA4,16,stream.obj,0,??0?$__crt_unique_heap_ptr@U__crt_stdio_stream_data@@U__crt_internal_free_policy@@@@QAE@QAU__crt_stdio_stream_data@@@Z,"__crt_unique_heap_ptr<__crt_stdio_stream_data,__crt_internal_free_policy>::__crt_unique_heap_ptr<__crt_stdio_stream_data,__crt_internal_free_policy>"
0x00458AB4,16,stream.obj,0,??0__crt_stdio_stream@@QAE@QAU__crt_stdio_stream_data@@@Z,__crt_stdio_stream::__crt_stdio_stream
0x00458AC4,6,stream.obj,0,??0__crt_stdio_stream@@QAE@XZ,__crt_stdio_stream::__crt_stdio_stream
0x00458ACA,18,stream.obj,0,??1?$__crt_unique_heap_ptr@U__crt_stdio_stream_data@@U__crt_internal_free_policy@@@@QAE@XZ,"__crt_unique_heap_ptr<__crt_stdio_stream_data,__crt_internal_free_policy>::~__crt_unique_heap_ptr<__crt_stdio_stream_data,__crt_internal_free_policy>"
0x00458ADC,105,stream.obj,0,?__acrt_stdio_allocate_stream@@YA?AV__crt_stdio_stream@@XZ,__acrt_stdio_allocate_stream
0x00458B45,59,stream.obj,0,?__acrt_stdio_free_stream@@YAXV__crt_stdio_stream@@@Z,__acrt_stdio_free_stream
0x00458B80,10,stream.obj,0,?deallocate@__crt_stdio_stream@@QAEXXZ,__crt_stdio_stream::deallocate
0x00458B8A,6,stream.obj,0,?detach@?$__crt_unique_heap_ptr@U__crt_stdio_stream_data@@U__crt_internal_free_policy@@@@QAEPAU__crt_stdio_stream_data@@XZ,"__crt_unique_heap_ptr<__crt_stdio_stream_data,__crt_internal_free_policy>::detach"
0x00458C52,9,stream.obj,0,?lock@__crt_stdio_stream@@QBEXXZ,__crt_stdio_stream::lock
0x00458C5B,18,stream.obj,0,?release@?$__crt_unique_heap_ptr@U__crt_stdio_stream_data@@U__crt_internal_free_policy@@@@QAEXXZ,"__crt_unique_heap_ptr<__crt_stdio_stream_data,__crt_internal_free_policy>::release"
0x00458C6D,32,stream.obj,0,?try_allocate@__crt_stdio_stream@@QAE_NXZ,__crt_stdio_stream::try_allocate
0x00458C8D,12,_freebuf.obj,0,?has_crt_buffer@__crt_stdio_stream@@QBE_NXZ,__crt_stdio_stream::has_crt_buffer
0x00458C99,64,_freebuf.obj,0,___acrt_stdio_free_buffer_nolock,__acrt_stdio_free_buffer_nolock
0x004590B1,22,fflush.obj,0,?__acrt_stdio_reset_buffer@@YAXV__crt_stdio_stream@@@Z,__acrt_stdio_reset_buffer
0x00459147,24,fflush.obj,0,?has_all_of@__crt_stdio_stream@@QBE_NJ@Z,__crt_stdio_stream::has_all_of
0x004591AF,101,fflush.obj,0,___acrt_stdio_flush_nolock,__acrt_stdio_flush_nolock
0x00459214,72,fflush.obj,0,__fflush_nolock,_fflush_nolock
0x0045925C,9,fflush.obj,0,__flushall,_flushall
0x00459265,85,fflush.obj,0,_fflush,fflush
0x004592BA,371,fgetwc.obj,0,__fgetwc_nolock,_fgetwc_nolock
0x0045942D,16,fgetwc.obj,0,__fgetwchar,_fgetwchar
0x0045943D,11,fgetwc.obj,0,__getwc_nolock,_getwc_nolock
0x00459448,119,fgetwc.obj,0,_fgetwc,fgetwc
0x004594BF,11,fgetwc.obj,0,_getwc,getwc
0x004594CA,5,fgetwc.obj,0,_getwchar,getwchar
0x004594CF,60,fgetc.obj,0,__fgetc_nolock,_fgetc_nolock
0x0045950B,16,fgetc.obj,0,__fgetchar,_fgetchar
0x0045951B,11,fgetc.obj,0,__getc_nolock,_getc_nolock
0x00459526,264,fgetc.obj,0,_fgetc,fgetc
0x0045962E,11,fgetc.obj,0,_getc,getc
0x00459639,5,fgetc.obj,0,_getchar,getchar
0x0045963E,554,openfile.obj,0,??$__acrt_stdio_parse_mode@D@@YA?AU__acrt_stdio_stream_mode@@QBD@Z,__acrt_stdio_parse_mode<char>
0x00459868,619,openfile.obj,0,??$__acrt_stdio_parse_mode@_W@@YA?AU__acrt_stdio_stream_mode@@QB_W@Z,__acrt_stdio_parse_mode<wchar_t>
0x00459BD9,28,openfile.obj,0,??$tcsncmp@AAPBDAAY02$$CBDI@?$__crt_char_traits@D@@SAHAAPBDAAY02$$CBD$$QAI@Z,"__crt_char_traits<char>::tcsncmp<char const * &,char const (&)[3],unsigned int>"
0x00459BF5,28,openfile.obj,0,??$tcsncmp@AAPB_WAAY02$$CB_WI@?$__crt_char_traits@_W@@SAHAAPB_WAAY02$$CB_W$$QAI@Z,"__crt_char_traits<wchar_t>::tcsncmp<wchar_t const * &,wchar_t const (&)[3],unsigned int>"
0x00459C11,28,openfile.obj,0,??$tcsnicmp@AAPBDAAY04$$CBDI@?$__crt_char_traits@D@@SAHAAPBDAAY04$$CBD$$QAI@Z,"__crt_char_traits<char>::tcsnicmp<char const * &,char const (&)[5],unsigned int>"
0x00459C2D,28,openfile.obj,0,??$tcsnicmp@AAPBDAAY06$$CBDI@?$__crt_char_traits@D@@SAHAAPBDAAY06$$CBD$$QAI@Z,"__crt_char_traits<char>::tcsnicmp<char const * &,char const (&)[7],unsigned int>"
0x00459C49,28,openfile.obj,0,??$tcsnicmp@AAPBDAAY07$$CBDI@?$__crt_char_traits@D@@SAHAAPBDAAY07$$CBD$$QAI@Z,"__crt_char_traits<char>::tcsnicmp<char const * &,char const (&)[8],unsigned int>"
0x00459C65,28,openfile.obj,0,??$tcsnicmp@AAPB_WAAY04$$CB_WI@?$__crt_char_traits@_W@@SAHAAPB_WAAY04$$CB_W$$QAI@Z,"__crt_char_traits<wchar_t>::tcsnicmp<wchar_t const * &,wchar_t const (&)[5],unsigned int>"
0x00459C81,28,openfile.obj,0,??$tcsnicmp@AAPB_WAAY06$$CB_WI@?$__crt_char_traits@_W@@SAHAAPB_WAAY06$$CB_W$$QAI@Z,"__crt_char_traits<wchar_t>::tcsnicmp<wchar_t const * &,wchar_t const (&)[7],unsigned int>"
0x00459C9D,28,openfile.obj,0,??$tcsnicmp@AAPB_WAAY07$$CB_WI@?$__crt_char_traits@_W@@SAHAAPB_WAAY07$$CB_W$$QAI@Z,"__crt_char_traits<wchar_t>::tcsnicmp<wchar_t const * &,wchar_t const (&)[8],unsigned int>"
0x00459CB9,40,openfile.obj,0,??$tsopen_s@PAHABQBDABHABHH@?$__crt_char_traits@D@@SAH$$QAPAHABQBDABH2$$QAH@Z,"__crt_char_traits<char>::tsopen_s<int *,char const * const &,int const &,int const &,int>"
0x00459CE1,40,openfile.obj,0,??$tsopen_s@PAHABQB_WABHABHH@?$__crt_char_traits@_W@@SAH$$QAPAHABQB_WABH2$$QAH@Z,"__crt_char_traits<wchar_t>::tsopen_s<int *,wchar_t const * const &,int const &,int const &,int>"
0x00459D09,27,openfile.obj,0,?__acrt_stdio_parse_mode_D@@YA_NAAU__acrt_stdio_stream_mode@@@Z,__acrt_stdio_parse_mode_D
0x00459D24,18,openfile.obj,0,?__acrt_stdio_parse_mode_N@@YA_NAAU__acrt_stdio_stream_mode@@@Z,__acrt_stdio_parse_mode_N
0x00459D36,30,openfile.obj,0,?__acrt_stdio_parse_mode_R@@YA_NAAU__acrt_stdio_stream_mode@@AA_N@Z,__acrt_stdio_parse_mode_R
0x00459D54,30,openfile.obj,0,?__acrt_stdio_parse_mode_S@@YA_NAAU__acrt_stdio_stream_mode@@AA_N@Z,__acrt_stdio_parse_mode_S
0x00459D72,31,openfile.obj,0,?__acrt_stdio_parse_mode_T@@YA_NAAU__acrt_stdio_stream_mode@@@Z,__acrt_stdio_parse_mode_T
0x00459D91,32,openfile.obj,0,?__acrt_stdio_parse_mode_b@@YA_NAAU__acrt_stdio_stream_mode@@@Z,__acrt_stdio_parse_mode_b
0x00459DB1,34,openfile.obj,0,?__acrt_stdio_parse_mode_c@@YA_NAAU__acrt_stdio_stream_mode@@AA_N@Z,__acrt_stdio_parse_mode_c
0x00459DD3,34,openfile.obj,0,?__acrt_stdio_parse_mode_n@@YA_NAAU__acrt_stdio_stream_mode@@AA_N@Z,__acrt_stdio_parse_mode_n
0x00459DF5,54,openfile.obj,0,?__acrt_stdio_parse_mode_plus@@YA_NAAU__acrt_stdio_stream_mode@@AA_N@Z,__acrt_stdio_parse_mode_plus
0x00459E2B,32,openfile.obj,0,?__acrt_stdio_parse_mode_t@@YA_NAAU__acrt_stdio_stream_mode@@@Z,__acrt_stdio_parse_mode_t
0x00459E4B,32,openfile.obj,0,?__acrt_stdio_parse_mode_x@@YA_NAAU__acrt_stdio_stream_mode@@@Z,__acrt_stdio_parse_mode_x
0x00459E6B,11,openfile.obj,0,__openfile,_openfile
0x00459E76,11,openfile.obj,0,__wopenfile,_wopenfile
0x00459E81,65,locks.obj,0,___acrt_initialize_locks,__acrt_initialize_locks
0x00459EC2,23,locks.obj,0,___acrt_lock,__acrt_lock
0x00459ED9,49,locks.obj,0,___acrt_uninitialize_locks,__acrt_uninitialize_locks
0x00459F0A,23,locks.obj,0,___acrt_unlock,__acrt_unlock
0x00459F21,14,locks.obj,0,__lock_locales,_lock_locales
0x00459F2F,9,locks.obj,0,__unlock_locales,_unlock_locales
0x0045A0DF,68,win_policies.obj,0,___acrt_get_begin_thread_init_policy,__acrt_get_begin_thread_init_policy
0x0045A123,68,win_policies.obj,0,___acrt_get_developer_information_policy,__acrt_get_developer_information_policy
0x0045A167,49,win_policies.obj,0,___acrt_get_process_end_policy,__acrt_get_process_end_policy
0x0045A198,92,win_policies.obj,0,___acrt_get_windowing_model_policy,__acrt_get_windowing_model_policy
0x0045A1F4,93,calloc_base.obj,0,__calloc_base,_calloc_base
0x0045A402,29,argv_wildcards.obj,0,??$__acrt_mbs_to_wcs_cp@U__crt_win32_buffer_internal_dynamic_resizing@@@@YAHQBDAAV?$__crt_win32_buffer@_WU__crt_win32_buffer_internal_dynamic_resizing@@@@I@Z,__acrt_mbs_to_wcs_cp<__crt_win32_buffer_internal_dynamic_resizing>
0x0045A41F,29,argv_wildcards.obj,0,??$__acrt_wcs_to_mbs_cp@U__crt_win32_buffer_internal_dynamic_resizing@@@@YAHQB_WAAV?$__crt_win32_buffer@DU__crt_win32_buffer_internal_dynamic_resizing@@@@I@Z,__acrt_wcs_to_mbs_cp<__crt_win32_buffer_internal_dynamic_resizing>
0x0045AD81,24,argv_wildcards.obj,0,??$tcslen@ABQBD@?$__crt_char_traits@D@@SAIABQBD@Z,__crt_char_traits<char>::tcslen<char const * const &>
0x0045AD99,30,argv_wildcards.obj,0,??$tcslen@ABQB_W@?$__crt_char_traits@_W@@SAIABQB_W@Z,__crt_char_traits<wchar_t>::tcslen<wchar_t const * const &>
0x0045ADB7,35,argv_wildcards.obj,0,??$tcsncpy_s@AAPADIAAPADABI@?$__crt_char_traits@D@@SAHAAPAD$$QAI0ABI@Z,"__crt_char_traits<char>::tcsncpy_s<char * &,unsigned int,char * &,unsigned int const &>"
0x0045ADDA,35,argv_wildcards.obj,0,??$tcsncpy_s@AAPA_WIAAPA_WABI@?$__crt_char_traits@_W@@SAHAAPA_W$$QAI0ABI@Z,"__crt_char_traits<wchar_t>::tcsncpy_s<wchar_t * &,unsigned int,wchar_t * &,unsigned int const &>"
0x0045ADFD,35,argv_wildcards.obj,0,??$tcsncpy_s@PADABIABQBDABI@?$__crt_char_traits@D@@SAH$$QAPADABIABQBD1@Z,"__crt_char_traits<char>::tcsncpy_s<char *,unsigned int const &,char const * const &,unsigned int const &>"
0x0045AE20,35,argv_wildcards.obj,0,??$tcsncpy_s@PADIABQBDABI@?$__crt_char_traits@D@@SAH$$QAPAD$$QAIABQBDABI@Z,"__crt_char_traits<char>::tcsncpy_s<char *,unsigned int,char const * const &,unsigned int const &>"
0x0045AE43,35,argv_wildcards.obj,0,??$tcsncpy_s@PA_WABIABQB_WABI@?$__crt_char_traits@_W@@SAH$$QAPA_WABIABQB_W1@Z,"__crt_char_traits<wchar_t>::tcsncpy_s<wchar_t *,unsigned int const &,wchar_t const * const &,unsigned int const &>"
0x0045AE66,35,argv_wildcards.obj,0,??$tcsncpy_s@PA_WIABQB_WABI@?$__crt_char_traits@_W@@SAH$$QAPA_W$$QAIABQB_WABI@Z,"__crt_char_traits<wchar_t>::tcsncpy_s<wchar_t *,unsigned int,wchar_t const * const &,unsigned int const &>"
0x0045AE89,22,argv_wildcards.obj,0,??$tcspbrk@AAPADAAY02$$CBD@?$__crt_char_traits@D@@SAPADAAPADAAY02$$CBD@Z,"__crt_char_traits<char>::tcspbrk<char * &,char const (&)[3]>"
0x0045AE9F,22,argv_wildcards.obj,0,??$tcspbrk@AAPA_WAAY02$$CB_W@?$__crt_char_traits@_W@@SAPA_WAAPA_WAAY02$$CB_W@Z,"__crt_char_traits<wchar_t>::tcspbrk<wchar_t * &,wchar_t const (&)[3]>"
0x0045AEB5,16,argv_wildcards.obj,0,??0?$__crt_unique_handle_t@U__crt_findfile_traits@@@@QAE@QAX@Z,__crt_unique_handle_t<__crt_findfile_traits>::__crt_unique_handle_t<__crt_findfile_traits>
0x0045AEC5,22,argv_wildcards.obj,0,??0?$__crt_win32_buffer@DU__crt_win32_buffer_internal_dynamic_resizing@@@@QAE@XZ,"__crt_win32_buffer<char,__crt_win32_buffer_internal_dynamic_resizing>::__crt_win32_buffer<char,__crt_win32_buffer_internal_dynamic_resizing>"
0x0045AEDB,22,argv_wildcards.obj,0,??0?$__crt_win32_buffer@_WU__crt_win32_buffer_internal_dynamic_resizing@@@@QAE@XZ,"__crt_win32_buffer<wchar_t,__crt_win32_buffer_internal_dynamic_resizing>::__crt_win32_buffer<wchar_t,__crt_win32_buffer_internal_dynamic_resizing>"
0x0045AF0B,23,argv_wildcards.obj,0,??1?$__crt_unique_handle_t@U__crt_findfile_traits@@@@QAE@XZ,__crt_unique_handle_t<__crt_findfile_traits>::~__crt_unique_handle_t<__crt_findfile_traits>
0x0045AF22,5,argv_wildcards.obj,0,??1?$__crt_win32_buffer@DU__crt_win32_buffer_internal_dynamic_resizing@@@@QAE@XZ,"__crt_win32_buffer<char,__crt_win32_buffer_internal_dynamic_resizing>::~__crt_win32_buffer<char,__crt_win32_buffer_internal_dynamic_resizing>"
0x0045AF27,5,argv_wildcards.obj,0,??1?$__crt_win32_buffer@_WU__crt_win32_buffer_internal_dynamic_resizing@@@@QAE@XZ,"__crt_win32_buffer<wchar_t,__crt_win32_buffer_internal_dynamic_resizing>::~__crt_win32_buffer<wchar_t,__crt_win32_buffer_internal_dynamic_resizing>"
0x0045B045,63,argv_wildcards.obj,0,?__acrt_get_utf8_acp_compatibility_codepage@@YAIXZ,__acrt_get_utf8_acp_compatibility_codepage
0x0045B084,26,argv_wildcards.obj,0,?_deallocate@?$__crt_win32_buffer@DU__crt_win32_buffer_internal_dynamic_resizing@@@@AAEXXZ,"__crt_win32_buffer<char,__crt_win32_buffer_internal_dynamic_resizing>::_deallocate"
0x0045B09E,26,argv_wildcards.obj,0,?_deallocate@?$__crt_win32_buffer@_WU__crt_win32_buffer_internal_dynamic_resizing@@@@AAEXXZ,"__crt_win32_buffer<wchar_t,__crt_win32_buffer_internal_dynamic_resizing>::_deallocate"
0x0045B0B8,60,argv_wildcards.obj,0,?allocate@?$__crt_win32_buffer@DU__crt_win32_buffer_internal_dynamic_resizing@@@@QAEHI@Z,"__crt_win32_buffer<char,__crt_win32_buffer_internal_dynamic_resizing>::allocate"
0x0045B0F4,63,argv_wildcards.obj,0,?allocate@?$__crt_win32_buffer@_WU__crt_win32_buffer_internal_dynamic_resizing@@@@QAEHI@Z,"__crt_win32_buffer<wchar_t,__crt_win32_buffer_internal_dynamic_resizing>::allocate"
0x0045B133,31,argv_wildcards.obj,0,?allocate@__crt_win32_buffer_internal_dynamic_resizing@@SAHQAPAXIABV__crt_win32_buffer_empty_debug_info@@@Z,__crt_win32_buffer_internal_dynamic_resizing::allocate
0x0045B1C2,4,argv_wildcards.obj,0,?capacity@?$__crt_win32_buffer@DU__crt_win32_buffer_internal_dynamic_resizing@@@@QBEIXZ,"__crt_win32_buffer<char,__crt_win32_buffer_internal_dynamic_resizing>::capacity"
0x0045B1C6,4,argv_wildcards.obj,0,?capacity@?$__crt_win32_buffer@_WU__crt_win32_buffer_internal_dynamic_resizing@@@@QBEIXZ,"__crt_win32_buffer<wchar_t,__crt_win32_buffer_internal_dynamic_resizing>::capacity"
0x0045B1CA,23,argv_wildcards.obj,0,?close@?$__crt_unique_handle_t@U__crt_findfile_traits@@@@QAEXXZ,__crt_unique_handle_t<__crt_findfile_traits>::close
0x0045B1E1,21,argv_wildcards.obj,0,?close@__crt_findfile_traits@@SA_NPAX@Z,__crt_findfile_traits::close
0x0045B1F6,4,argv_wildcards.obj,0,?data@?$__crt_win32_buffer@DU__crt_win32_buffer_internal_dynamic_resizing@@@@QAEPADXZ,"__crt_win32_buffer<char,__crt_win32_buffer_internal_dynamic_resizing>::data"
0x0045B1FA,4,argv_wildcards.obj,0,?data@?$__crt_win32_buffer@_WU__crt_win32_buffer_internal_dynamic_resizing@@@@QAEPA_WXZ,"__crt_win32_buffer<wchar_t,__crt_win32_buffer_internal_dynamic_resizing>::data"
0x0045B1FE,16,argv_wildcards.obj,0,?deallocate@__crt_win32_buffer_internal_dynamic_resizing@@SAXQAXABV__crt_win32_buffer_empty_debug_info@@@Z,__crt_win32_buffer_internal_dynamic_resizing::deallocate
0x0045B20E,3,argv_wildcards.obj,0,?debug_info@?$__crt_win32_buffer@DU__crt_win32_buffer_internal_dynamic_resizing@@@@QBEABV__crt_win32_buffer_empty_debug_info@@XZ,"__crt_win32_buffer<char,__crt_win32_buffer_internal_dynamic_resizing>::debug_info"
0x0045B211,3,argv_wildcards.obj,0,?debug_info@?$__crt_win32_buffer@_WU__crt_win32_buffer_internal_dynamic_resizing@@@@QBEABV__crt_win32_buffer_empty_debug_info@@XZ,"__crt_win32_buffer<wchar_t,__crt_win32_buffer_internal_dynamic_resizing>::debug_info"
0x0045B32A,3,argv_wildcards.obj,0,?get@?$__crt_unique_handle_t@U__crt_findfile_traits@@@@QBEPAXXZ,__crt_unique_handle_t<__crt_findfile_traits>::get
0x0045B360,4,argv_wildcards.obj,0,?get_invalid_value@__crt_findfile_traits@@SAPAXXZ,__crt_findfile_traits::get_invalid_value
0x0045B3AF,23,argv_wildcards.obj,0,?set_to_nullptr@?$__crt_win32_buffer@DU__crt_win32_buffer_internal_dynamic_resizing@@@@QAEXXZ,"__crt_win32_buffer<char,__crt_win32_buffer_internal_dynamic_resizing>::set_to_nullptr"
0x0045B3C6,23,argv_wildcards.obj,0,?set_to_nullptr@?$__crt_win32_buffer@_WU__crt_win32_buffer_internal_dynamic_resizing@@@@QAEXXZ,"__crt_win32_buffer<wchar_t,__crt_win32_buffer_internal_dynamic_resizing>::set_to_nullptr"
0x0045B3DD,15,argv_wildcards.obj,0,?size@?$__crt_win32_buffer@DU__crt_win32_buffer_internal_dynamic_resizing@@@@QAEXI@Z,"__crt_win32_buffer<char,__crt_win32_buffer_internal_dynamic_resizing>::size"
0x0045B3EC,15,argv_wildcards.obj,0,?size@?$__crt_win32_buffer@_WU__crt_win32_buffer_internal_dynamic_resizing@@@@QAEXI@Z,"__crt_win32_buffer<wchar_t,__crt_win32_buffer_internal_dynamic_resizing>::size"
0x0045B40D,11,argv_wildcards.obj,0,?strpbrk@@YAPADQADQBD@Z,strpbrk
0x0045B418,11,argv_wildcards.obj,0,?wcspbrk@@YAPA_WPA_WPB_W@Z,wcspbrk
0x0045B423,11,argv_wildcards.obj,0,___acrt_expand_narrow_argv_wildcards,__acrt_expand_narrow_argv_wildcards
0x0045B42E,11,argv_wildcards.obj,0,___acrt_expand_wide_argv_wildcards,__acrt_expand_wide_argv_wildcards
0x0045B500,29,getmodulefilenamea.obj,0,??$__acrt_wcs_to_mbs_cp@U__crt_win32_buffer_no_resizing@@@@YAHQB_WAAV?$__crt_win32_buffer@DU__crt_win32_buffer_no_resizing@@@@I@Z,__acrt_wcs_to_mbs_cp<__crt_win32_buffer_no_resizing>
0x0045B51D,36,getmodulefilenamea.obj,0,??0?$__crt_win32_buffer@DU__crt_win32_buffer_no_resizing@@@@QAE@QADI@Z,"__crt_win32_buffer<char,__crt_win32_buffer_no_resizing>::__crt_win32_buffer<char,__crt_win32_buffer_no_resizing>"
0x0045B541,11,getmodulefilenamea.obj,0,??1?$__crt_win32_buffer@DU__crt_win32_buffer_no_resizing@@@@QAE@XZ,"__crt_win32_buffer<char,__crt_win32_buffer_no_resizing>::~__crt_win32_buffer<char,__crt_win32_buffer_no_resizing>"
0x0045B570,11,getmodulefilenamea.obj,0,?_deallocate@?$__crt_win32_buffer@DU__crt_win32_buffer_no_resizing@@@@AAEXXZ,"__crt_win32_buffer<char,__crt_win32_buffer_no_resizing>::_deallocate"
0x0045B57B,39,getmodulefilenamea.obj,0,?allocate@?$__crt_win32_buffer@DU__crt_win32_buffer_no_resizing@@@@QAEHI@Z,"__crt_win32_buffer<char,__crt_win32_buffer_no_resizing>::allocate"
0x0045B5A2,13,getmodulefilenamea.obj,0,?allocate@__crt_win32_buffer_no_resizing@@SAHQAPAXIABV__crt_win32_buffer_empty_debug_info@@@Z,__crt_win32_buffer_no_resizing::allocate
0x0045B5AF,4,getmodulefilenamea.obj,0,?capacity@?$__crt_win32_buffer@DU__crt_win32_buffer_no_resizing@@@@QBEIXZ,"__crt_win32_buffer<char,__crt_win32_buffer_no_resizing>::capacity"
0x0045B5B3,4,getmodulefilenamea.obj,0,?data@?$__crt_win32_buffer@DU__crt_win32_buffer_no_resizing@@@@QAEPADXZ,"__crt_win32_buffer<char,__crt_win32_buffer_no_resizing>::data"
0x0045B5B7,3,getmodulefilenamea.obj,0,?deallocate@__crt_win32_buffer_no_resizing@@SAXQAXABV__crt_win32_buffer_empty_debug_info@@@Z,__crt_win32_buffer_no_resizing::deallocate
0x0045B5BA,3,getmodulefilenamea.obj,0,?debug_info@?$__crt_win32_buffer@DU__crt_win32_buffer_no_resizing@@@@QBEABV__crt_win32_buffer_empty_debug_info@@XZ,"__crt_win32_buffer<char,__crt_win32_buffer_no_resizing>::debug_info"
0x0045B5BD,20,getmodulefilenamea.obj,0,?set_to_nullptr@?$__crt_win32_buffer@DU__crt_win32_buffer_no_resizing@@@@QAEXXZ,"__crt_win32_buffer<char,__crt_win32_buffer_no_resizing>::set_to_nullptr"
0x0045B5D1,15,getmodulefilenamea.obj,0,?size@?$__crt_win32_buffer@DU__crt_win32_buffer_no_resizing@@@@QAEXI@Z,"__crt_win32_buffer<char,__crt_win32_buffer_no_resizing>::size"
0x0045B5E0,4,getmodulefilenamea.obj,0,?size@?$__crt_win32_buffer@DU__crt_win32_buffer_no_resizing@@@@QBEIXZ,"__crt_win32_buffer<char,__crt_win32_buffer_no_resizing>::size"
0x0045B5E4,161,getmodulefilenamea.obj,0,___acrt_GetModuleFileNameA,__acrt_GetModuleFileNameA
0x0045B6F8,15,mbctype.obj,0,??$initialize_from_array@$$BY10BAA@E@?$dual_state_global@PAE@__crt_state_management@@QAAXAAY10BAA@E@Z,__crt_state_management::dual_state_global<unsigned char *>::initialize_from_array<unsigned char [1][256]>
0x0045B707,15,mbctype.obj,0,??$initialize_from_array@$$BY10BAB@E@?$dual_state_global@PAE@__crt_state_management@@QAAXAAY10BAB@E@Z,__crt_state_management::dual_state_global<unsigned char *>::initialize_from_array<unsigned char [1][257]>
0x0045B823,3,mbctype.obj,0,?dangerous_get_state_array@?$dual_state_global@PAE@__crt_state_management@@QAEPAPAEXZ,__crt_state_management::dual_state_global<unsigned char *>::dangerous_get_state_array
0x0045B826,3,mbctype.obj,0,?dangerous_get_state_array@?$dual_state_global@PAU__crt_multibyte_data@@@__crt_state_management@@QAEPAPAU__crt_multibyte_data@@XZ,__crt_state_management::dual_state_global<__crt_multibyte_data *>::dangerous_get_state_array
0x0045B89A,38,mbctype.obj,0,?initialize@?$dual_state_global@PAU__crt_multibyte_data@@@__crt_state_management@@QAEXQAU__crt_multibyte_data@@@Z,__crt_state_management::dual_state_global<__crt_multibyte_data *>::initialize
0x0045BC59,3,mbctype.obj,0,?value@?$dual_state_global@PAE@__crt_state_management@@QAEAAPAEXZ,__crt_state_management::dual_state_global<unsigned char *>::value
0x0045BC5C,72,mbctype.obj,0,___acrt_initialize_multibyte,__acrt_initialize_multibyte
0x0045BCA4,19,mbctype.obj,0,___acrt_update_thread_multibyte_data,__acrt_update_thread_multibyte_data
0x0045BCB7,6,mbctype.obj,0,___p__mbcasemap,__p__mbcasemap
0x0045BCBD,6,mbctype.obj,0,___p__mbctype,__p__mbctype
0x0045BCC3,52,mbctype.obj,0,__getmbcp,_getmbcp
0x0045BCF7,31,mbctype.obj,0,__setmbcp,_setmbcp
0x0045BD16,499,mbctype.obj,0,__setmbcp_nolock,_setmbcp_nolock
0x0045BFE1,27,ismbbyte.obj,0,__ismbbalnum,_ismbbalnum
0x0045BFFC,28,ismbbyte.obj,0,__ismbbalnum_l,_ismbbalnum_l
0x0045C018,27,ismbbyte.obj,0,__ismbbalpha,_ismbbalpha
0x0045C033,28,ismbbyte.obj,0,__ismbbalpha_l,_ismbbalpha_l
0x0045C04F,35,ismbbyte.obj,0,__ismbbblank,_ismbbblank
0x0045C072,36,ismbbyte.obj,0,__ismbbblank_l,_ismbbblank_l
0x0045C096,27,ismbbyte.obj,0,__ismbbgraph,_ismbbgraph
0x0045C0B1,28,ismbbyte.obj,0,__ismbbgraph_l,_ismbbgraph_l
0x0045C0CD,24,ismbbyte.obj,0,__ismbbkalnum,_ismbbkalnum
0x0045C0E5,25,ismbbyte.obj,0,__ismbbkalnum_l,_ismbbkalnum_l
0x0045C0FE,19,ismbbyte.obj,0,__ismbbkana,_ismbbkana
0x0045C111,79,ismbbyte.obj,0,__ismbbkana_l,_ismbbkana_l
0x0045C160,24,ismbbyte.obj,0,__ismbbkprint,_ismbbkprint
0x0045C178,25,ismbbyte.obj,0,__ismbbkprint_l,_ismbbkprint_l
0x0045C191,24,ismbbyte.obj,0,__ismbbkpunct,_ismbbkpunct
0x0045C1A9,25,ismbbyte.obj,0,__ismbbkpunct_l,_ismbbkpunct_l
0x0045C1C2,24,ismbbyte.obj,0,__ismbblead,_ismbblead
0x0045C1DA,25,ismbbyte.obj,0,__ismbblead_l,_ismbblead_l
0x0045C1F3,27,ismbbyte.obj,0,__ismbbprint,_ismbbprint
0x0045C20E,28,ismbbyte.obj,0,__ismbbprint_l,_ismbbprint_l
0x0045C22A,24,ismbbyte.obj,0,__ismbbpunct,_ismbbpunct
0x0045C242,25,ismbbyte.obj,0,__ismbbpunct_l,_ismbbpunct_l
0x0045C25B,24,ismbbyte.obj,0,__ismbbtrail,_ismbbtrail
0x0045C273,25,ismbbyte.obj,0,__ismbbtrail_l,_ismbbtrail_l
0x0045C28C,25,argv_data.obj,0,___acrt_initialize_command_line,__acrt_initialize_command_line
0x0045C2A5,3,argv_data.obj,0,___acrt_uninitialize_command_line,__acrt_uninitialize_command_line
0x0045C2A8,6,argv_data.obj,0,___p___argc,__p___argc
0x0045C2AE,6,argv_data.obj,0,___p___argv,__p___argv
0x0045C2B4,6,argv_data.obj,0,___p___wargv,__p___wargv
0x0045C2BA,6,argv_data.obj,0,___p__acmdln,__p__acmdln
0x0045C2C0,6,argv_data.obj,0,___p__pgmptr,__p__pgmptr
0x0045C2C6,6,argv_data.obj,0,___p__wcmdln,__p__wcmdln
0x0045C2CC,6,argv_data.obj,0,___p__wpgmptr,__p__wpgmptr
0x0045C2D2,49,argv_data.obj,0,__get_pgmptr,_get_pgmptr
0x0045C303,49,argv_data.obj,0,__get_wpgmptr,_get_wpgmptr
0x0045C394,100,wcscpy_s.obj,0,_wcscpy_s,wcscpy_s
0x0045C460,124,multibytetowidechar.obj,0,___acrt_MultiByteToWideChar,__acrt_MultiByteToWideChar
0x0045C541,183,widechartomultibyte.obj,0,___acrt_WideCharToMultiByte,__acrt_WideCharToMultiByte
0x0045C693,132,get_environment_from_os.obj,0,___dcrt_get_narrow_environment_from_os,__dcrt_get_narrow_environment_from_os
0x0045C717,80,get_environment_from_os.obj,0,___dcrt_get_wide_environment_from_os,__dcrt_get_wide_environment_from_os
0x0045CE47,5,setenv.obj,0,??$get_or_create_environment_nolock@$$V@?$__crt_char_traits@D@@SAPAPADXZ,__crt_char_traits<char>::get_or_create_environment_nolock<>
0x0045CE4C,5,setenv.obj,0,??$get_or_create_environment_nolock@$$V@?$__crt_char_traits@_W@@SAPAPA_WXZ,__crt_char_traits<wchar_t>::get_or_create_environment_nolock<>
0x0045CE51,24,setenv.obj,0,??$set_environment_variable@ABQADQAD@?$__crt_char_traits@D@@SAHABQAD$$QBQAD@Z,"__crt_char_traits<char>::set_environment_variable<char * const &,char * const>"
0x0045CE69,23,setenv.obj,0,??$set_environment_variable@ABQA_WQA_W@?$__crt_char_traits@_W@@SAHABQA_W$$QBQA_W@Z,"__crt_char_traits<wchar_t>::set_environment_variable<wchar_t * const &,wchar_t * const>"
0x0045CE80,26,setenv.obj,0,??$tcschr@ABQADD@?$__crt_char_traits@D@@SAPADABQAD$$QAD@Z,"__crt_char_traits<char>::tcschr<char * const &,char>"
0x0045CE9A,30,setenv.obj,0,??$tcschr@ABQA_WD@?$__crt_char_traits@_W@@SAPA_WABQA_W$$QAD@Z,"__crt_char_traits<wchar_t>::tcschr<wchar_t * const &,char>"
0x0045CEB8,30,setenv.obj,0,??$tcscpy_s@AAPADABIAAPAD@?$__crt_char_traits@D@@SAHAAPADABI0@Z,"__crt_char_traits<char>::tcscpy_s<char * &,unsigned int const &,char * &>"
0x0045CED6,30,setenv.obj,0,??$tcscpy_s@AAPA_WABIAAPA_W@?$__crt_char_traits@_W@@SAHAAPA_WABI0@Z,"__crt_char_traits<wchar_t>::tcscpy_s<wchar_t * &,unsigned int const &,wchar_t * &>"
0x0045CEF4,30,setenv.obj,0,??$tcscpy_s@ABQADABIABQAD@?$__crt_char_traits@D@@SAHABQADABI0@Z,"__crt_char_traits<char>::tcscpy_s<char * const &,unsigned int const &,char * const &>"
0x0045CF12,30,setenv.obj,0,??$tcscpy_s@ABQA_WABIABQA_W@?$__crt_char_traits@_W@@SAHABQA_WABI0@Z,"__crt_char_traits<wchar_t>::tcscpy_s<wchar_t * const &,unsigned int const &,wchar_t * const &>"
0x0045CF30,24,setenv.obj,0,??$tcslen@ABQAD@?$__crt_char_traits@D@@SAIABQAD@Z,__crt_char_traits<char>::tcslen<char * const &>
0x0045CF48,30,setenv.obj,0,??$tcslen@ABQA_W@?$__crt_char_traits@_W@@SAIABQA_W@Z,__crt_char_traits<wchar_t>::tcslen<wchar_t * const &>
0x0045CF66,30,setenv.obj,0,??$tcsnicoll@ABQBDAAPADABI@?$__crt_char_traits@D@@SAHABQBDAAPADABI@Z,"__crt_char_traits<char>::tcsnicoll<char const * const &,char * &,unsigned int const &>"
0x0045CF84,30,setenv.obj,0,??$tcsnicoll@ABQB_WAAPA_WABI@?$__crt_char_traits@_W@@SAHABQB_WAAPA_WABI@Z,"__crt_char_traits<wchar_t>::tcsnicoll<wchar_t const * const &,wchar_t * &,unsigned int const &>"
0x0045CFC6,11,setenv.obj,0,?wcschr@@YAPA_WPA_W_W@Z,wcschr
0x0045CFD1,11,setenv.obj,0,___dcrt_set_variable_in_narrow_environment_nolock,__dcrt_set_variable_in_narrow_environment_nolock
0x0045CFDC,11,setenv.obj,0,___dcrt_set_variable_in_wide_environment_nolock,__dcrt_set_variable_in_wide_environment_nolock
0x0045CFE7,11,recalloc.obj,0,__recalloc,_recalloc
0x0045CFF2,109,recalloc.obj,0,__recalloc_base,_recalloc_base
0x0045D06C,6,winapi_thunks.obj,0,??$?B$$A6GHPA_WKJ@Z@__crt_fast_encoded_nullptr_t@@QBEP6GHPA_WKJ@ZXZ,"__crt_fast_encoded_nullptr_t::operator<int __stdcall(wchar_t *,unsigned long,long)> int (__stdcall*)(wchar_t *,unsigned long,long)"
0x0045D114,22,winapi_thunks.obj,0,??$__crt_fast_decode_pointer@P6GHPA_WKJ@Z@@YAP6GHPA_WKJ@ZQ6GH0KJ@Z@Z,"__crt_fast_decode_pointer<int (__stdcall*)(wchar_t *,unsigned long,long)>"
0x0045D12A,22,winapi_thunks.obj,0,??$__crt_fast_decode_pointer@PAX@@YAPAXQAX@Z,__crt_fast_decode_pointer<void *>
0x0045D140,31,winapi_thunks.obj,0,??$__crt_fast_encode_pointer@P6GHPA_WKJ@Z@@YAP6GHPA_WKJ@ZQ6GH0KJ@Z@Z,"__crt_fast_encode_pointer<int (__stdcall*)(wchar_t *,unsigned long,long)>"
0x0045D7CC,4,winapi_thunks.obj,0,_GetCurrentThreadEffectiveToken,GetCurrentThreadEffectiveToken
0x0045D7D0,64,winapi_thunks.obj,0,___acrt_AppPolicyGetProcessTerminationMethodInternal@4,__acrt_AppPolicyGetProcessTerminationMethodInternal
0x0045D810,64,winapi_thunks.obj,0,___acrt_AppPolicyGetShowDeveloperDiagnosticInternal@4,__acrt_AppPolicyGetShowDeveloperDiagnosticInternal
0x0045D850,64,winapi_thunks.obj,0,___acrt_AppPolicyGetThreadInitializationTypeInternal@4,__acrt_AppPolicyGetThreadInitializationTypeInternal
0x0045D890,64,winapi_thunks.obj,0,___acrt_AppPolicyGetWindowingModelInternal@4,__acrt_AppPolicyGetWindowingModelInternal
0x0045D8D0,31,winapi_thunks.obj,0,___acrt_AreFileApisANSI@0,__acrt_AreFileApisANSI
0x0045D8EF,93,winapi_thunks.obj,0,___acrt_CompareStringEx@36,__acrt_CompareStringEx
0x0045D94C,84,winapi_thunks.obj,0,___acrt_EnumSystemLocalesEx@16,__acrt_EnumSystemLocalesEx
0x0045D9A0,63,winapi_thunks.obj,0,___acrt_FlsAlloc@4,__acrt_FlsAlloc
0x0045D9DF,63,winapi_thunks.obj,0,___acrt_FlsFree@4,__acrt_FlsFree
0x0045DA1E,63,winapi_thunks.obj,0,___acrt_FlsGetValue@4,__acrt_FlsGetValue
0x0045DA5D,66,winapi_thunks.obj,0,___acrt_FlsSetValue@8,__acrt_FlsSetValue
0x0045DA9F,87,winapi_thunks.obj,0,___acrt_GetDateFormatEx@28,__acrt_GetDateFormatEx
0x0045DAF6,52,winapi_thunks.obj,0,___acrt_GetEnabledXStateFeatures@0,__acrt_GetEnabledXStateFeatures
0x0045DB2A,63,winapi_thunks.obj,0,___acrt_GetLocaleInfoEx@16,__acrt_GetLocaleInfoEx
0x0045DB69,63,winapi_thunks.obj,0,___acrt_GetSystemTimePreciseAsFileTime@4,__acrt_GetSystemTimePreciseAsFileTime
0x0045DBA8,69,winapi_thunks.obj,0,___acrt_GetTimeFormatEx@24,__acrt_GetTimeFormatEx
0x0045DBED,60,winapi_thunks.obj,0,___acrt_GetUserDefaultLocaleName@8,__acrt_GetUserDefaultLocaleName
0x0045DC29,64,winapi_thunks.obj,0,___acrt_GetXStateFeaturesMask@8,__acrt_GetXStateFeaturesMask
0x0045DC69,75,winapi_thunks.obj,0,___acrt_InitializeCriticalSectionEx@12,__acrt_InitializeCriticalSectionEx
0x0045DCB4,56,winapi_thunks.obj,0,___acrt_IsValidLocaleName@4,__acrt_IsValidLocaleName
0x0045DCEC,63,winapi_thunks.obj,0,___acrt_LCIDToLocaleName@16,__acrt_LCIDToLocaleName
0x0045DD2B,93,winapi_thunks.obj,0,___acrt_LCMapStringEx@36,__acrt_LCMapStringEx
0x0045DD88,49,winapi_thunks.obj,0,___acrt_LocaleNameToLCID@8,__acrt_LocaleNameToLCID
0x0045DDB9,47,winapi_thunks.obj,0,___acrt_LocateXStateFeature@12,__acrt_LocateXStateFeature
0x0045DDE8,50,winapi_thunks.obj,0,___acrt_MessageBoxA@16,__acrt_MessageBoxA
0x0045DE1A,50,winapi_thunks.obj,0,___acrt_MessageBoxW@16,__acrt_MessageBoxW
0x0045DE4C,59,winapi_thunks.obj,0,___acrt_RoInitialize@4,__acrt_RoInitialize
0x0045DE87,46,winapi_thunks.obj,0,___acrt_RoUninitialize@0,__acrt_RoUninitialize
0x0045DEB5,64,winapi_thunks.obj,0,___acrt_RtlGenRandom@8,__acrt_RtlGenRandom
0x0045DEF5,59,winapi_thunks.obj,0,___acrt_SetThreadStackGuarantee@4,__acrt_SetThreadStackGuarantee
0x0045DF30,39,winapi_thunks.obj,0,___acrt_can_show_message_box,__acrt_can_show_message_box
0x0045DF57,11,winapi_thunks.obj,0,___acrt_can_use_vista_locale_apis,__acrt_can_use_vista_locale_apis
0x0045DF62,11,winapi_thunks.obj,0,___acrt_can_use_xstate_apis,__acrt_can_use_xstate_apis
0x0045DF6D,55,winapi_thunks.obj,0,___acrt_eagerly_load_locale_apis,__acrt_eagerly_load_locale_apis
0x0045DFA5,104,winapi_thunks.obj,0,___acrt_get_parent_window,__acrt_get_parent_window
0x0045E00D,43,winapi_thunks.obj,0,___acrt_initialize_winapi_thunks,__acrt_initialize_winapi_thunks
0x0045E038,159,winapi_thunks.obj,0,___acrt_is_interactive,__acrt_is_interactive
0x0045E0D7,54,winapi_thunks.obj,0,___acrt_uninitialize_winapi_thunks,__acrt_uninitialize_winapi_thunks
0x0045E10D,6,heap_handle.obj,0,___acrt_getheap,__acrt_getheap
0x0045E113,17,heap_handle.obj,0,___acrt_initialize_heap,__acrt_initialize_heap
0x0045E124,10,heap_handle.obj,0,___acrt_uninitialize_heap,__acrt_uninitialize_heap
0x0045E12E,6,heap_handle.obj,0,__get_heap_handle,_get_heap_handle
0x0045E134,104,shared_initialization.obj,0,___acrt_execute_initializers,__acrt_execute_initializers
0x0045E19C,49,shared_initialization.obj,0,___acrt_execute_uninitializers,__acrt_execute_uninitializers
0x0045E1CD,6,signal.obj,0,??$?B$$A6AXH@Z@__crt_fast_encoded_nullptr_t@@QBEP6AXH@ZXZ,__crt_fast_encoded_nullptr_t::operator<void __cdecl(int)> void (__cdecl*)(int)
0x0045E25D,22,signal.obj,0,??$__crt_fast_decode_pointer@P6AXH@Z@@YAP6AXH@ZQ6AXH@Z@Z,__crt_fast_decode_pointer<void (__cdecl*)(int)>
0x0045E273,31,signal.obj,0,??$__crt_fast_encode_pointer@P6AXH@Z@@YAP6AXH@ZQ6AXH@Z@Z,__crt_fast_encode_pointer<void (__cdecl*)(int)>
0x0045E3C7,38,signal.obj,0,?initialize@?$dual_state_global@P6AXH@Z@__crt_state_management@@QAEXQ6AXH@Z@Z,__crt_state_management::dual_state_global<void (__cdecl*)(int)>::initialize
0x0045E47A,3,signal.obj,0,?value@?$dual_state_global@P6AXH@Z@__crt_state_management@@QAEAAP6AXH@ZXZ,__crt_state_management::dual_state_global<void (__cdecl*)(int)>::value
0x0045E47D,39,signal.obj,0,___acrt_get_sigabrt_handler,__acrt_get_sigabrt_handler
0x0045E4A4,30,signal.obj,0,___acrt_initialize_signal_handlers,__acrt_initialize_signal_handlers
0x0045E4C2,9,signal.obj,0,___fpecode,__fpecode
0x0045E4CB,9,signal.obj,0,___pxcptinfoptrs,__pxcptinfoptrs
0x0045E4D4,499,signal.obj,0,_raise,raise
0x0045E6C7,447,signal.obj,0,_signal,signal
0x0045E886,63,set_error_mode.obj,0,__set_error_mode,_set_error_mode
0x0045E937,117,wcscat_s.obj,0,_wcscat_s,wcscat_s
0x0045EA77,11,wcsncpy_s.obj,0,_wcsncpy_s,wcsncpy_s
0x0045EB7D,32,crtmbox.obj,0,??$message_box@$$TABQBDABQBDK@?$__crt_char_traits@D@@SAH$$QA$$TABQBD1$$QAK@Z,"__crt_char_traits<char>::message_box<std::nullptr_t,char const * const &,char const * const &,unsigned long>"
0x0045EB9D,32,crtmbox.obj,0,??$message_box@$$TABQB_WABQB_WK@?$__crt_char_traits@_W@@SAH$$QA$$TABQB_W1$$QAK@Z,"__crt_char_traits<wchar_t>::message_box<std::nullptr_t,wchar_t const * const &,wchar_t const * const &,unsigned long>"
0x0045EBBD,32,crtmbox.obj,0,??$message_box@PAUHWND__@@ABQBDABQBDABI@?$__crt_char_traits@D@@SAH$$QAPAUHWND__@@ABQBD1ABI@Z,"__crt_char_traits<char>::message_box<HWND__ *,char const * const &,char const * const &,unsigned int const &>"
0x0045EBDD,32,crtmbox.obj,0,??$message_box@PAUHWND__@@ABQB_WABQB_WABI@?$__crt_char_traits@_W@@SAH$$QAPAUHWND__@@ABQB_W1ABI@Z,"__crt_char_traits<wchar_t>::message_box<HWND__ *,wchar_t const * const &,wchar_t const * const &,unsigned int const &>"
0x0045EBFD,17,crtmbox.obj,0,??$output_debug_string@ABQBD@?$__crt_char_traits@D@@SAXABQBD@Z,__crt_char_traits<char>::output_debug_string<char const * const &>
0x0045EC0E,18,crtmbox.obj,0,??$output_debug_string@ABQB_W@?$__crt_char_traits@_W@@SAXABQB_W@Z,__crt_char_traits<wchar_t>::output_debug_string<wchar_t const * const &>
0x0045EC20,11,crtmbox.obj,0,___acrt_show_narrow_message_box,__acrt_show_narrow_message_box
0x0045EC2B,11,crtmbox.obj,0,___acrt_show_wide_message_box,__acrt_show_wide_message_box
0x0045EC36,18,osfinfo.obj,0,??$?RU__crt_lowio_handle_data@@@__crt_internal_free_policy@@QBEXQBU__crt_lowio_handle_data@@@Z,__crt_internal_free_policy::operator()<__crt_lowio_handle_data>
0x0045EC48,16,osfinfo.obj,0,??0?$__crt_unique_heap_ptr@U__crt_lowio_handle_data@@U__crt_internal_free_policy@@@@QAE@QAU__crt_lowio_handle_data@@@Z,"__crt_unique_heap_ptr<__crt_lowio_handle_data,__crt_internal_free_policy>::__crt_unique_heap_ptr<__crt_lowio_handle_data,__crt_internal_free_policy>"
0x0045EC58,18,osfinfo.obj,0,??1?$__crt_unique_heap_ptr@U__crt_lowio_handle_data@@U__crt_internal_free_policy@@@@QAE@XZ,"__crt_unique_heap_ptr<__crt_lowio_handle_data,__crt_internal_free_policy>::~__crt_unique_heap_ptr<__crt_lowio_handle_data,__crt_internal_free_policy>"
0x0045EC6A,7,osfinfo.obj,0,??B?$__crt_unique_heap_ptr@U__crt_lowio_handle_data@@U__crt_internal_free_policy@@@@QBE_NXZ,"__crt_unique_heap_ptr<__crt_lowio_handle_data,__crt_internal_free_policy>::operator bool"
0x0045EC71,6,osfinfo.obj,0,?detach@?$__crt_unique_heap_ptr@U__crt_lowio_handle_data@@U__crt_internal_free_policy@@@@QAEPAU__crt_lowio_handle_data@@XZ,"__crt_unique_heap_ptr<__crt_lowio_handle_data,__crt_internal_free_policy>::detach"
0x0045EC77,3,osfinfo.obj,0,?get@?$__crt_unique_heap_ptr@U__crt_lowio_handle_data@@U__crt_internal_free_policy@@@@QBEPAU__crt_lowio_handle_data@@XZ,"__crt_unique_heap_ptr<__crt_lowio_handle_data,__crt_internal_free_policy>::get"
0x0045EC7A,7,osfinfo.obj,0,?is_valid@?$__crt_unique_heap_ptr@U__crt_lowio_handle_data@@U__crt_internal_free_policy@@@@QBE_NXZ,"__crt_unique_heap_ptr<__crt_lowio_handle_data,__crt_internal_free_policy>::is_valid"
0x0045EC81,18,osfinfo.obj,0,?release@?$__crt_unique_heap_ptr@U__crt_lowio_handle_data@@U__crt_internal_free_policy@@@@QAEXXZ,"__crt_unique_heap_ptr<__crt_lowio_handle_data,__crt_internal_free_policy>::release"
0x0045EC93,123,osfinfo.obj,0,___acrt_lowio_create_handle_array,__acrt_lowio_create_handle_array
0x0045ED0E,53,osfinfo.obj,0,___acrt_lowio_destroy_handle_array,__acrt_lowio_destroy_handle_array
0x0045ED43,158,osfinfo.obj,0,___acrt_lowio_ensure_fh_exists,__acrt_lowio_ensure_fh_exists
0x0045EDE1,35,osfinfo.obj,0,___acrt_lowio_lock_fh,__acrt_lowio_lock_fh
0x0045EE04,146,osfinfo.obj,0,___acrt_lowio_set_os_handle,__acrt_lowio_set_os_handle
0x0045EE96,35,osfinfo.obj,0,___acrt_lowio_unlock_fh,__acrt_lowio_unlock_fh
0x0045EEB9,275,osfinfo.obj,0,__alloc_osfhnd,_alloc_osfhnd
0x0045EFCC,145,osfinfo.obj,0,__free_osfhnd,_free_osfhnd
0x0045F05D,106,osfinfo.obj,0,__get_osfhandle,_get_osfhandle
0x0045F0C7,278,osfinfo.obj,0,__open_osfhandle,_open_osfhandle
0x0045F1DD,3,txtmode.obj,0,?dangerous_get_state_array@?$dual_state_global@H@__crt_state_management@@QAEPAHXZ,__crt_state_management::dual_state_global<int>::dangerous_get_state_array
0x0045F1E0,22,txtmode.obj,0,___acrt_initialize_fmode,__acrt_initialize_fmode
0x0045F1F6,6,txtmode.obj,0,___p__fmode,__p__fmode
0x0045F1FC,18,initctype.obj,0,??$?RG@__crt_internal_free_policy@@QBEXQBG@Z,__crt_internal_free_policy::operator()<unsigned short>
0x0045F20E,18,initctype.obj,0,??$?RJ@__crt_internal_free_policy@@QBEXQBJ@Z,__crt_internal_free_policy::operator()<long>
0x0045F220,16,initctype.obj,0,??0?$__crt_unique_heap_ptr@GU__crt_internal_free_policy@@@@QAE@QAG@Z,"__crt_unique_heap_ptr<unsigned short,__crt_internal_free_policy>::__crt_unique_heap_ptr<unsigned short,__crt_internal_free_policy>"
0x0045F230,16,initctype.obj,0,??0?$__crt_unique_heap_ptr@JU__crt_internal_free_policy@@@@QAE@QAJ@Z,"__crt_unique_heap_ptr<long,__crt_internal_free_policy>::__crt_unique_heap_ptr<long,__crt_internal_free_policy>"
0x0045F240,18,initctype.obj,0,??1?$__crt_unique_heap_ptr@GU__crt_internal_free_policy@@@@QAE@XZ,"__crt_unique_heap_ptr<unsigned short,__crt_internal_free_policy>::~__crt_unique_heap_ptr<unsigned short,__crt_internal_free_policy>"
0x0045F252,18,initctype.obj,0,??1?$__crt_unique_heap_ptr@JU__crt_internal_free_policy@@@@QAE@XZ,"__crt_unique_heap_ptr<long,__crt_internal_free_policy>::~__crt_unique_heap_ptr<long,__crt_internal_free_policy>"
0x0045F264,6,initctype.obj,0,?detach@?$__crt_unique_heap_ptr@GU__crt_internal_free_policy@@@@QAEPAGXZ,"__crt_unique_heap_ptr<unsigned short,__crt_internal_free_policy>::detach"
0x0045F26A,6,initctype.obj,0,?detach@?$__crt_unique_heap_ptr@JU__crt_internal_free_policy@@@@QAEPAJXZ,"__crt_unique_heap_ptr<long,__crt_internal_free_policy>::detach"
0x0045F270,18,initctype.obj,0,?release@?$__crt_unique_heap_ptr@GU__crt_internal_free_policy@@@@QAEXXZ,"__crt_unique_heap_ptr<unsigned short,__crt_internal_free_policy>::release"
0x0045F282,18,initctype.obj,0,?release@?$__crt_unique_heap_ptr@JU__crt_internal_free_policy@@@@QAEXXZ,"__crt_unique_heap_ptr<long,__crt_internal_free_policy>::release"
0x0045F294,37,initctype.obj,0,____lc_codepage_func,___lc_codepage_func
0x0045F2B9,37,initctype.obj,0,____lc_collate_cp_func,___lc_collate_cp_func
0x0045F2DE,39,initctype.obj,0,____lc_locale_name_func,___lc_locale_name_func
0x0045F305,37,initctype.obj,0,____mb_cur_max_func,___mb_cur_max_func
0x0045F32A,25,initctype.obj,0,____mb_cur_max_l_func,___mb_cur_max_l_func
0x0045F343,1118,initctype.obj,0,___acrt_locale_initialize_ctype,__acrt_locale_initialize_ctype
0x0045F7A1,18,initmon.obj,0,??$?RUlconv@@@__crt_internal_free_policy@@QBEXQBUlconv@@@Z,__crt_internal_free_policy::operator()<lconv>
0x0045F7B3,16,initmon.obj,0,??0?$__crt_unique_heap_ptr@Ulconv@@U__crt_internal_free_policy@@@@QAE@QAUlconv@@@Z,"__crt_unique_heap_ptr<lconv,__crt_internal_free_policy>::__crt_unique_heap_ptr<lconv,__crt_internal_free_policy>"
0x0045F7C3,18,initmon.obj,0,??1?$__crt_unique_heap_ptr@Ulconv@@U__crt_internal_free_policy@@@@QAE@XZ,"__crt_unique_heap_ptr<lconv,__crt_internal_free_policy>::~__crt_unique_heap_ptr<lconv,__crt_internal_free_policy>"
0x0045F7D5,6,initmon.obj,0,?detach@?$__crt_unique_heap_ptr@Ulconv@@U__crt_internal_free_policy@@@@QAEPAUlconv@@XZ,"__crt_unique_heap_ptr<lconv,__crt_internal_free_policy>::detach"
0x0045F7DB,18,initmon.obj,0,?release@?$__crt_unique_heap_ptr@Ulconv@@U__crt_internal_free_policy@@@@QAEXXZ,"__crt_unique_heap_ptr<lconv,__crt_internal_free_policy>::release"
0x0045F7ED,254,initmon.obj,0,___acrt_locale_free_monetary,__acrt_locale_free_monetary
0x0045F8EB,950,initmon.obj,0,___acrt_locale_initialize_monetary,__acrt_locale_initialize_monetary
0x0045FCD8,105,initnum.obj,0,___acrt_locale_free_numeric,__acrt_locale_free_numeric
0x0045FD41,526,initnum.obj,0,___acrt_locale_initialize_numeric,__acrt_locale_initialize_numeric
0x0045FF86,18,inittime.obj,0,??$?RU__crt_lc_time_data@@@__crt_internal_free_policy@@QBEXQBU__crt_lc_time_data@@@Z,__crt_internal_free_policy::operator()<__crt_lc_time_data>
0x0046000A,16,inittime.obj,0,??0?$__crt_unique_heap_ptr@U__crt_lc_time_data@@U__crt_internal_free_policy@@@@QAE@QAU__crt_lc_time_data@@@Z,"__crt_unique_heap_ptr<__crt_lc_time_data,__crt_internal_free_policy>::__crt_unique_heap_ptr<__crt_lc_time_data,__crt_internal_free_policy>"
0x0046001A,18,inittime.obj,0,??1?$__crt_unique_heap_ptr@U__crt_lc_time_data@@U__crt_internal_free_policy@@@@QAE@XZ,"__crt_unique_heap_ptr<__crt_lc_time_data,__crt_internal_free_policy>::~__crt_unique_heap_ptr<__crt_lc_time_data,__crt_internal_free_policy>"
0x0046002C,7,inittime.obj,0,??B?$__crt_unique_heap_ptr@U__crt_lc_time_data@@U__crt_internal_free_policy@@@@QBE_NXZ,"__crt_unique_heap_ptr<__crt_lc_time_data,__crt_internal_free_policy>::operator bool"
0x00460033,6,inittime.obj,0,?detach@?$__crt_unique_heap_ptr@U__crt_lc_time_data@@U__crt_internal_free_policy@@@@QAEPAU__crt_lc_time_data@@XZ,"__crt_unique_heap_ptr<__crt_lc_time_data,__crt_internal_free_policy>::detach"
0x00460071,3,inittime.obj,0,?get@?$__crt_unique_heap_ptr@U__crt_lc_time_data@@U__crt_internal_free_policy@@@@QBEPAU__crt_lc_time_data@@XZ,"__crt_unique_heap_ptr<__crt_lc_time_data,__crt_internal_free_policy>::get"
0x00460351,7,inittime.obj,0,?is_valid@?$__crt_unique_heap_ptr@U__crt_lc_time_data@@U__crt_internal_free_policy@@@@QBE_NXZ,"__crt_unique_heap_ptr<__crt_lc_time_data,__crt_internal_free_policy>::is_valid"
0x00460358,18,inittime.obj,0,?release@?$__crt_unique_heap_ptr@U__crt_lc_time_data@@U__crt_internal_free_policy@@@@QAEXXZ,"__crt_unique_heap_ptr<__crt_lc_time_data,__crt_internal_free_policy>::release"
0x0046036A,228,inittime.obj,0,___acrt_locale_free_time,__acrt_locale_free_time
0x0046044E,123,inittime.obj,0,___acrt_locale_initialize_time,__acrt_locale_initialize_time
0x004604C9,36,ctype.obj,0,___pctype_func,__pctype_func
0x004604ED,6,ctype.obj,0,___pwctype_func,__pwctype_func
0x004605DA,11,wcsncat_s.obj,0,_wcsncat_s,wcsncat_s
0x004605E5,89,wcscspn.obj,0,_wcscspn,wcscspn
0x0046063E,78,wcspbrk.obj,0,_wcspbrk,wcspbrk
0x0046068C,259,getstringtypea.obj,0,___acrt_GetStringTypeA,__acrt_GetStringTypeA
0x0046078F,125,locale_refcounting.obj,0,___acrt_add_locale_ref,__acrt_add_locale_ref
0x0046080C,328,locale_refcounting.obj,0,___acrt_free_locale,__acrt_free_locale
0x00460954,41,locale_refcounting.obj,0,___acrt_locale_add_lc_time_reference,__acrt_locale_add_lc_time_reference
0x0046097D,49,locale_refcounting.obj,0,___acrt_locale_free_lc_time_if_unreferenced,__acrt_locale_free_lc_time_if_unreferenced
0x004609AE,41,locale_refcounting.obj,0,___acrt_locale_release_lc_time_reference,__acrt_locale_release_lc_time_reference
0x004609D7,129,locale_refcounting.obj,0,___acrt_release_locale_ref,__acrt_release_locale_ref
0x00460A58,129,locale_refcounting.obj,0,___acrt_update_thread_locale_data,__acrt_update_thread_locale_data
0x00460AD9,80,locale_refcounting.obj,0,__updatetlocinfoEx_nolock,_updatetlocinfoEx_nolock
0x0046126B,507,get_qualified_locale.obj,0,___acrt_get_qualified_locale,__acrt_get_qualified_locale
0x00461BEA,501,getqloc_downlevel.obj,0,___acrt_get_qualified_locale_downlevel,__acrt_get_qualified_locale_downlevel
0x00461DDF,40,localeconv.obj,0,_localeconv,localeconv
0x00461F4A,792,ieee87.obj,0,___control87_2,__control87_2
0x004623E2,12,ieee87.obj,0,___fpreset_sse2,__fpreset_sse2
0x004625B8,222,ieee87.obj,0,__clearfp,_clearfp
0x00462696,769,ieee87.obj,0,__control87,_control87
0x00462997,26,ieee87.obj,0,__controlfp,_controlfp
0x004629B1,56,ieee87.obj,0,__fpreset,_fpreset
0x00462A87,115,ieee87.obj,0,__set_controlfp,_set_controlfp
0x00462AFA,155,ieee87.obj,0,__statusfp,_statusfp
0x00462B95,99,ieee87.obj,0,__statusfp2,_statusfp2
0x00462BF8,20,iswctype.obj,0,__iswctype_l,_iswctype_l
0x00462C0C,105,iswctype.obj,0,_iswctype,iswctype
0x00462C75,51,isctype.obj,0,__isctype,_isctype
0x00462CA8,203,isctype.obj,0,__isctype_l,_isctype_l
0x00462D73,30,isctype.obj,0,__isleadbyte_fast_internal,_isleadbyte_fast_internal
0x00462D91,38,_wctype.obj,0,___iswcsym,__iswcsym
0x00462DB7,38,_wctype.obj,0,___iswcsymf,__iswcsymf
0x00462DDD,58,_wctype.obj,0,__isleadbyte_l,_isleadbyte_l
0x00462E17,22,_wctype.obj,0,__iswalnum_l,_iswalnum_l
0x00462E2D,22,_wctype.obj,0,__iswalpha_l,_iswalpha_l
0x00462E43,29,_wctype.obj,0,__iswblank_l,_iswblank_l
0x00462E60,19,_wctype.obj,0,__iswcntrl_l,_iswcntrl_l
0x00462E73,38,_wctype.obj,0,__iswcsym_l,_iswcsym_l
0x00462E99,38,_wctype.obj,0,__iswcsymf_l,_iswcsymf_l
0x00462EBF,19,_wctype.obj,0,__iswdigit_l,_iswdigit_l
0x00462ED2,22,_wctype.obj,0,__iswgraph_l,_iswgraph_l
0x00462EE8,19,_wctype.obj,0,__iswlower_l,_iswlower_l
0x00462EFB,22,_wctype.obj,0,__iswprint_l,_iswprint_l
0x00462F11,19,_wctype.obj,0,__iswpunct_l,_iswpunct_l
0x00462F24,19,_wctype.obj,0,__iswspace_l,_iswspace_l
0x00462F37,19,_wctype.obj,0,__iswupper_l,_iswupper_l
0x00462F4A,22,_wctype.obj,0,__iswxdigit_l,_iswxdigit_l
0x00462F60,19,_wctype.obj,0,_isleadbyte,isleadbyte
0x00462F73,22,_wctype.obj,0,_iswalnum,iswalnum
0x00462F89,22,_wctype.obj,0,_iswalpha,iswalpha
0x00462F9F,20,_wctype.obj,0,_iswascii,iswascii
0x00462FB3,29,_wctype.obj,0,_iswblank,iswblank
0x00462FD0,19,_wctype.obj,0,_iswcntrl,iswcntrl
0x00462FE3,19,_wctype.obj,0,_iswdigit,iswdigit
0x00462FF6,22,_wctype.obj,0,_iswgraph,iswgraph
0x0046300C,19,_wctype.obj,0,_iswlower,iswlower
0x0046301F,22,_wctype.obj,0,_iswprint,iswprint
0x00463035,19,_wctype.obj,0,_iswpunct,iswpunct
0x00463048,19,_wctype.obj,0,_iswspace,iswspace
0x0046305B,19,_wctype.obj,0,_iswupper,iswupper
0x0046306E,22,_wctype.obj,0,_iswxdigit,iswxdigit
0x004630B0,64,mbrtowc.obj,0,?__mbrtowc_utf8@__crt_mbstring@@YAIPA_WPBDIPAU_Mbstatet@@@Z,__crt_mbstring::__mbrtowc_utf8
0x004630F0,251,mbrtowc.obj,0,?__mbsrtowcs_utf8@__crt_mbstring@@YAIPA_WPAPBDIPAU_Mbstatet@@@Z,__crt_mbstring::__mbsrtowcs_utf8
0x00463502,88,mbrtowc.obj,0,_btowc,btowc
0x0046355A,50,mbrtowc.obj,0,_mbrlen,mbrlen
0x0046358C,81,mbrtowc.obj,0,_mbrtowc,mbrtowc
0x004635DD,11,mbrtowc.obj,0,_mbsrtowcs,mbsrtowcs
0x004635E8,152,mbrtowc.obj,0,_mbsrtowcs_s,mbsrtowcs_s
0x00463680,171,c32rtomb.obj,0,?__c32rtomb_utf8@__crt_mbstring@@YAIPAD_UPAU_Mbstatet@@@Z,__crt_mbstring::__c32rtomb_utf8
0x0046372B,20,c32rtomb.obj,0,?reset_and_return@__crt_mbstring@@YAIIPAU_Mbstatet@@@Z,__crt_mbstring::reset_and_return
0x0046373F,31,c32rtomb.obj,0,?return_illegal_sequence@__crt_mbstring@@YAIPAU_Mbstatet@@@Z,__crt_mbstring::return_illegal_sequence
0x0046375E,11,c32rtomb.obj,0,_c32rtomb,c32rtomb
0x00463804,220,_fptostr.obj,0,___acrt_fp_strflt_to_string,__acrt_fp_strflt_to_string
0x00464C70,49,cfout.obj,0,??0big_integer@__crt_strtox@@QAE@ABU01@@Z,__crt_strtox::big_integer::big_integer
0x00464CB0,9,cfout.obj,0,??0big_integer@__crt_strtox@@QAE@XZ,__crt_strtox::big_integer::big_integer
0x00464D00,49,cfout.obj,0,??4big_integer@__crt_strtox@@QAEAAU01@ABU01@@Z,__crt_strtox::big_integer::operator=
0x00464D40,59,cfout.obj,0,??8__crt_strtox@@YA_NABUbig_integer@0@0@Z,__crt_strtox::operator==
0x00464D80,57,cfout.obj,0,??9__crt_strtox@@YA_NABUbig_integer@0@0@Z,__crt_strtox::operator!=
0x00464DC0,27,cfout.obj,0,?add_carry@__crt_strtox@@YAIAAIII@Z,__crt_strtox::add_carry
0x00464DE0,36,cfout.obj,0,?add_multiply_carry@__crt_strtox@@YAIAAIIII@Z,__crt_strtox::add_multiply_carry
0x00464E10,30,cfout.obj,0,?bit_scan_reverse@__crt_strtox@@YAII@Z,__crt_strtox::bit_scan_reverse
0x00464E30,27,cfout.obj,0,?count_sequential_high_zeroes@__crt_strtox@@YAII@Z,__crt_strtox::count_sequential_high_zeroes
0x00464E50,1176,cfout.obj,0,?divide@__crt_strtox@@YA_KAAUbig_integer@1@ABU21@@Z,__crt_strtox::divide
0x004652F0,16,cfout.obj,0,?is_zero@__crt_strtox@@YA_NABUbig_integer@1@@Z,__crt_strtox::is_zero
0x00465300,32,cfout.obj,0,?make_big_integer@__crt_strtox@@YA?AUbig_integer@1@_K@Z,__crt_strtox::make_big_integer
0x00465320,76,cfout.obj,0,?make_big_integer_power_of_two@__crt_strtox@@YA?AUbig_integer@1@I@Z,__crt_strtox::make_big_integer_power_of_two
0x00465370,829,cfout.obj,0,?multiply@__crt_strtox@@YA_NAAUbig_integer@1@ABU21@@Z,__crt_strtox::multiply
0x004656B0,195,cfout.obj,0,?multiply@__crt_strtox@@YA_NAAUbig_integer@1@I@Z,__crt_strtox::multiply
0x00465780,23,cfout.obj,0,?multiply_64_32@__crt_strtox@@YA_K_KI@Z,__crt_strtox::multiply_64_32
0x004657A0,1315,cfout.obj,0,?multiply_by_power_of_ten@__crt_strtox@@YA_NAAUbig_integer@1@I@Z,__crt_strtox::multiply_by_power_of_ten
0x00465CD0,62,cfout.obj,0,?multiply_core@__crt_strtox@@YAIQAIII@Z,__crt_strtox::multiply_core
0x00465D10,303,cfout.obj,0,?shift_left@__crt_strtox@@YA_NAAUbig_integer@1@I@Z,__crt_strtox::shift_left
0x00465E3F,5383,cfout.obj,0,___acrt_fltout,__acrt_fltout
0x004673C7,52,fegetround.obj,0,___fpe_flt_rounds,__fpe_flt_rounds
0x004673FB,13,fegetround.obj,0,_fegetround,fegetround
0x00467786,12,_flsbuf.obj,0,?has_big_buffer@__crt_stdio_stream@@QBE_NXZ,__crt_stdio_stream::has_big_buffer
0x00467817,11,_flsbuf.obj,0,___acrt_stdio_flush_and_write_narrow_nolock,__acrt_stdio_flush_and_write_narrow_nolock
0x00467822,11,_flsbuf.obj,0,___acrt_stdio_flush_and_write_wide_nolock,__acrt_stdio_flush_and_write_wide_nolock
0x0046782D,171,closeall.obj,0,__fcloseall,_fcloseall
0x004678D8,86,isatty.obj,0,__isatty,_isatty
0x00467930,23,genexcep.obj,0,__startTwoArgErrorHandling,_startTwoArgErrorHandling
0x00467947,60,genexcep.obj,0,__startOneArgErrorHandling,_startOneArgErrorHandling
0x00467990,117,87disp.obj,0,__trandisp1,_trandisp1
0x00467A05,154,87disp.obj,0,__trandisp2,_trandisp2
0x00467AB0,2,87disp.obj,0,__rtnospop,_rtnospop
0x00467AC0,1,87disp.obj,0,__rttosnpop,_rttosnpop
0x00467AD0,12,87disp.obj,0,__rtzerospop,_rtzerospop
0x00467AE0,5,87disp.obj,0,__rtonenpop,_rtonenpop
0x00467AF0,29,87disp.obj,0,__tosnan1,_tosnan1
0x00467B20,2,87disp.obj,0,__nosnan2,_nosnan2
0x00467B30,40,87disp.obj,0,__tosnan2,_tosnan2
0x00467B60,63,87disp.obj,0,__nan2,_nan2
0x00467BA0,2,87disp.obj,0,__rtindfpop,_rtindfpop
0x00467BC0,29,87disp.obj,0,__rtatan2inf,_rtatan2inf
0x00467BE4,21,fp_flags.obj,0,___setfflag,__setfflag
0x00467BF9,500,libm_error.obj,0,___libm_error_support,__libm_error_support
0x00467DED,39,libm_error.obj,0,___libm_setusermatherr,__libm_setusermatherr
0x00467E14,28,strncnt.obj,0,___strncnt,__strncnt
0x00467F93,125,commit.obj,0,__commit,_commit
0x004687DA,17,write.obj,0,__utf8_no_of_trailbytes,_utf8_no_of_trailbytes
0x004687EB,242,write.obj,0,__write,_write
0x004688DD,474,write.obj,0,__write_nolock,_write_nolock
0x00468AB7,250,ungetc.obj,0,__ungetc_nolock,_ungetc_nolock
0x00468BB1,115,ungetc.obj,0,_ungetc,ungetc
0x0046902C,11,_filbuf.obj,0,___acrt_stdio_refill_and_read_narrow_nolock,__acrt_stdio_refill_and_read_narrow_nolock
0x00469037,11,_filbuf.obj,0,___acrt_stdio_refill_and_read_wide_nolock,__acrt_stdio_refill_and_read_wide_nolock
0x00469042,79,wcsnicmp.obj,0,___ascii_wcsnicmp,__ascii_wcsnicmp
0x00469091,43,wcsnicmp.obj,0,__towlower_fast_internal,_towlower_fast_internal
0x004690BC,63,wcsnicmp.obj,0,__towlower_internal,_towlower_internal
0x004690FB,76,wcsnicmp.obj,0,__wcsnicmp,_wcsnicmp
0x00469147,211,wcsnicmp.obj,0,__wcsnicmp_l,_wcsnicmp_l
0x0046921A,109,strnicmp.obj,0,__strnicmp,_strnicmp
0x00469287,201,strnicmp.obj,0,__strnicmp_l,_strnicmp_l
0x004696EC,50,open.obj,0,??$tsopen_nolock@PAHABQAHABQBDABHABHABHABH@?$__crt_char_traits@D@@SAH$$QAPAHABQAHABQBDABH333@Z,"__crt_char_traits<char>::tsopen_nolock<int *,int * const &,char const * const &,int const &,int const &,int const &,int const &>"
0x0046971E,50,open.obj,0,??$tsopen_nolock@PAHABQAHABQB_WABHABHABHABH@?$__crt_char_traits@_W@@SAH$$QAPAHABQAHABQB_WABH333@Z,"__crt_char_traits<wchar_t>::tsopen_nolock<int *,int * const &,wchar_t const * const &,int const &,int const &,int const &,int const &>"
0x00469750,50,open.obj,0,??$tsopen_nolock@PAHPAHABQBDABHHABHH@?$__crt_char_traits@D@@SAH$$QAPAH0ABQBDABH$$QAH23@Z,"__crt_char_traits<char>::tsopen_nolock<int *,int *,char const * const &,int const &,int,int const &,int>"
0x00469782,50,open.obj,0,??$tsopen_nolock@PAHPAHABQB_WABHHABHH@?$__crt_char_traits@_W@@SAH$$QAPAH0ABQB_WABH$$QAH23@Z,"__crt_char_traits<wchar_t>::tsopen_nolock<int *,int *,wchar_t const * const &,int const &,int,int const &,int>"
0x00469DCD,24,open.obj,0,__open,_open
0x00469DE5,51,open.obj,0,__sopen,_sopen
0x00469E18,11,open.obj,0,__sopen_dispatch,_sopen_dispatch
0x00469E23,110,open.obj,0,__sopen_nolock,_sopen_nolock
0x00469E91,32,open.obj,0,__sopen_s,_sopen_s
0x00469EB1,24,open.obj,0,__wopen,_wopen
0x00469EC9,51,open.obj,0,__wsopen,_wsopen
0x00469EFC,11,open.obj,0,__wsopen_dispatch,_wsopen_dispatch
0x00469F07,810,open.obj,0,__wsopen_nolock,_wsopen_nolock
0x0046A231,32,open.obj,0,__wsopen_s,_wsopen_s
0x0046A304,11,strncpy_s.obj,0,_strncpy_s,strncpy_s
0x0046A310,64,strpbrk.obj,0,_strpbrk,strpbrk
0x0046A350,23,mbsdec.obj,0,__mbsdec,_mbsdec
0x0046A367,141,mbsdec.obj,0,__mbsdec_l,_mbsdec_l
0x0046A403,109,wcsnicol.obj,0,__wcsnicoll,_wcsnicoll
0x0046A470,192,wcsnicol.obj,0,__wcsnicoll_l,_wcsnicoll_l
0x0046A530,41,strnicol.obj,0,__strnicoll,_strnicoll
0x0046A559,200,strnicol.obj,0,__strnicoll_l,_strnicoll_l
0x0046A6F4,149,setenvironmentvariablea.obj,0,___acrt_SetEnvironmentVariableA,__acrt_SetEnvironmentVariableA
0x0046A789,11,msize.obj,0,__msize,_msize
0x0046A794,51,msize.obj,0,__msize_base,_msize_base
0x0046A7C7,105,realloc_base.obj,0,__realloc_base,_realloc_base
0x0046A8B7,170,lcidtoname_downlevel.obj,0,___acrt_DownlevelLCIDToLocaleName,__acrt_DownlevelLCIDToLocaleName
0x0046A961,44,lcidtoname_downlevel.obj,0,___acrt_DownlevelLocaleNameToLCID,__acrt_DownlevelLocaleNameToLCID
0x0046A98D,111,outputdebugstringa.obj,0,___acrt_OutputDebugStringA@4,__acrt_OutputDebugStringA
0x0046AADB,432,getlocaleinfoa.obj,0,___acrt_GetLocaleInfoA,__acrt_GetLocaleInfoA
0x0046AC8B,61,wcsicmp.obj,0,___ascii_wcsicmp,__ascii_wcsicmp
0x0046ACC8,73,wcsicmp.obj,0,__wcsicmp,_wcsicmp
0x0046AD11,184,wcsicmp.obj,0,__wcsicmp_l,_wcsicmp_l
0x0046ADC9,50,fpctrl.obj,0,___clrfp_sse2,__clrfp_sse2
0x0046ADFB,59,fpctrl.obj,0,___ctrlfp_sse2,__ctrlfp_sse2
0x0046AE36,29,fpctrl.obj,0,___fclrf_sse2,__fclrf_sse2
0x0046AE53,28,fpctrl.obj,0,___get_fpsr_sse2,__get_fpsr_sse2
0x0046AE6F,128,fpctrl.obj,0,___set_fpsr_sse2,__set_fpsr_sse2
0x0046AEEF,27,fpctrl.obj,0,___set_statfp_sse2,__set_statfp_sse2
0x0046AF0A,21,fpctrl.obj,0,___statfp_sse2,__statfp_sse2
0x0046AF1F,17,fpctrl.obj,0,__clrfp,_clrfp
0x0046AF30,42,fpctrl.obj,0,__ctrlfp,_ctrlfp
0x0046AF5A,89,fpctrl.obj,0,__set_statfp,_set_statfp
0x0046AFB3,16,fpctrl.obj,0,__statfp,_statfp
0x0046AFC3,25,getstringtypew.obj,0,___acrt_GetStringTypeW,__acrt_GetStringTypeW
0x0046AFDC,423,mbrtoc32.obj,0,?__mbrtoc32_utf8@__crt_mbstring@@YAIPA_UPBDIPAU_Mbstatet@@@Z,__crt_mbstring::__mbrtoc32_utf8
0x0046B183,11,mbrtoc32.obj,0,_mbrtoc32,mbrtoc32
0x0046B18E,29,fegetenv.obj,0,_fegetenv,fegetenv
0x0046B1AB,75,fesetenv.obj,0,_fesetenv,fesetenv
0x0046B1F6,77,feholdexcept.obj,0,_feholdexcept,feholdexcept
0x0046B250,59,log10_impl.obj,0,__CIlog10,_CIlog10
0x0046B28B,213,log10_impl.obj,0,__CIlog10_default,_CIlog10_default
0x0046B360,64,ceil_pentium4.obj,0,_ceil,ceil
0x0046B3A0,221,ceil_pentium4.obj,0,__ceil_pentium4,_ceil_pentium4
0x0046B47D,18,_fenvutils.obj,0,??$__acrt_fenv_shift_bits@W4__acrt_fenv_abstract_control@@@@YA?AW4__acrt_fenv_abstract_control@@W40@0I@Z,__acrt_fenv_shift_bits<enum __acrt_fenv_abstract_control>
0x0046B48F,18,_fenvutils.obj,0,??$__acrt_fenv_shift_bits@W4__acrt_fenv_abstract_status@@@@YA?AW4__acrt_fenv_abstract_status@@W40@0I@Z,__acrt_fenv_shift_bits<enum __acrt_fenv_abstract_status>
0x0046B4A1,24,_fenvutils.obj,0,??$__acrt_fenv_translate_bit@W4__acrt_fenv_abstract_control@@W4__acrt_fenv_machine_sse_control@@@@YA?AW4__acrt_fenv_abstract_control@@W4__acrt_fenv_machine_sse_control@@0W40@1@Z,"__acrt_fenv_translate_bit<enum __acrt_fenv_abstract_control,enum __acrt_fenv_machine_sse_control>"
0x0046B4B9,24,_fenvutils.obj,0,??$__acrt_fenv_translate_bit@W4__acrt_fenv_abstract_control@@W4__acrt_fenv_machine_x87_control@@@@YA?AW4__acrt_fenv_abstract_control@@W4__acrt_fenv_machine_x87_control@@0W40@1@Z,"__acrt_fenv_translate_bit<enum __acrt_fenv_abstract_control,enum __acrt_fenv_machine_x87_control>"
0x0046B4D1,21,_fenvutils.obj,0,??$__acrt_fenv_translate_bit@W4__acrt_fenv_abstract_status@@W4__acrt_fenv_machine_sse_status@@@@YA?AW4__acrt_fenv_abstract_status@@W4__acrt_fenv_machine_sse_status@@0W40@1@Z,"__acrt_fenv_translate_bit<enum __acrt_fenv_abstract_status,enum __acrt_fenv_machine_sse_status>"
0x0046B4E6,21,_fenvutils.obj,0,??$__acrt_fenv_translate_bit@W4__acrt_fenv_abstract_status@@W4__acrt_fenv_machine_x87_status@@@@YA?AW4__acrt_fenv_abstract_status@@W4__acrt_fenv_machine_x87_status@@0W40@1@Z,"__acrt_fenv_translate_bit<enum __acrt_fenv_abstract_status,enum __acrt_fenv_machine_x87_status>"
0x0046B4FB,23,_fenvutils.obj,0,??$__acrt_fenv_translate_bit@W4__acrt_fenv_machine_sse_control@@W4__acrt_fenv_abstract_control@@@@YA?AW4__acrt_fenv_machine_sse_control@@W4__acrt_fenv_abstract_control@@0W40@1@Z,"__acrt_fenv_translate_bit<enum __acrt_fenv_machine_sse_control,enum __acrt_fenv_abstract_control>"
0x0046B512,21,_fenvutils.obj,0,??$__acrt_fenv_translate_bit@W4__acrt_fenv_machine_sse_status@@W4__acrt_fenv_abstract_status@@@@YA?AW4__acrt_fenv_machine_sse_status@@W4__acrt_fenv_abstract_status@@0W40@1@Z,"__acrt_fenv_translate_bit<enum __acrt_fenv_machine_sse_status,enum __acrt_fenv_abstract_status>"
0x0046B527,23,_fenvutils.obj,0,??$__acrt_fenv_translate_bit@W4__acrt_fenv_machine_x87_control@@W4__acrt_fenv_abstract_control@@@@YA?AW4__acrt_fenv_machine_x87_control@@W4__acrt_fenv_abstract_control@@0W40@1@Z,"__acrt_fenv_translate_bit<enum __acrt_fenv_machine_x87_control,enum __acrt_fenv_abstract_control>"
0x0046B53E,21,_fenvutils.obj,0,??$__acrt_fenv_translate_bit@W4__acrt_fenv_machine_x87_status@@W4__acrt_fenv_abstract_status@@@@YA?AW4__acrt_fenv_machine_x87_status@@W4__acrt_fenv_abstract_status@@0W40@1@Z,"__acrt_fenv_translate_bit<enum __acrt_fenv_machine_x87_status,enum __acrt_fenv_abstract_status>"
0x0046B553,18,_fenvutils.obj,0,??$__acrt_fenv_unshift_bits@W4__acrt_fenv_abstract_control@@@@YA?AW4__acrt_fenv_abstract_control@@W40@0I@Z,__acrt_fenv_unshift_bits<enum __acrt_fenv_abstract_control>
0x0046B565,18,_fenvutils.obj,0,??$__acrt_fenv_unshift_bits@W4__acrt_fenv_abstract_status@@@@YA?AW4__acrt_fenv_abstract_status@@W40@0I@Z,__acrt_fenv_unshift_bits<enum __acrt_fenv_abstract_status>
0x0046BA0A,13,_fenvutils.obj,0,??I@YA?AW4__acrt_fenv_abstract_control@@W40@0@Z,operator&
0x0046BA17,13,_fenvutils.obj,0,??I@YA?AW4__acrt_fenv_abstract_status@@W40@0@Z,operator&
0x0046BA24,13,_fenvutils.obj,0,??I@YA?AW4__acrt_fenv_machine_sse_control@@W40@0@Z,operator&
0x0046BA31,13,_fenvutils.obj,0,??I@YA?AW4__acrt_fenv_machine_sse_status@@W40@0@Z,operator&
0x0046BA3E,13,_fenvutils.obj,0,??I@YA?AW4__acrt_fenv_machine_x87_control@@W40@0@Z,operator&
0x0046BA4B,13,_fenvutils.obj,0,??I@YA?AW4__acrt_fenv_machine_x87_status@@W40@0@Z,operator&
0x0046BA58,13,_fenvutils.obj,0,??U@YA?AW4__acrt_fenv_abstract_control@@W40@0@Z,operator|
0x0046BA65,13,_fenvutils.obj,0,??U@YA?AW4__acrt_fenv_abstract_status@@W40@0@Z,operator|
0x0046BA72,13,_fenvutils.obj,0,??U@YA?AW4__acrt_fenv_machine_sse_control@@W40@0@Z,operator|
0x0046BA7F,13,_fenvutils.obj,0,??U@YA?AW4__acrt_fenv_machine_x87_control@@W40@0@Z,operator|
0x0046BA8C,15,_fenvutils.obj,0,??_5@YAAAW4__acrt_fenv_abstract_control@@AAW40@W40@@Z,operator|=
0x0046BA9B,15,_fenvutils.obj,0,??_5@YAAAW4__acrt_fenv_abstract_status@@AAW40@W40@@Z,operator|=
0x0046BAAA,17,_fenvutils.obj,0,??_5@YAAAW4__acrt_fenv_machine_sse_control@@AAW40@W40@@Z,operator|=
0x0046BABB,15,_fenvutils.obj,0,??_5@YAAAW4__acrt_fenv_machine_sse_status@@AAW40@W40@@Z,operator|=
0x0046BACA,17,_fenvutils.obj,0,??_5@YAAAW4__acrt_fenv_machine_x87_control@@AAW40@W40@@Z,operator|=
0x0046BADB,15,_fenvutils.obj,0,??_5@YAAAW4__acrt_fenv_machine_x87_status@@AAW40@W40@@Z,operator|=
0x0046BAEA,29,_fenvutils.obj,0,?__acrt_fenv_shift_abstract_sse_control@@YA?AW4__acrt_fenv_abstract_control@@W41@@Z,__acrt_fenv_shift_abstract_sse_control
0x0046BB07,16,_fenvutils.obj,0,?__acrt_fenv_shift_abstract_sse_status@@YA?AW4__acrt_fenv_abstract_status@@W41@@Z,__acrt_fenv_shift_abstract_sse_status
0x0046BB17,29,_fenvutils.obj,0,?__acrt_fenv_shift_abstract_x87_control@@YA?AW4__acrt_fenv_abstract_control@@W41@@Z,__acrt_fenv_shift_abstract_x87_control
0x0046BB34,16,_fenvutils.obj,0,?__acrt_fenv_shift_abstract_x87_status@@YA?AW4__acrt_fenv_abstract_status@@W41@@Z,__acrt_fenv_shift_abstract_x87_status
0x0046BB44,31,_fenvutils.obj,0,?__acrt_fenv_unshift_abstract_sse_control@@YA?AW4__acrt_fenv_abstract_control@@W41@@Z,__acrt_fenv_unshift_abstract_sse_control
0x0046BB63,16,_fenvutils.obj,0,?__acrt_fenv_unshift_abstract_sse_status@@YA?AW4__acrt_fenv_abstract_status@@W41@@Z,__acrt_fenv_unshift_abstract_sse_status
0x0046BB73,31,_fenvutils.obj,0,?__acrt_fenv_unshift_abstract_x87_control@@YA?AW4__acrt_fenv_abstract_control@@W41@@Z,__acrt_fenv_unshift_abstract_x87_control
0x0046BB92,16,_fenvutils.obj,0,?__acrt_fenv_unshift_abstract_x87_status@@YA?AW4__acrt_fenv_abstract_status@@W41@@Z,__acrt_fenv_unshift_abstract_x87_status
0x0046C101,54,_fenvutils.obj,0,___acrt_fenv_expand_round_control,__acrt_fenv_expand_round_control
0x0046C137,34,_fenvutils.obj,0,___acrt_fenv_get_common_round_control,__acrt_fenv_get_common_round_control
0x0046C159,128,_fenvutils.obj,0,___acrt_fenv_get_control,__acrt_fenv_get_control
0x0046C1D9,26,_fenvutils.obj,0,___acrt_fenv_get_fp_status_word_from_exception_mask,__acrt_fenv_get_fp_status_word_from_exception_mask
0x0046C1F3,184,_fenvutils.obj,0,___acrt_fenv_get_status,__acrt_fenv_get_status
0x0046C2AB,104,_fenvutils.obj,0,___acrt_fenv_set_control,__acrt_fenv_set_control
0x0046C313,247,_fenvutils.obj,0,___acrt_fenv_set_status,__acrt_fenv_set_status
0x0046C79A,11,lseek.obj,0,__lseek,_lseek
0x0046C7A5,11,lseek.obj,0,__lseek_nolock,_lseek_nolock
0x0046C7B0,27,lseek.obj,0,__lseeki64,_lseeki64
0x0046C7CB,27,lseek.obj,0,__lseeki64_nolock,_lseeki64_nolock
0x0046C7E6,92,_getbuf.obj,0,___acrt_stdio_allocate_buffer_nolock,__acrt_stdio_allocate_buffer_nolock
0x0046C842,266,87except.obj,0,__87except,_87except
0x0046CA2D,45,putwch.obj,0,__putwch,_putwch
0x0046CA5A,50,putwch.obj,0,__putwch_nolock,_putwch_nolock
0x0046CFC3,276,read.obj,0,__read,_read
0x0046D0D7,944,read.obj,0,__read_nolock,_read_nolock
0x0046D487,162,towlower.obj,0,__towlower_l,_towlower_l
0x0046D529,19,towlower.obj,0,_towlower,towlower
0x0046D540,97,_strnicm.obj,0,___ascii_strnicmp,__ascii_strnicmp
0x0046D693,77,chsize.obj,0,??0__crt_seek_guard@@QAE@H_J@Z,__crt_seek_guard::__crt_seek_guard
0x0046D6E0,19,chsize.obj,0,??1__crt_seek_guard@@QAE@XZ,__crt_seek_guard::~__crt_seek_guard
0x0046D748,28,chsize.obj,0,__chsize,_chsize
0x0046D764,368,chsize.obj,0,__chsize_nolock,_chsize_nolock
0x0046D8D4,171,chsize.obj,0,__chsize_s,_chsize_s
0x0046D97F,35,umask.obj,0,__umask,_umask
0x0046D9A2,59,umask.obj,0,__umask_s,_umask_s
0x0046D9DD,101,comparestringw.obj,0,___acrt_CompareStringW,__acrt_CompareStringW
0x0046DCCD,70,comparestringa.obj,0,___acrt_CompareStringA,__acrt_CompareStringA
0x0046DEB6,11,mbstowcs.obj,0,__mbstowcs_l,_mbstowcs_l
0x0046DEC1,224,mbstowcs.obj,0,__mbstowcs_s_l,_mbstowcs_s_l
0x0046DFA1,42,mbstowcs.obj,0,_mbstowcs,mbstowcs
0x0046DFCB,32,mbstowcs.obj,0,_mbstowcs_s,mbstowcs_s
0x0046DFF0,644,log10_pentium4.obj,0,__CIlog10_pentium4,_CIlog10_pentium4
0x0046E2A0,13,87tran.obj,0,__fFEXP,_fFEXP
0x0046E3D0,13,87tran.obj,0,__rtforexpinf,_rtforexpinf
0x0046E486,181,ceil.obj,0,__ceil_default,_ceil_default
0x0046E53B,52,fpexcept.obj,0,__errcode,_errcode
0x0046E56F,206,fpexcept.obj,0,__except1,_except1
0x0046E63D,226,fpexcept.obj,0,__except2,_except2
0x0046E745,491,fpexcept.obj,0,__handle_exc,_handle_exc
0x0046E930,13,fpexcept.obj,0,__handle_qnan2,_handle_qnan2
0x0046E93D,35,fpexcept.obj,0,__raise_exc,_raise_exc
0x0046E960,758,fpexcept.obj,0,__raise_exc_ex,_raise_exc_ex
0x0046EC56,35,fpexcept.obj,0,__raise_excf,_raise_excf
0x0046EC79,47,fpexcept.obj,0,__set_errno_from_matherr,_set_errno_from_matherr
0x0046ECA8,160,fpexcept.obj,0,__umatherr,_umatherr
0x0046EDF8,31,initcon.obj,0,___dcrt_lowio_ensure_console_output_initialized,__dcrt_lowio_ensure_console_output_initialized
0x0046EE17,23,initcon.obj,0,___dcrt_terminate_console_output,__dcrt_terminate_console_output
0x0046EE2E,85,initcon.obj,0,___dcrt_write_console,__dcrt_write_console
0x0046EE83,62,lcmapstringw.obj,0,___acrt_LCMapStringW,__acrt_LCMapStringW
0x0046EEC1,104,powhlp.obj,0,__d_inttype,_d_inttype
0x0046EF29,299,powhlp.obj,0,__powhlp,_powhlp
0x0046F054,20,frnd.obj,0,__frnd,_frnd
0x0046F068,47,util.obj,0,__add_exp,_add_exp
0x0046F097,210,util.obj,0,__decomp,_decomp
0x0046F169,24,util.obj,0,__get_exp,_get_exp
0x0046F181,39,util.obj,0,__set_bexp,_set_bexp
0x0046F1A8,45,util.obj,0,__set_exp,_set_exp
0x0046F1D5,94,util.obj,0,__sptype,_sptype
0x0046F233,40,ieeemisc.obj,0,__chgsign,_chgsign
0x0046F25B,33,ieeemisc.obj,0,__chgsignf,_chgsignf
0x0046F27C,35,ieeemisc.obj,0,__copysign,_copysign
0x0046F29F,28,ieeemisc.obj,0,__copysignf,_copysignf
0x0046F2BB,26,ieeemisc.obj,0,__finite,_finite
0x0046F2D5,164,ieeemisc.obj,0,__fpclass,_fpclass
0x0046F379,54,ieeemisc.obj,0,__isnan,_isnan
0x0046F3AF,207,ieeemisc.obj,0,__logb,_logb
0x0046F47E,31,ieeemisc.obj,0,__nextafter,_nextafter
0x0046F49D,26,ieeemisc.obj,0,__scalb,_scalb
0x0046F4B7,498,ldexp.obj,0,_ldexp,ldexp
0x0046F6A9,31,nextafter.obj,0,_nextafter,nextafter
0x0046F6C8,345,nexttoward.obj,0,_nexttoward,nexttoward
0x0046F899,262,_test.obj,0,__d_int,_d_int
0x0046F99F,100,_test.obj,0,__dtest,_dtest
0x0046FA03,205,_test.obj,0,__fd_int,_fd_int
0x0046FAD0,78,_test.obj,0,__fdtest,_fdtest
0x0046FB1E,33,_test.obj,0,__fperrraise,_fperrraise
0x0046FB3F,11,_test.obj,0,__ld_int,_ld_int
0x0046FB4A,11,_test.obj,0,__ldtest,_ldtest
0x0046FB55,15,fegetexceptflag.obj,0,??_4@YAAAW4__acrt_fenv_abstract_status@@AAW40@W40@@Z,operator&=
0x0046FB64,49,fegetexceptflag.obj,0,_fegetexceptflag,fegetexceptflag
0x0046FB95,12,fesetexceptflag.obj,0,??S@YA?AW4__acrt_fenv_abstract_status@@W40@@Z,operator~
0x0046FBA1,89,fesetexceptflag.obj,0,_fesetexceptflag,fesetexceptflag
0x0046FBFA,32,fetestexcept.obj,0,_fetestexcept,fetestexcept
0x0046FC1A,0,,0,_UnhandledExceptionFilter@4,
0x0046FC20,0,,0,_SetUnhandledExceptionFilter@4,
0x0046FC26,0,,0,_GetCurrentProcess@0,
0x0046FC2C,0,,0,_TerminateProcess@8,
0x0046FC32,0,,0,_IsProcessorFeaturePresent@4,
0x0046FC38,0,,0,_IsDebuggerPresent@0,
0x0046FC3E,0,,0,_GetStartupInfoW@4,
0x0046FC44,0,,0,_GetModuleHandleW@4,
0x0046FC4A,0,,0,_QueryPerformanceCounter@4,
0x0046FC50,0,,0,_GetCurrentProcessId@0,
0x0046FC56,0,,0,_GetCurrentThreadId@0,
0x0046FC5C,0,,0,_GetSystemTimeAsFileTime@4,
0x0046FC62,0,,0,_InitializeSListHead@4,
0x0046FC68,0,,0,_RtlUnwind@16,
0x0046FC6E,0,,0,_RaiseException@16,
0x0046FC74,0,,0,_InterlockedPushEntrySList@8,
0x0046FC7A,0,,0,_InterlockedFlushSList@4,
0x0046FC80,0,,0,_SetLastError@4,
0x0046FC86,0,,0,_EncodePointer@4,
0x0046FC8C,0,,0,_EnterCriticalSection@4,
0x0046FC92,0,,0,_LeaveCriticalSection@4,
0x0046FC98,0,,0,_DeleteCriticalSection@4,
0x0046FC9E,0,,0,_InitializeCriticalSectionAndSpinCount@8,
0x0046FCA4,0,,0,_TlsAlloc@0,
0x0046FCAA,0,,0,_TlsGetValue@4,
0x0046FCB0,0,,0,_TlsSetValue@8,
0x0046FCB6,0,,0,_TlsFree@4,
0x0046FCBC,0,,0,_FreeLibrary@4,
0x0046FCC2,0,,0,_GetProcAddress@8,
0x0046FCC8,0,,0,_LoadLibraryExW@12,
0x0046FCCE,0,,0,_ExitProcess@4,
0x0046FCD4,0,,0,_GetModuleHandleExW@12,
0x0046FCDA,0,,0,_GetModuleFileNameW@12,
0x0046FCE0,0,,0,_GetStdHandle@4,
0x0046FCE6,0,,0,_WriteFile@20,
0x0046FCEC,0,,0,_HeapFree@12,
0x0046FCF2,0,,0,_HeapAlloc@12,
0x0046FCF8,0,,0,_GetCurrentThread@0,
0x0046FCFE,0,,0,_GetFileType@4,
0x0046FD04,0,,0,_FindClose@4,
0x0046FD0A,0,,0,_FindFirstFileExW@24,
0x0046FD10,0,,0,_FindNextFileW@8,
0x0046FD16,0,,0,_IsValidCodePage@4,
0x0046FD1C,0,,0,_GetACP@0,
0x0046FD22,0,,0,_GetOEMCP@0,
0x0046FD28,0,,0,_GetCPInfo@8,
0x0046FD2E,0,,0,_GetCommandLineA@0,
0x0046FD34,0,,0,_GetCommandLineW@0,
0x0046FD3A,0,,0,_MultiByteToWideChar@24,
0x0046FD40,0,,0,_WideCharToMultiByte@32,
0x0046FD46,0,,0,_GetEnvironmentStringsW@0,
0x0046FD4C,0,,0,_FreeEnvironmentStringsW@4,
0x0046FD52,0,,0,_SetEnvironmentVariableW@8,
0x0046FD58,0,,0,_GetDateFormatW@24,
0x0046FD5E,0,,0,_GetTimeFormatW@24,
0x0046FD64,0,,0,_CompareStringW@24,
0x0046FD6A,0,,0,_LCMapStringW@24,
0x0046FD70,0,,0,_GetLocaleInfoW@16,
0x0046FD76,0,,0,_IsValidLocale@8,
0x0046FD7C,0,,0,_GetUserDefaultLCID@0,
0x0046FD82,0,,0,_EnumSystemLocalesW@8,
0x0046FD88,0,,0,_GetProcessHeap@0,
0x0046FD8E,0,,0,_SetConsoleCtrlHandler@8,
0x0046FD94,0,,0,_OutputDebugStringW@4,
0x0046FD9A,0,,0,_SetStdHandle@8,
0x0046FDA0,0,,0,_GetStringTypeW@16,
0x0046FDA6,0,,0,_GetFileSizeEx@8,
0x0046FDAC,0,,0,_SetFilePointerEx@20,
0x0046FDB2,0,,0,_DecodePointer@4,
0x0046FDB8,0,,0,_FlushFileBuffers@4,
0x0046FDBE,0,,0,_GetConsoleOutputCP@0,
0x0046FDC4,0,,0,_GetConsoleMode@8,
0x0046FDCA,0,,0,_CreateFileW@28,
0x0046FDD0,0,,0,_HeapSize@12,
0x0046FDD6,0,,0,_HeapReAlloc@16,
0x0046FDDC,0,,0,_ReadFile@20,
0x0046FDE2,0,,0,_ReadConsoleW@20,
0x0046FDE8,0,,0,_SetEndOfFile@4,
0x0046FDEE,0,,0,_WriteConsoleW@20,
0x0046FE00,67,pesect.obj,0,__FindPESection,_FindPESection
0x0046FE50,186,pesect.obj,0,__IsNonwritableInCurrentImage,_IsNonwritableInCurrentImage
0x0046FF10,51,pesect.obj,0,__ValidateImageBase,_ValidateImageBase
0x0046FF43,20,ehprolg3.obj,0,__EH_epilog3,_EH_epilog3
0x0046FF57,15,ehprolg3.obj,0,__EH_epilog3_GS,_EH_epilog3_GS
0x0046FF66,15,ehprolg3.obj,0,__EH_epilog3_catch_GS,_EH_epilog3_catch_GS
0x0046FF75,51,ehprolg3.obj,0,__EH_prolog3,_EH_prolog3
0x0046FFA8,54,ehprolg3.obj,0,__EH_prolog3_GS,_EH_prolog3_GS
0x0046FFDE,54,ehprolg3.obj,0,__EH_prolog3_catch,_EH_prolog3_catch
0x00470014,57,ehprolg3.obj,0,__EH_prolog3_catch_GS,_EH_prolog3_catch_GS
0x00470050,149,ulldvrm.obj,0,__aulldvrm,_aulldvrm
0x004700F0,44,alloca16.obj,0,__alloca_probe_16,_alloca_probe_16
0x00470120,52,llmul.obj,0,__allmul,_allmul
0x00470160,223,lldvrm.obj,0,__alldvrm,_alldvrm
0x00470240,31,llshl.obj,0,__allshl,_allshl
0x00470260,31,ullshr.obj,0,__aullshr,_aullshr
0x00470280,5,ftol2.obj,0,__ftol2_sse_excpt,_ftol2_sse_excpt
0x00470290,5,ftol2.obj,0,__ftol2_sse,_ftol2_sse
0x004702A0,124,ftol2.obj,0,__ftoi2,_ftoi2
0x00470320,162,ftol2.obj,0,__ftoui2,_ftoui2
0x004703D0,171,ftol2.obj,0,__ftol2,_ftol2
0x00470480,185,ftol2.obj,0,__ftoul2,_ftoul2
0x00470540,43,chkstk.obj,0,__alloca_probe,_chkstk
0x00470540,43,chkstk.obj,0,__chkstk,_chkstk
0x00470570,311,strrchr.obj,0,_strrchr,strrchr
0x004706A7,199,wcschr.obj,0,_wcschr,wcschr
0x0047076E,120,x86_exception_filter.obj,0,__filter_x86_sse2_floating_point_exception,_filter_x86_sse2_floating_point_exception_default
0x0047076E,120,x86_exception_filter.obj,0,__filter_x86_sse2_floating_point_exception_default,_filter_x86_sse2_floating_point_exception_default
